     977      877     1717     1718
     761     1532     1541      762
    1648     1639      790      890
      61       62     1046       52
    1018      119       19     1009
    1168      216     1167      316
      69       68     1053     1062
     663     1534     1453      664
     525      524     1337     1418
    1465      567      667     1456
    1247      404     1246      304
    1171     1252      319      309
    1067      185     1068       85
     111     1010       21      121
     175     1068     1067      185
    1586      822      722     1587
     838     1682     1683      848
    1127      252      251     1118
     572     1470     1461      573
     518      418     1332     1331
     905      904      914     1652
    1452     1533      652      653
     612     1406      512     1407
    1163      201     1082      202
    1581     1582      726      826
    1444      644     1435      544
     934     1679     1670      834
    1010      121     1019       21
    1529     1530      648      658
     361      261     1208      351
     264     1130      254     1129
     821     1667      921     1658
    1037      142     1028       42
     761     1532      762     1613
     269     1134     1135      259
    1719      978     1718      878
    1612     1531      759      760
     693     1480      694     1561
     651     1523     1532      751
     243     1192      244     1201
    1182     1263      333      332
     889     1719     1638      879
    1395      589     1476      579
    1708      867     1699      866
     757      756     1528     1609
    1512      729      629     1513
    1178     1187      228      227
    1547      768      767     1538
      40     1036       39     1027
    1677      833     1678      933
     262     1217      362     1218
    1581      716     1582      816
     424     1337      425     1346
     751      752     1613     1604
    1630      880      870      780
     713     1489     1488      613
     789      889     1638     1639
     804      803     1651     1570
    1101     1102      233      223
     675     1472     1463      674
     775      774     1634     1553
    1381      564     1462      563
     254      253     1120     1201
     978     1710      968     1709
     747      647     1520     1519
     585     1401     1400      595
    1010       21     1019       22
     612     1416      613     1407
    1461     1462      673      663
     227     1106     1097      127
    1086      115      105     1085
    1110      132     1101      232
    1336      514      414     1337
     869     1702     1621      870
     448     1358     1367      447
     677      577     1474     1475
    1365      555      455     1364
     710      810     1576      809
    1192      343     1201      243
     541     1352     1433      531
    1655      807     1654      817
     274      273     1228     1147
     979      969     1711      970
     966      957     1699      967
    1110     1029      143      133
     614     1417      514     1408
      22     1020     1011       23
     196      186     1078     1159
    1409      614      514     1408
    1580     1661      825      824
    1681      947     1690      946
     667     1538      767     1537
     611      601     1406     1487
    1451      652     1452      662
     277      287     1151     1150
    1580      725     1581      715
     330      320     1180      230
     145     1121      144     1112
     816     1653     1662      815
     319     1261     1260      419
    1407      613     1488      603
     112     1011      122     1092
     825      826     1662     1581
     534      535     1355     1436
     222     1092      122     1101
     520     1414     1423      519
     708      807      808     1574
     679     1467      579     1468
     918      928      919     1665
     777     1628     1627      767
    1160      188     1151      187
     943     1677     1678      933
     545     1445     1364      544
    1191     1182      233      333
    1010     1019      121      122
     281     1154      291     1235
     652     1443     1524      642
    1161      188      198     1080
     422     1343      421     1334
    1454      654      664     1453
     196     1158      186     1159
    1209     1200      253      353
    1263      323     1182      333
     777     1547     1628      767
      37      137     1025     1034
    1580      825      815     1581
     522     1415     1334      512
    1263      323      322     1182
    1355     1364      445      444
     180     1153     1072      179
    1021      123       23     1012
    1093      213      113     1084
     535     1346     1355      435
    1627      767     1618      766
     124     1102      134     1021
     324     1255      314     1256
     413     1336      414     1255
     863     1615      853     1614
    1030      134      133     1021
      81       72       82     1064
    1622      762      862     1613
    1118      142     1109      141
    1047     1046       62       52
     301      201      211     1163
      44     1031     1030       34
    1335      413      513     1326
    1092     1083      212      112
    1145      281      282     1154
     517     1412     1411      507
     114     1085     1004      115
    1412      607     1411      507
    1336      514     1327      414
      68     1052       58     1053
    1300      364     1291      363
     284      283     1156     1147
     244      245     1193     1112
     653     1453     1534      654
    1330     1339      416      516
     242     1109     1110      232
    1154      192      291      292
     890     1720      880      980
     582     1397     1398      482
    1335      512     1326      513
     564     1463      574     1462
    1103     1184      225      235
     632     1506     1505      622
      64       54       55     1049
    1301     1220      364      374
    1001      111     1010       11
    1123     1042      146      156
    1192     1273      343      333
     505      605     1409      604
    1172     1173      222      322
     345      245     1193     1202
     746      747     1609     1600
    1421     1420      517      617
     468     1296      469     1377
     295     1157      294      195
    1146      272     1227      282
    1103     1094      124      125
    1276      347     1277      337
     827     1582     1663      826
      66     1051     1060      166
     161     1055     1136      162
    1334      511     1325      512
    1301      375      365     1220
     756      746     1527     1528
    1184     1265      334      324
     224     1175      214     1094
    1598      734     1517      735
     224      324     1175     1184
     825     1661     1670      824
     508      607     1412      507
    1022      124      134     1021
    1246      404      414     1327
    1316      392      492     1317
    1164      303      302      203
     314     1256     1247      315
     370     1297     1306      369
    1265      424     1346      434
     771      681      781     1550
     324     1174     1183      224
    1728      998      989      999
    1625     1626      775      875
    1410     1491      615      605
    1589      825     1580      725
     514     1328      414     1337
     279     1152     1143      278
     707      806      807     1573
     870     1702      970     1711
      32     1020       23       33
     153     1119      143     1120
     819     1665      919     1666
     244      344     1192     1193
     244      254     1120     1201
     653     1444      654     1525
      12       11        2     1001
     544      543     1363     1354
     213     1092      212     1173
     332      331     1190     1181
     617      607     1411     1412
     213     1164      203     1165
     432     1263     1272      433
     694     1561      794      793
    1478     1397      591      592
    1204      257      256     1213
     413      414     1246     1255
    1584     1585      729      829
    1488     1487      702      712
    1096      126      116     1095
      13     1002       12        3
     495      485     1400     1319
    1271     1190      332      331
     165     1050       65     1059
     512      502     1326     1407
     214      215     1085     1094
    1657      819      919     1666
     821     1658      921      911
    1382      464     1381      474
    1407     1408      613      603
     413     1327     1246      414
     724     1499      725     1580
    1586      732     1595      832
      22      122     1010     1011
    1001     1010       12       11
    1100     1101      222      122
     101      111     1001       11
     133      233     1110     1101
    1021     1012       23       24
    1145      181      271      281
    1681      937      946      936
    1415      511      512     1406
    1595      741      841     1604
    1598     1599      835      735
     851      852     1685     1604
     612     1496      712     1497
    1174     1165      213      214
     213     1093      223     1174
    1416      612      622     1415
    1496     1497      722      712
     512     1325      502     1406
     642     1514     1515      742
    1262     1343      431      421
     424     1337      414     1256
      52     1037       42     1038
    1661     1670      925      825
     751      752     1604     1523
     421     1253      422     1334
     115     1004     1013       15
     213     1093     1174      214
      24     1013       15       25
    1093      214     1084      114
     931     1676      932     1667
    1613      852      862     1694
    1104      136     1105      126
     424     1256     1265      425
     514     1327     1328      504
     421      321      331     1262
     424     1345     1346      434
    1577      812      712     1578
    1344      522     1343      422
     535     1346      435     1347
    1541      662     1460      672
     612     1496     1497      622
    1598      734      744     1517
    1496      612      611     1415
    1224     1233      279      278
     703     1489      704      604
    1419     1410      616      615
     321     1181      331     1262
     143       43     1039     1030
     356     1293      366     1212
    1326      503     1327      513
    1570     1489      704      703
     761     1613      861      851
    1407      602      503      603
    1364      455      445     1283
    1553      684     1552      784
     532      533     1353     1434
     803      703     1570      704
    1720      989      980      990
     187      186     1078     1069
     140     1027      130     1108
    1574     1583      817      818
    1690      957     1699      956
    1586     1667      831      821
    1417      624     1498      614
     394     1238      294      295
     921     1667      931      922
    1480      684     1481      694
     373      363     1219     1300
    1184      325      225     1185
    1353      432     1272      433
     356     1294     1213      366
     613     1408      614     1489
     831     1676      841      931
    1010      121     1091      122
     132     1020       32     1029
    1287      359      349     1206
     815     1652      915     1661
     530     1423      529     1342
    1686      842      843     1677
    1695      863      853     1614
     388     1314      378     1233
     972     1713     1712      982
     804     1652      805     1571
    1709     1718      978      878
    1343      521      421     1334
     552     1443      553     1452
     804      803     1570      704
    1501     1492      616      617
      79     1071       89       88
    1612      760      759     1621
    1486     1567      689      690
    1643     1644      785      795
     531      541      631     1433
     654      754     1534     1525
     744     1516      743     1525
    1596      733      833     1587
    1596     1587      732      733
    1609      747      847     1600
     408      507      508     1331
     919     1665      929     1666
     943     1678      934      933
     962     1694     1695      952
     447     1366      446     1357
    1685      941      851      841
     921     1667      922     1658
    1089      119      219     1090
    1364     1363      454      444
     520      620     1414      610
    1435      634     1426      534
    1566      788      688     1557
     866     1698     1699      966
    1272      443     1273      343
    1035     1026      138       38
     153     1120      143     1039
    1551     1552      683      783
    1507      624     1508      724
    1103      224      124     1094
     481     1316      381      391
    1370      561     1451      562
    1668      932      922      923
     931     1667      932      922
     842     1604      841     1685
     335     1193      334     1274
    1242      389     1233      289
     943      952      953     1686
    1126      159      160     1045
     282     1236     1235      382
      42     1029       32       33
     453     1363     1372      553
    1211     1292      364      354
     774     1543      674     1544
    1389      572      472     1380
     463     1381      473     1380
     963     1696     1705      964
    1676      842      832     1595
     199      298      198     1161
    1507      624      634     1508
     415     1337     1328      515
     276     1140     1141      266
    1192     1191      343      243
     606     1491     1410      605
     843     1596     1605      743
     641      642     1442     1523
     721      711      621     1496
    1725     1724      995      895
     435     1275     1266      335
     348     1206     1205      358
    1517     1436      645      635
     800     1648      790      890
    1539      669     1458      668
     605     1410      505     1409
    1286      457      357     1285
     749     1603     1522      750
    1277      338     1196      348
     899     1648     1729      889
     450      440     1360     1279
    1149     1150      286      276
    1527      746      646     1528
    1267     1276      337      336
    1312      387      377     1231
    1303     1304      377      477
     877     1718      977     1709
     879     1710      869     1711
    1545     1544      765      775
    1274     1275      435      335
    1290      353      363     1291
     845      745     1599     1598
    1462     1471      574      573
     421      511     1334      521
    1723     1722      883      983
    1361      551      552     1370
    1148      284      184     1147
    1523      652     1524      642
    1643     1562      784      794
    1658      922      921      912
     721     1577      711     1496
     662      672     1542     1461
     823     1668     1659      923
    1595      731      831      741
    1668      922     1659      923
     135     1104      235     1103
    1686      852      842     1685
     327     1186      337     1187
      14     1004     1003        4
    1676      831      841     1595
     682     1551      672     1470
     551      561     1451     1370
    1470     1551      672      673
     435      335     1265     1274
    1622     1623      862      762
    1532     1533      662      762
    1268      337      338     1187
    1586      731      831     1595
    1693      949     1692      849
     572      672     1461     1470
    1302      366      376     1303
     817     1654      917     1663
    1061      167      168     1142
     884     1633      883     1642
    1606      854     1607      754
     188       88     1071     1070
     423     1344     1263      422
     873     1632      872     1713
     774     1553     1552      784
    1353      442      443     1272
     373     1219     1228      374
    1123      156      256     1132
     744     1526      644     1525
    1704      863     1623      873
     256      266     1131     1212
    1082      211      111      201
     444      445     1274     1283
    1224     1215      369      368
     564     1463     1382      574
    1031      135      134     1022
     632     1433      642     1434
    1607     1526      754      755
    1625      774      874     1634
    1272     1263      432      332
    1022      125     1013       25
    1303      377     1312      477
    1388      581     1397      481
     462     1371     1290      463
    1118      241     1109      242
      11        1        2     1001
    1391      575     1392      585
    1626     1627      766      776
    1714      874      974     1705
    1146     1065      182      183
     863      763     1623     1624
    1623     1614      763      863
     862      863     1623     1704
     582     1469     1470      682
     552      542     1443     1442
    1372      564     1381      563
     653     1444     1453      654
    1280      341      342     1271
     106     1086      105      205
     392     1317      393      492
     282     1235     1226      382
    1157     1238      294      284
     651      751     1532      661
     453      463     1372     1291
    1074       82     1073       92
     584     1400      484     1399
    1063      179     1072       79
    1447      557      556     1456
     687     1555      686     1474
     151     1037     1046      152
    1352     1271      441      442
     371     1307     1226      381
     483     1318      493     1399
     133     1102      233     1101
     979      970     1711      980
    1461      673      672     1542
    1315     1324      490      390
    1031       35     1022       34
    1012       13     1011       23
    1028       32       42     1029
     342      242     1191     1190
    1336      414     1255      424
     411      311      321     1253
     662     1542     1541      762
    1308      382     1307      482
     143     1120     1111      144
     751     1523     1604      741
    1353     1272      443      433
    1613      862     1622      861
    1613      862      861     1694
     874      864     1706     1705
     761     1622      861     1613
     323     1254      313     1255
    1120     1111      243      143
     396     1239      296     1240
     464     1373     1372      454
    1012       24     1013       14
    1219      364     1210      264
     153     1038      143     1119
    1337      514     1328      515
     232     1100      231     1109
    1516      643     1525      644
    1301      375      374     1310
      43     1029       33     1030
    1192      344     1201      343
      91     1073      191      181
     335      334     1265     1274
      13       14     1003        4
     244     1202     1201      344
     304     1247     1166      314
     343     1281      342     1272
     141      241     1109     1118
     116       16     1014     1015
     443     1272     1273      433
     633     1506      632     1425
     724     1508      725     1499
    1237     1238      394      384
     474      464     1381     1300
     183     1066       83     1075
     244     1202      344     1193
    1346      435     1265      434
    1355      445     1274      444
     822     1587     1668      823
     995     1724      994      895
    1039       54     1040       44
     422      322     1263     1254
    1274      345     1193      344
     513     1408     1417      613
    1122      255      245     1203
      72     1055      172     1064
    1211     1212      365      355
     584     1400     1399      594
     354     1283      454     1282
    1168      316     1249      317
    1029      133     1020       33
     294     1238     1237      284
     363      364     1291     1210
     363      353     1210     1291
    1266      335     1265      435
     263     1138      264     1129
     118     1016      128     1017
     382     1317     1316      482
     309     1251      408      409
    1553      675      674     1472
    1553      774     1634      784
    1239     1158      295      296
    1141     1140      176      166
    1472      574     1463      674
    1215      268      258     1214
     772     1550      782     1551
     478     1386      578     1385
     207     1168      206      306
     142      132     1109     1028
     142      132     1110     1109
    1201     1192      244      344
     334     1264     1273      333
    1031      134     1030       34
     143     1111     1030      144
    1097     1178      217      218
    1291      364      354     1210
    1307      482      481     1388
    1232     1313      387      377
    1143      268      269     1224
     204      214     1166     1085
     119     1018     1099      120
     645     1526      655     1445
    1524     1533      753      653
     245      255     1202     1203
     584      574     1472     1471
     875     1625     1626      865
    1300     1219      374      364
    1130      264     1211      265
     379     1305     1224      369
    1201     1202      354      344
    1612     1603      749      750
     383     1228     1237      384
    1143      268     1224      278
    1390      584     1399      583
    1534      664     1543      764
    1047     1046       52      152
    1141      166      176     1060
      33     1020       23     1021
     354     1202     1283      344
     334      434     1274     1273
    1228      273      283     1147
    1130      155      255     1121
     555      655     1454     1445
    1454      664      564     1453
      76     1069     1068      176
    1122     1121      245      255
     478     1385      468     1386
     147      157     1123     1124
    1463     1544      665      675
    1594      729      739     1513
     157      257     1123     1124
     554     1454      564     1453
    1333      410      409     1252
     547      447     1366     1367
     299     1242      289     1243
     457      467     1376     1295
     623     1497      723     1506
    1079       97       98       88
     274     1148     1147      284
     296     1158      295      196
    1472      574      674     1471
     256      266     1212     1213
    1285      446     1284      346
     356     1293     1212      355
    1058      175       75     1067
     246     1123      247     1114
    1701     1710      969      869
     428      528     1350     1349
    1149      286      285     1230
    1112     1121      245      145
    1320     1239      385      395
    1486      590      600      690
    1031     1112      144      134
     282     1155      292     1236
     144      244     1111     1112
     244     1121      144     1120
     273     1138     1137      173
     144     1112     1111      134
      72       71     1055     1064
    1364     1365      445      455
     334      344     1273     1274
    1058      164      165     1139
     285     1157     1148      284
     244     1202     1193      245
    1050     1131      166      165
    1114      246     1113      236
     126     1104      125     1095
      72     1055       62     1056
    1145      272     1146      282
    1199      352     1208      351
    1022     1021      134       34
     334      333     1273     1192
     269      268     1215     1224
    1058       64       65     1049
    1146      282     1227      283
     480     1306      479     1315
     540     1441      539     1432
    1467      578     1386      568
     178     1151      177     1142
    1227      282     1226      382
    1470      672     1461      673
     154      155     1040     1049
    1004      104     1003        4
      14     1013     1004       15
    1104      225      125     1095
    1135      169     1054      159
     643      653     1525     1444
     564     1454     1463      664
     395     1239      295      296
     584      594     1399     1480
     573     1471      574     1390
    1237      293      393      294
    1301     1382      475      474
    1283     1202      345      344
    1116      248      148     1115
     603      503     1408      504
      79     1062       78       69
    1061      178     1062       78
    1050       66      166     1051
     155      145     1040     1041
    1620      769     1539      768
     678     1466     1475      578
      68     1061     1062       78
     888     1727      988     1728
    1071     1152      178      179
      68       58     1052       67
     760     1612     1531      750
     198     1079     1080      188
     212      213     1173     1164
    1470      573     1389      583
    1395      488      489     1314
     236     1113      235     1194
    1144     1153      180      179
     168     1062      178     1143
    1646      787      788     1637
      69     1062       78       68
    1070       77     1061      177
    1297      360      460     1288
    1231      386      387     1240
      73     1066       74       83
     116      126     1014     1095
    1053     1052       58      158
    1063     1144      179      169
     350      250     1198     1207
     896     1644      895      796
     984     1714     1723      884
     297     1241      287     1160
    1305     1314      479      379
     270      269     1225     1144
    1161      188      189     1152
    1288     1279      450      449
    1241     1242      288      298
    1516     1517      744      734
    1079       97       88       87
    1225     1216      369      269
    1061       68     1052       67
     788     1638      789     1647
     589     1405     1404      599
    1243     1234      389      289
    1540      759     1621      769
     888     1646      898     1647
    1161     1160      198      188
     260      259     1207     1216
     778     1629     1548      779
    1124      258     1125      158
     970      980      880     1711
     788      789     1566     1647
    1134      259     1215      258
     886     1726     1725      986
     269     1144     1135      169
    1480      583      593     1399
    1233      389      379     1234
     275     1230      285     1229
    1716      886     1725      986
    1360      540      539     1351
    1437      546     1438      536
    1485      689     1476      589
    1050      166     1059      165
     397     1322      398      497
    1569     1568      802      812
     174     1138     1147      173
     790     1639     1648      789
    1719      879      878     1638
    1382      465      464     1301
     110     1090     1009      109
    1304     1313      377      477
    1647      899      898     1728
     273      272     1227     1146
    1386      579     1467      569
    1633      873      773     1624
     963     1696      954      953
     890     1720      980      990
     459     1296      469     1297
    1239      286      386     1230
     859     1612      849     1611
    1549     1558      779      780
    1162      300      299     1243
    1486     1567      690      700
    1381      573      574     1390
     386     1240      396     1321
     285     1230      385     1229
    1125      258      259     1134
    1563      686     1564      786
     767     1537     1618      766
    1372     1381      464      463
    1373      554      454     1364
    1461      663      673     1542
    1518     1437      646      636
    1699     1698      866      856
    1699      866     1618      856
    1401      486     1320      496
     370     1216     1297      369
    1395      489     1404      589
     955     1688      855     1689
    1589      835     1670      825
     979     1710     1719      879
    1624      763     1543      764
    1052      157      158     1133
      90       80     1072       89
    1562      684      694     1481
    1072       79     1071       89
     880     1720     1711      980
     987      887     1727     1718
    1000      999      900     1729
     868      768     1629     1620
    1727      888      898     1728
     376     1312      377     1231
     675     1545     1464      676
     462      463     1290     1299
     819      818     1665     1584
     474     1391      484     1390
    1707      965      966      975
     689     1477      589     1486
     189     1081      199     1162
    1707      965      975     1706
    1725     1724      895      885
    1725     1644      895      896
     859      860     1612     1621
    1709      868     1700      867
    1606      753     1615      754
    1622      872     1703      862
     876      877     1708     1627
     861     1703      961     1694
    1385     1304      478      468
     129     1027     1108      130
     534     1346     1355      535
    1463      665     1464      675
    1589      725     1580      724
    1313      487      387     1312
    1548     1557      678      778
    1689     1698      855      955
     988      978     1718     1719
     160     1135      260      170
    1454      665     1463      664
     755     1526      655     1527
    1534     1543      763      764
    1630     1629      779      769
    1391     1472      575      585
    1472      684     1481      584
     824     1589     1670      825
     846     1609      847     1600
     746     1609      846     1600
    1268      327      337     1187
    1538      757      657     1529
     765     1535     1536      755
    1322      387     1321      397
     564      664     1463     1462
    1518      636     1519      736
     716      616     1500     1501
     815     1652     1661      814
     350      450     1288     1279
     524      624     1427     1426
    1557      678     1476      679
    1381     1462      574      573
     840     1675      839     1594
     258     1214     1205      358
     536      535     1347     1428
     953     1687      944      943
    1673      938      838     1682
    1427      624      524     1418
    1700     1701      968      958
     868     1619     1620      858
    1546     1627      767      777
     869     1702      870     1711
     573     1462      563     1381
     357      457     1295     1294
    1149      176     1150      276
     648     1530     1449      658
    1412     1331      508      507
     686      696     1483     1482
    1634     1635      775      785
     665     1545      666     1464
    1502     1511      628      627
    1301      465      365     1302
     796     1564     1563      696
    1432      629     1431      529
    1052     1133      158      168
     399      400     1324     1243
     499      399     1324     1323
     359     1215      369     1216
    1603     1594      739      740
     714     1580      814     1571
    1306      470      469     1297
    1612      749     1531      750
     967     1709      968     1700
     699     1567     1566      689
    1304      368      367     1223
     866      867     1699     1618
     832     1596      833     1587
     754     1616     1535      764
    1588     1589      834      824
     540      640     1441     1432
     719     1494     1495      709
     926     1662      826     1663
     724     1498      714     1579
    1681      936      836     1672
    1386      468      469     1377
    1340      518     1421      517
     369     1305     1306      379
     499      498      399     1323
    1015       26       27       17
    1487     1406      612      602
    1652      815      805     1571
    1573      817      816     1654
     755      655     1536     1527
     754     1534     1525      753
     539     1351      529     1350
     175      174     1067     1058
     790     1558     1639      789
     627     1510     1511      637
    1455      555      655     1454
    1498      614     1499      714
    1589      735     1598      835
    1490      614      615     1409
     934     1678      944     1679
    1537     1528      657      757
    1567     1558      790      789
     515      514     1328     1409
     524     1427      534     1426
    1150      186      286     1159
     210     1171      220     1090
     151       51     1046     1037
    1413     1412      608      618
     550     1441     1450      549
    1296      469     1305      468
     478     1386      468     1305
     518     1332      508     1331
    1089      119     1098      219
     290      300     1162     1243
    1125      248     1124      148
     587     1475      577     1394
     637      636     1510     1519
    1339      427     1348      527
     115     1085     1004      105
      80     1063     1072       79
     530      529     1432     1351
    1305     1386      468      469
     587     1475     1474      577
      70     1054     1063       69
     490     1405     1324      489
    1071      188      178     1152
    1495     1576      720      719
    1489     1408      614      604
    1279      439     1278      339
    1419     1410      516      616
    1449     1440      648      548
    1449     1368      549      548
    1177     1176      216      316
     517     1331     1412      507
    1693     1702      960      860
     825     1662      815     1581
    1351      429     1342      529
    1674     1683      939      839
     875      876     1635     1716
     826      825     1590     1581
    1506     1497      723      722
     924      923     1669     1660
     707     1492     1493      607
     443      543     1363     1362
     835     1599     1590      735
    1432      640      630      540
     730     1594      729     1585
     938     1683      838     1682
     850     1612     1693      860
    1493      717      707     1574
    1432      639      539     1431
     748      749     1521     1530
    1531     1522      650      750
    1549     1540      770      769
    1711      880      870     1630
     900      999      899     1729
     788      888     1638     1647
     769      669     1540     1539
    1669      834      833     1678
    1680     1599      846      836
     934     1679      834     1678
     704     1570     1571      714
     634     1436      644     1517
     706     1492      607      606
     827     1673      828     1592
     182     1073     1154      192
     436      336     1267     1266
     625     1499     1418      615
     539     1360      549     1441
     825     1662     1671      925
    1330      517      417     1339
    1494      609      608     1413
     640     1513     1522      639
     218     1178      217     1169
     448     1277     1286      348
    1342     1333      519      419
    1257     1256      415      425
    1674      839     1593      838
    1684      940      939     1675
    1656      918      919     1665
    1331      418     1332      408
     442     1352     1271      432
    1118     1037      142      141
    1205      258     1206      248
    1512      639      638     1521
     540     1360     1441      550
     529     1423      519     1342
     349     1206      359     1207
    1270      329      339     1189
     229     1107     1108      129
     640      639     1522     1441
    1441     1522      649      639
    1216     1215      369      269
    1432     1513      630      640
     635     1509      636     1518
     327     1268     1267      427
    1359     1350      539      538
    1198      349     1207      249
      15     1004        5     1005
    1681     1672      836      837
     488     1322      498     1323
    1260     1251      419      418
     218     1170     1169      208
    1337     1256      424      425
     539      529     1431     1350
     619      719     1504     1503
     244     1111      243     1120
     729     1503     1504      719
    1196      248      238     1115
     460     1288      450     1369
     146      136     1113     1032
    1001      102      112     1082
    1293     1284      455      355
    1590      825      725     1581
     258     1215      358     1206
     309     1252      409      310
    1421     1502      628      627
     106      116     1086     1087
    1335      422      423     1254
    1135      269      259     1216
    1411      516      517     1330
     223     1092      213     1173
     179     1144     1143      169
    1151      188     1070      187
    1374      455      555     1373
    1246      304      303     1165
     539     1432      529     1351
     136     1104     1113      135
    1427      525     1428      625
     523      513     1417     1416
    1143     1134      268      168
     539     1432     1431      529
     460     1378      470     1297
     330      329     1261     1270
    1608     1609      856      846
     279      379     1233     1224
    1385      467      477     1304
    1286     1205      348      347
    1547      768     1628      767
    1304      367      377     1223
     457      458     1295     1376
    1198     1189      239      240
     358     1215     1296      359
     389     1314     1315      489
     255     1212     1131      265
    1039      154      144     1040
     124      114     1013     1094
    1041     1042       56      156
    1089     1170      218      208
      24     1021     1022       34
     617     1421     1412      517
    1165      303      203      204
    1190      231      232     1181
     645     1518      646     1527
     131     1028      141     1109
     640      540     1441      550
    1283      345     1274      344
    1282     1283      454      444
    1498     1507      623      723
     257     1133      157     1132
     405      415     1329     1248
    1506     1507      733      723
     535     1346     1347      525
     447      446     1276     1357
     211      221     1091      121
    1166      205      215     1167
     314     1247     1166      315
     315      415     1248     1257
    1267     1276      437      337
     226     1186      326     1177
    1170      308      208      209
     438     1268      338     1269
     550     1369      450     1360
     213     1083      212     1092
    1023     1024       36      136
      63       54       64     1048
     254     1202     1121      255
      63       73       72     1056
     206     1086      205     1167
     142     1029      143     1110
     419     1333      409     1252
    1331     1332      508      408
    1197     1278      338      339
     307      308      208     1169
    1179     1180      319      219
    1368     1359      448      449
    1303     1304      367      377
     111     1010       11       21
     340     1189     1198      240
    1017      118     1008      119
    1256      314     1175      315
     345     1203      346     1194
     213      113     1083     1092
    1022      125      124     1013
    1184      325     1175      225
    1031      135     1022       35
    1329     1330      406      416
     346     1203      246     1194
    1268      437     1277      337
    1031     1022      134       34
    1067     1148      185      184
    1447     1448      547      557
     106     1086      205      206
     254      253     1129     1120
    1103      235      225     1104
    1012      114     1003       14
    1222      367     1223      377
    1571     1570      804      814
      45     1031       44       35
     518     1340     1331      517
     447      446     1285     1276
     241      331     1190      341
      25       26     1023     1014
    1170      309      209     1171
     228     1106     1097      227
    1120      243      244     1201
    1422      519     1341      529
    1254     1253      412      422
      68       58       59     1053
    1125      258     1134      158
    1124      158      157     1133
      99     1080      198       98
     228     1097     1106      128
    1082      111      112     1001
    1098     1099      219      119
     180     1144      179     1063
     610      609     1414      510
    1079       87       88     1070
     720     1504     1495      719
    1288     1207      349      359
    1171      319     1170      309
    1366      547     1357      447
     159      158     1134     1053
     168     1052       68     1053
    1342      520     1423      519
    1104      236     1105      136
      27     1025     1016       28
    1055      162     1056      172
     165      164     1130     1139
     272     1137      172     1146
     326      325     1176     1257
     133      132     1110     1029
     332     1262      331     1181
    1164      303      203     1165
     232     1100      222     1181
     642     1515      632     1434
      44       43       34     1030
     222     1092     1091      122
     202      201     1082      102
     232     1182      233     1191
    1012      114      113     1003
      12        2     1002     1001
     142     1028     1109      141
      61       52     1046       51
    1111      234     1192      233
    1084     1085      204      104
    1245      303      302     1164
       3     1002       12        2
    1039       43       44     1030
    1037     1028      142      141
     273      173     1137     1146
     142     1109      242     1118
    1006     1007        7       17
     287     1150      286     1159
    1299      462      472     1298
    1001        2     1002      102
     102        2     1002        3
    1186      227     1177      226
     231     1181      331      321
    1086      215      205     1167
     146       46     1033     1032
     212      202     1082     1083
    1083      202     1082      102
    1094      114     1013      115
     101       11     1001        1
    1174      214     1175      314
    1001      101      102     1082
    1181      222      221     1100
    1271      341      342     1190
    1001        1        2      101
    1001      101        2      102
     242      241     1109     1190
     312      311     1172     1163
    1010       21       12       11
     222     1092      212     1091
    1083     1084      103      113
      12     1010      112     1011
     111      121     1091     1010
      22     1010       12     1011
    1082      101      102      201
    1019       22       21       31
     212     1083     1082      112
     142     1029     1028       42
    1019       21      121       31
    1082      111      101      201
    1091      112      122     1092
      12      112     1002     1011
     205      215     1086     1085
     133     1029      143     1030
    1127      262     1136      261
    1086      215      115     1085
      14     1004        4        5
     441     1361      442     1280
    1101      132     1100      232
    1307     1316      481      482
    1083      213     1084      113
    1082      111     1001      101
    1111      233      243     1110
     222     1091      221     1100
     301      311     1244     1163
    1325      401      411     1244
     134     1021     1030       34
     143     1029       43     1030
    1271      341     1190      331
     323      223     1182     1183
     242     1110      243     1191
      62     1055      162     1056
    1110     1101      233      232
    1253      322     1262      422
     132     1109     1100      232
     135     1103     1022      125
    1003      103     1002        3
    1177     1096      216      226
    1092     1011      122      123
     123     1012     1011       23
    1271     1190      342      332
    1136      171      261      271
     332     1190      232     1181
     732     1595      742     1514
     517     1339      516     1420
     112     1011     1010      122
    1083      102      112     1002
    1012       14     1013      114
     117     1007     1006       17
    1091      112     1010      122
    1083      102     1082      112
    1001      102     1002      112
     442      342     1272     1271
     424     1264     1345      434
      22      122     1011     1020
      41     1028     1037      141
     141     1028      131       41
    1111     1102      134      234
     251      151     1118      241
     112      111     1010     1001
      12     1001      112     1010
      12     1001     1002      112
     112      111     1091     1010
    1082      111     1091      112
     212      112     1082     1091
    1092      112      212     1091
    1010     1019      122       22
    1111      233     1192      243
     211     1163     1172      311
    1010       22       12       21
     244      144     1111     1120
     244     1202      254     1201
    1020       22     1019       32
    1019     1100      121      122
     131     1019       31     1028
     121      221     1091     1100
      41     1028      131       31
    1101     1102      223      123
     131      231     1100     1109
    1217      261      271     1136
      43       33       34     1030
     143      144     1030     1039
    1020       23       22       32
    1191      242      232     1190
     362     1209      262     1218
    1019      121      131       31
     334      434     1273     1264
    1019       22       31       32
    1020      123     1021      133
    1028     1019       32      132
     143     1120      144     1039
    1174      223      323     1183
     222     1101      223     1092
     272     1226     1227      282
     351      451     1289      361
     331      231     1190     1181
     442     1280      342     1271
     693     1479     1560      692
     142     1029       42     1038
    1371      562     1370      552
     244     1202     1121      254
    1037      142       42     1038
     222     1091     1100      122
    1259      428     1340      418
     131     1109      141      231
      24       33       23     1021
    1371      453     1372      553
    1029      133      132     1020
     121     1100     1091      122
    1127      252     1128      262
    1101     1092      122      123
     643     1444     1525      644
    1101      123      223     1092
     135     1103      134     1022
    1145     1146      172      182
     134     1102      133     1021
    1255      414      314     1256
    1102      224      234     1183
    1055     1136      162      172
    1037       42     1028       41
    1028      132       32     1029
     142     1029      132     1028
     132      131     1109     1028
    1110     1109      132      232
    1199      242      342     1190
     142     1029     1110      132
    1019      131      132     1028
    1020      123       23     1021
    1065       82      182     1074
     244     1121      245     1112
     144     1111     1030      134
      62      162     1047     1056
     142      143     1038     1119
     142     1110      143     1119
    1219      264     1220      364
    1100      131     1109      132
     204      304     1165      303
    1297      459      460     1378
    1100      232      222     1101
    1019      131     1100      132
     122      123     1011     1020
     135      235     1112     1103
     142     1029     1038      143
      32     1029     1020       33
     153     1038     1039      143
      55     1050     1049      155
     235     1184      234     1103
      41       42     1028       32
    1111      133      143     1030
     134      133     1111     1030
    1019      131      121     1100
     131      221      121     1100
     131      231      221     1100
    1181     1100      221      231
     433     1272      333     1263
    1264     1183      323      333
     322     1262     1263      332
    1181     1100      231      232
    1273      344      343     1282
      43     1029       42       33
     423     1254     1263      323
     244     1111     1192      243
    1023      136       36     1032
    1019      132      122     1020
     132     1101      122     1020
    1019      132     1020       32
    1020     1101      122      123
     133     1102      123     1021
    1028     1019       31       32
      41       32     1028       31
    1020      123     1011       23
    1038     1029       42       43
     444     1273      344     1274
    1265     1264      424      434
    1003      104     1004      114
     412     1245      312     1254
     132     1100      122     1101
    1019     1100      122      132
     122       22     1019     1020
     133     1101      132     1020
    1020      133     1101      123
     133     1102     1101      123
    1102     1093      124      224
    1101      132     1110      133
    1182      332      232     1181
     234      224     1103     1184
    1039      144     1030       44
    1337     1328      414      415
     172     1056     1137      162
     353     1200      253     1201
    1120     1119      143      243
     444      434     1273     1274
     225     1094      125     1095
     145     1112     1031      135
    1112      135      134     1031
     224      214     1093     1094
      22     1011       12       13
    1094      215     1085      115
     334      344     1192     1273
     234     1102     1183      233
    1263     1262      432      332
      34       33     1021     1030
    1110      243      143     1119
     165       65     1050     1049
    1300      363     1219      364
    1175      215      214     1094
    1029      133       33     1030
     224      225     1103     1184
     143     1111      243     1110
     143      133     1111     1110
    1111      133      233     1110
    1111     1102      233      133
     134     1102     1111      133
     234     1183     1192      233
      33      133     1021     1030
    1041      156     1050      155
     225     1175      224     1094
     447      547     1357     1358
    1148      175     1067      185
      33      133     1020     1021
    1483      587      597     1484
     143     1038     1039       43
     143     1029     1038       43
     172      162     1137     1136
      51      141       41     1037
    1046     1037       51       52
    1041       56       55     1050
      39     1035       48       38
     335     1184      325     1265
      44       45     1040     1031
     353      352     1290     1209
    1031      144     1030      134
      44      144     1030     1031
      35     1031       44       34
      34       33       24     1021
     214      114     1093     1094
    1014      126      125     1095
     124     1102      224     1103
     217      227     1177     1178
    1012     1093      114      124
    1017       28     1026       29
    1021     1102      123      124
    1104     1103      125      225
    1103      124     1022      125
    1024       37     1025       27
     225      215     1094     1095
    1031      145      144     1112
    1465      567     1466      667
     116     1015     1014      126
    1112     1103      134      135
    1093      113      213     1092
     428     1349      427     1340
    1021      124      123     1012
    1210      353      253     1201
     746      747     1519     1528
     225      215     1175     1094
    1121      244      144     1112
     266     1140     1141      166
      70      160     1054       60
    1021      124       24     1022
    1225      379     1234      279
    1048     1039       54      154
    1201      354     1210      353
     353      354     1210     1291
     355     1212     1203      255
    1210     1209      253      353
    1291     1292      454      354
      73       63       64     1057
    1277     1358      448      447
     235      234     1112     1103
    1293      456     1374      455
    1274      445      345     1283
    1274      345     1275      335
    1056     1057       73      173
    1130      154     1121      254
     244     1202      245     1121
     126     1014       26     1015
      58     1043     1044      158
      38     1026       29       39
    1195      247      237     1114
     449      439     1278     1279
     135     1103      125     1104
    1033     1114      137      147
     345     1202     1193      344
    1023     1104      136      135
    1282     1273      344      444
    1183      333      334     1192
    1284      355      345     1283
    1259     1268      427      428
     214     1093     1174      224
    1083      102      103      202
    1178      218      318     1169
     114      115     1004     1013
    1022      124       24     1013
     322     1262      332     1181
    1003        4      103        3
    1004      104        4        5
      13     1003     1002        3
     308     1250      408     1251
    1097      117      127     1016
     205     1086      105     1085
    1022     1013       24       25
      34     1022       24       25
      34     1022       25       35
    1096     1015      116      126
    1025      137      138     1034
     206      305     1167      205
    1177     1186      327      227
    1103     1102      134      124
    1103      124      134     1022
     117     1007       17     1016
    1002        3      103      102
    1012     1093      113      114
    1002      103     1083      102
     265     1140      165     1139
    1084      204      203      104
     812      712     1578     1569
    1003      104      103        4
     113      123     1011     1092
     525     1337      515     1418
     114     1004     1003       14
    1269      329      328     1188
      22     1011       13       23
      13        4     1003        3
      46       36     1033     1032
    1004      104        5      105
    1093     1084      113      114
     213     1093      214     1084
    1011     1002       12       13
    1021      124     1012       24
     114     1084      113     1003
     113     1011      112     1092
     107     1007        7     1006
     114       14     1013     1004
      13     1012     1003       14
    1012       14       13       23
    1012      124     1013       24
    1083      213      203     1084
    1256      315     1175      325
    1012      114     1013      124
    1083      113      112     1092
    1244      311      411     1253
    1012       24       14       23
     635     1508      735     1517
     413     1246      313     1255
      24     1013       14       15
     203      104      103     1084
     205      305     1166      304
    1083      203      103     1084
      15     1004       14        5
     214     1085     1084      114
     105     1085      104      204
     114      214     1085     1094
    1084      104      103     1003
    1177      216     1176      226
    1102      223     1093      224
     314      214     1175     1166
     113      103     1002     1003
     113     1003     1002       13
    1011      113     1002       13
    1012      113     1011       13
    1012     1003      113       13
    1012      123     1011      113
     113     1002      112     1011
    1083     1002      112      113
    1083      103     1002      113
    1103      225      224     1094
     123     1093      223     1092
     123      113     1093     1092
     123     1093      113     1012
     123      124     1093     1012
    1102     1093      123      124
    1102      223      123     1093
    1245      413     1246      313
    1164      213      313     1165
     303     1245      313     1164
    1168      217     1177      317
     114      104     1084     1003
    1083      202      103      203
    1087      207      107     1088
     125     1095      115     1014
     113     1084      103     1003
     303     1164      313     1165
    1004      114      104     1085
    1255     1246      314      414
    1084     1085      104      114
    1004     1085      104      105
    1253     1172      322      312
     223     1093      213     1092
    1245      312      313     1164
     214     1166      215     1175
    1167      305     1166      205
     125     1094      115     1095
     124     1094     1013      125
    1094      215      115     1095
    1094      115     1013      125
    1498      624     1507      724
      25     1014       15       16
    1006        7       16       17
     115     1014     1005       15
    1177      216     1168      316
     307     1168      207      306
     146     1113     1122      145
     116     1006       16     1015
     114     1094     1085      115
      45      145     1040     1031
    1102      224     1103      234
    1103     1094      125      225
    1084     1165      203      204
     224     1094     1093      124
    1094      114     1093      124
    1084      214      204     1085
    1166     1085      205      204
     105     1085      204      205
     314      304     1165     1166
     314     1166     1175      315
     527      526     1339     1420
     348     1197     1206      349
     215      205     1166     1085
     215     1166      214     1085
     234     1193     1112      244
     238      248     1197     1116
    1195      247     1196      237
     324     1256     1175      325
    1336      424      423     1345
    1174     1093      223      224
     307     1169      207     1168
     421      411     1334      511
    1256      325      324     1265
     325     1256     1257      425
    1337      415      414     1256
     603     1489     1488      703
     456     1375      466     1374
    1175     1166      215      315
     315     1166      215     1167
     315      305     1166     1167
    1165      214     1174      314
     237      247     1196     1115
     111      211     1091      121
     333     1272     1191      332
    1433      542      642     1434
     324     1174     1175      314
     223     1092     1173      222
     616     1491     1410      606
     323     1183     1264      324
     213      214     1165     1084
     213     1165      203     1084
     313      213     1174     1165
    1174      214      224     1175
     324     1174      224     1175
     413      423     1336     1255
     403      303     1246      304
    1165      214     1166      204
    1084      214     1165      204
    1112     1111      134      234
     204      304     1166     1165
     205      304     1166      204
     324     1255     1174      314
    1121      154     1120      254
     312     1245      302     1164
     614     1408     1409      604
    1508      624      625     1499
    1165      214      314     1166
     521      522     1415     1334
     413     1336     1327      414
    1258      326      426     1267
     622     1424     1415      621
     414      404     1328     1327
    1246      304     1165      314
    1435      543     1354      533
     324      314     1175     1256
    1362     1353      443      543
     413     1326      403     1327
    1095      215     1086      216
    1407     1406      502      602
     422      322     1262     1263
     422     1263     1262      432
    1334      411     1325      511
     527     1429      526     1420
     412     1253     1334      422
    1613      852      851     1604
    1244      401      411      311
     612      613     1488     1407
     314     1247     1246      304
     513      413     1327     1326
     812      712     1568     1577
     431      331     1271     1262
     444     1364      445     1283
    1327      404     1328      504
    1417      623     1426      523
    1183      224      234     1184
    1362      443      453     1363
     513      512     1326     1407
    1164      213     1173      313
     462      362     1289     1298
     314     1256      414     1247
    1193      344      334     1274
     224     1184     1175      225
     305      304      404     1247
    1247      305     1166      315
     721      722     1577     1496
    1417      524      523     1426
    1247      404     1328      414
     414      404     1246     1247
     414     1247     1246      314
     304      305     1166     1247
     305      404      405     1247
     405      404     1328     1247
     324      325     1175     1184
    1256      325     1265      425
     324      334     1183     1264
    1264      424      324     1265
     347      357     1204     1285
     414      415     1328     1247
    1247      415     1328      405
    1169     1178      317      318
    1247     1256      415      315
     543     1444      553     1443
    1254      322     1253      422
     414     1256      415     1247
     416      426     1338     1339
    1192     1193      234      244
     425     1256      415     1337
     714      704     1489     1490
     714      614     1490     1489
     424      414     1255     1256
     405     1248     1329      406
    1275      335      336     1266
    1286      357     1205      347
    1355      434      444     1274
    1625     1544      765      764
     315     1256     1257      325
     315     1256      415     1257
     206      306     1167      305
     615      515     1410     1409
     305     1248     1247      405
    1278     1197      348      349
     346     1203     1204      246
     437      447     1277     1276
     427     1340      417     1259
     425     1266      325     1265
     245     1193     1112      235
    1214     1213      367      267
    1336      513     1417      523
    1364      444      454     1283
    1264      323     1263      333
     325     1184      324     1265
     447     1277     1358      437
    1277      338      348     1278
    1275      335     1194      336
     573     1470     1461      673
    1182     1183      233      333
    1362      543     1363      553
     616     1491      606     1492
     234     1112     1111      244
    1257      325      425     1266
    1111     1102      234      233
    1192      234     1111      244
    1363     1282      454      444
    1264     1263      433      333
     376      366     1222     1303
    1266      335      325     1265
     336      335     1185     1266
    1214      258     1205      257
    1040      145      144     1031
    1374     1365      556      555
     557      547     1366     1367
    1183      324      224     1184
     523     1335      513     1416
     354     1283     1282      344
     222     1173     1182      322
    1401      486      485     1320
    1265      424      425     1346
     265     1220      365     1221
     511      411     1325      501
     722      723     1578     1497
     264     1139      164     1138
    1025      137     1106      138
    1104      235     1185      236
    1193      335     1184      235
    1330      506      407      507
     212     1163     1082      202
     343      344     1201     1282
    1466      577     1475      578
    1518      736     1599      735
    1426      624      634     1507
    1346      435      434     1355
     491     1316      391      392
     434      435     1274     1355
    1214      368     1215      268
    1056     1057      163       63
    1058       65      165     1049
     773     1552      774     1543
    1274      335     1193      345
    1394      587     1403      487
    1600      837      737     1601
    1121     1040      144      154
     425     1347     1266      435
    1264      334     1183      333
     435      436     1266     1275
     543     1434     1353      533
     425     1266     1265      435
     425      435     1265     1346
     525      515     1419     1418
     606     1410      506      605
     222     1182     1181      322
     445     1275      435     1274
    1355      445      435     1274
    1274     1275      345      445
    1152      289     1233      279
     546     1356      446     1357
    1282     1283      444      344
     724      624     1508     1499
    1184      334     1183      324
    1110      233     1191      232
     223     1102      233     1183
    1193      344     1192      334
    1372      554      553     1363
    1355     1354      544      444
     525     1427      524     1418
     554     1364     1363      454
     235     1193     1112      234
    1372      554     1363      454
     233     1183     1192      333
     734     1507      634     1508
    1336     1337      414      424
     624     1418     1417      524
    1283     1274      444      344
     434      435     1265     1274
    1347      436     1266      435
    1426      624     1507      623
     433     1272     1273      333
     323     1174     1183      324
    1255      323     1264      324
    1082     1091      111      211
    1112      234      134     1103
     234     1102      134     1103
     402      401     1325     1244
    1442      542      642     1433
     474      574     1391     1390
     222      232     1181     1182
     722      822     1578     1587
     322      332     1182     1181
    1172      222     1181      322
    1589     1508      725      724
     223     1183      233     1182
     222     1182      223     1101
    1508      625      725     1499
    1254      323      423     1255
    1255     1256      324      424
     235     1193      234     1184
    1201      354     1282      344
    1255     1174      323      324
     612     1415      512     1406
    1183     1174      223      224
     223     1102     1183      224
    1265      434     1274      334
     653     1525     1534      753
    1138      263      264     1219
     382     1316     1307      482
    1264      433     1273      333
     633     1515      643     1434
     312     1173     1172      322
    1192     1193      334      234
     334     1193     1184      234
    1183     1184      234      334
    1183      334      234     1192
     335     1193     1184      334
     335      334     1184     1265
     323     1173      322     1182
    1255      424      324     1264
    1264      434     1265      334
     324     1264     1265      334
     442     1281     1272      342
    1498      624      623     1507
     524     1337      424     1346
     621     1505      631      721
     424     1256      324     1265
     443     1273     1282      444
    1164      203      202     1083
    1344      533     1353      532
    1352      532     1353      542
    1191      233     1192      333
     442     1353     1362      542
     434     1345      433     1264
    1182     1101      233      223
     322     1263     1182      332
    1119     1110      243      242
     312      322     1253     1254
     242     1190     1109      232
    1418     1417      514      614
    1165      314     1174      313
    1119     1118      142      242
    1145      181      171      271
     956      965      966     1698
    1192      344      343     1273
     421     1253     1262      422
     413     1245      403     1326
     857     1618      757     1609
    1435      643      543     1434
     262     1209     1208      252
     332     1262     1271      331
    1363      443     1282      444
     443     1273      343     1282
    1281      443      343     1282
    1280      352     1199      351
     434      433     1273     1264
     222      232     1182     1101
     232     1101      233     1182
     323     1183     1182      333
     453      443     1282     1363
     443      442     1281     1272
     243      233     1192     1191
    1110      233      243     1191
    1335      422      522     1344
    1118      241      242     1199
    1272     1281      443      343
    1424      532     1433      632
    1192      343     1191      333
     151     1127      161      251
    1272      332      333     1263
     332     1182     1191      333
     232     1182     1191      332
     463     1299      473     1300
     461     1298     1379      462
    1191      242     1110      232
     142     1109     1110      242
    1119      242      142     1110
     242      241     1190     1199
    1508      735     1589      725
     643      743     1525     1524
    1352     1433      532      542
     333      343     1191     1272
    1272      343     1273      333
     955     1698      855     1697
    1516     1435      643      644
    1444      654      554     1453
     551     1370     1451      552
     442     1353     1352      432
     432     1262     1271      332
    1118     1199      242      252
     332     1272      342     1271
    1362      542     1443      552
     761     1532     1613      751
    1514      641      642     1433
    1688      945      845     1689
     743      742     1596     1605
    1254      322     1263      323
    1352      531     1343      532
     442      441     1280     1271
     303      313     1246     1165
     633     1434      533     1425
    1588      733      734     1507
     332     1272     1191      342
    1190      231     1109      232
     442      441     1352     1361
     343      342     1191     1272
    1272      432     1271      332
    1424      521     1415      621
     431     1271      441     1352
    1299      463      473     1380
     442     1281      342     1280
     141      231     1109      241
     481     1316      391      491
    1290      463     1291      363
    1444     1445      554      654
     441      341     1280     1271
     413     1254      423     1255
    1585     1504      720      719
    1145      271     1226      281
     675      665     1464     1545
     822      823     1578     1587
     221     1172     1181      321
    1255      313     1174      314
    1181     1262      321      322
     342     1190     1191      332
    1191     1190      232      332
     241      231     1190      331
     221     1181      231      321
     511      501     1406      601
    1173      213     1174      313
     241      231     1109     1190
     431      421      331     1262
    1496      611      621     1415
    1173     1092      212      222
     441      341     1271      431
     431      341     1271      331
     622      522     1415     1424
    1245      402      403     1326
     421      321     1253      411
     432     1271      431     1352
    1262     1271      431      432
     442      432     1271     1272
     442     1353      432     1272
    1424     1505      631      621
    1496      622      722     1497
    1649     1568      802      801
    1255      424      423     1336
    1255     1246      313      314
     413      412     1326     1335
     402      302     1245      303
    1165      314      313     1246
     323      223     1173     1182
     402     1244     1245      302
     213      223     1173     1174
    1173      223      323     1174
     413      403     1246     1327
    1586     1505      732      722
     622      623     1497     1416
    1262      321      322     1253
    1262      321     1253      421
     945      936     1680      946
     323     1173     1174      313
    1253      311     1172      312
    1264      423      433     1263
    1255      323      423     1264
    1262      432      431     1343
     211     1172      221      311
    1335     1254      412      422
     413     1335      423     1254
    1264     1345      433      423
     423      424     1264     1345
     423      323     1263     1264
    1334     1253      411      421
    1082      212     1091      211
     222      223     1182     1173
     423      422     1263     1254
    1255      424     1264      423
     211     1172     1091      221
     222     1091     1172      221
    1487     1496      712      612
     603     1408     1489      604
    1406      601      502      602
     503      404     1327      504
    1334      411     1253      412
    1164     1083      212      213
     212     1164      202     1083
     323      313     1174     1255
     303     1245     1246      313
     706     1491     1492      606
     311      301      211     1163
     321     1172     1181      322
     211      201     1082     1163
     311     1172      221      321
     312      311     1244     1253
    1244     1163      312      302
     312     1173      322     1254
    1254     1173      322      323
    1327      403     1246      404
    1415      612      611     1406
    1676      832      932     1667
     301      202     1163      302
     413      313     1254     1255
    1245     1244      312      302
    1660      914      924      923
     221      222     1181     1172
     222     1091      212     1172
     211      212     1091     1172
     212     1173      222     1172
     212     1173     1172      312
    1253      311      321     1172
    1253      321      322     1172
     404      403     1246      304
    1336      413     1327      513
    1416      612     1497      622
     301      201     1163      202
     312     1163     1172      212
     211      212     1172     1163
     212      211     1082     1163
    1244      311      312     1163
    1164      302      202      203
     522     1335     1334      422
     313      413     1254     1245
     313     1245     1254      312
    1407      602     1488      612
     302      301     1244     1163
     203     1083     1164      213
    1499      614      615     1490
     612     1487      611     1406
    1245      402      303      403
     212     1164     1173      312
     312     1163      212     1164
    1164     1163      212      202
     302     1163     1164      202
     312     1163     1164      302
    1164      312      313     1173
     313      312     1254     1173
     323     1173      313     1254
     413      412     1254     1245
    1326      403     1327      503
     621     1505      721     1496
    1541     1460      671      672
     802     1649      801      901
     412     1244      312     1245
    1245      403      303     1246
     413     1245     1246      403
     613     1417     1498      614
    1253     1244      312      412
    1253      412      312     1254
     412      411     1253     1244
     413     1326      412     1245
     831     1586      821      731
    1489      614     1490      604
     514     1408     1417      513
     401      301     1244      302
     402      401     1244      302
    1244      301      401      311
     405      505     1328      504
     804      814     1652     1571
    1245     1326      412      402
     412     1326     1325      402
     412     1325     1244      402
    1245      412     1244      402
    1325      411      412     1244
    1334      411      412     1325
     744     1517     1526      745
    1291      363      463     1300
     401      501      402     1325
    1325      411      401      501
    1336      424      524     1337
     711      712     1487     1496
     511      501     1325     1406
    1569      703     1488      713
     611      711     1487     1496
    1658     1649      911      811
     821     1577     1658      811
     621      711      611     1496
    1577      712      711     1496
    1262      422     1343      421
    1595      831      841      741
     802     1568      702      801
    1345      524      424     1346
    1577      712     1568      711
     726      727     1591     1582
     633      632     1434     1425
     611      521      621     1415
    1572      806      805      706
     612     1487     1488      712
     522      521     1415     1424
     531      521      431     1343
    1514      631      641     1433
    1676      842      841     1685
     521      511     1334     1415
     612     1496      622     1415
     511      601     1406      611
    1568      712      702     1487
    1591      837      836     1672
     738     1593     1592      728
     701     1487      702      602
     831     1667      931      921
    1336      424     1345      524
     827     1664      817     1583
    1415      511     1334      512
     514     1327      504     1408
     612     1406     1407      602
    1335      412     1334      422
     821     1667      831      921
     514     1328     1327      414
     522     1415     1416      622
    1524     1525      753      743
     512      511     1325     1406
    1516      743     1525      643
    1279      449     1288      349
    1337      514      515     1418
     724      624     1499     1498
    1336      413      513     1335
     611      511      521     1415
     611      511     1415     1406
    1489     1490      704      604
    1425      522      622     1424
    1425      632     1424      622
     942      842     1676     1685
     827     1591      837     1592
    1415      622      621     1496
     914     1661      915     1652
     603      613     1488     1489
     412     1334     1325      512
     713      703     1488     1489
     614     1499      615     1418
    1694      852     1685      851
     413     1254      412     1335
     413      423     1335     1336
     513     1327      514     1408
     661     1532      651     1451
     603      602      702     1488
    1407      503     1408      603
    1326      502      503     1407
    1498      614      714     1489
    1408     1417      613      614
    1498      624     1499      614
     602     1487      702     1488
     544     1444     1363      543
    1442      641      651      551
     613      614     1498     1489
    1406     1487      601      602
    1407      602      502      503
     602     1487     1488      612
    1498     1507      723      724
    1588      723     1507      724
     633      634     1516     1507
    1587      823      723     1588
    1588     1507      734      724
     442     1353      443     1362
    1543      664     1544      764
     871      872     1712     1703
     762      763     1542     1623
     842     1596      832     1595
    1492      706     1573      716
     557     1375      556     1456
     505     1409      504      604
    1326      502      403      503
    1416      612      512     1407
     643     1435     1444      644
     603      602     1488     1407
    1496     1487      611      612
     612     1497      712     1488
     813     1570     1579      814
     512     1406      502     1407
    1490      614     1409      604
    1406     1325      502      501
     502     1325      402      501
    1406      601      501      502
    1326     1325      402      502
    1326      402      403      502
     522      512     1334     1335
     512      412     1334     1335
    1326      412      512     1335
    1416     1407      513      613
     522      512     1335     1416
     522     1415      512     1416
     612     1415     1416      512
     412      512     1325     1326
    1326     1325      502      512
    1418      514     1417      524
    1418     1409      515      615
    1651      814     1652      804
     403      404     1327      503
     704     1490     1571      705
    1409     1408      504      604
     524      514     1336     1337
     553     1444     1453      653
     513      512     1407     1416
    1326      503      513     1407
     513      503     1327     1408
    1417      514     1336      524
    1346     1337      425      525
    1587      833      823     1588
    1407      503      513     1408
    1609      756     1528      746
    1335      512      513     1416
    1336     1327      514      513
    1344      432     1263      422
     723      724     1579     1498
     913     1659      922      923
    1497     1498      713      613
    1337      524      514     1418
     506     1410      505      605
     544     1444      554     1363
     543     1353     1354      533
    1336      514     1417      513
     616     1491      615     1410
    1497      613      623     1498
     514     1408      504     1409
    1417      623      523     1416
     806      906     1654     1653
     523      524     1345     1426
     833      733     1597     1588
     503      504     1327     1408
     916     1653     1662      816
     815     1653     1662      915
    1517     1508      735      734
    1585      729     1504      719
    1588     1579      723      724
    1419     1418      515      615
    1614     1615      763      863
     605     1490     1409      604
    1355      434      534     1354
    1508      635      735     1509
    1508     1509      735      725
    1148      275     1229      274
    1508      625      635     1509
     545     1365      445     1364
     425     1347      435     1346
    1346      524     1337      525
     404      405     1328      504
     515     1409     1328      505
    1499      624      625     1418
     505     1409     1328      504
    1409      514     1328      504
     603      504     1408      604
    1418      514      515     1409
    1499      615      715     1490
    1419      625     1418      615
     761      762     1622     1613
     615     1410      605     1409
     326      336     1267     1186
     526      626     1429     1428
     527     1339      517     1420
     416      426     1257     1338
     613     1407      513     1408
    1411      616     1420      516
     605     1490      615     1409
    1570      703     1569      713
    1500      616      626     1501
    1597      733      734     1588
    1419      625      525     1418
    1583      727     1502      717
    1598      744      745     1517
     827      727     1583     1582
     614     1418      615     1409
    1418      614      514     1409
    1683      848     1692      849
     614      624     1418     1417
     804     1652      904      805
    1497     1498      623      723
     603     1489      703      604
    1650      903      902      803
    1587      733      833     1588
    1508      625     1509      725
     625     1427      525     1418
    1417      624      623     1498
     614      624     1499     1418
     915      916      906     1653
    1581      816     1582      826
     714      614     1499     1490
    1672      937      936      927
     634     1436     1517      635
    1517      645     1526      745
     423     1336     1345      523
    1416      623     1497      613
     612     1416     1497      613
     612      613     1497     1488
    1416      623      613     1417
     513      613     1417     1416
     613     1417      623     1498
    1658      921      911      912
     722     1587     1578      723
    1587      823     1578      723
    1443      542      543     1434
    1515      732     1596      742
     704     1490      605      604
    1668      932      923      933
     705     1490      605      704
     724      714     1580     1579
    1580      815     1661      814
     722     1578      712     1497
    1570      704     1489      714
     926      916     1663      917
     603      702      703     1488
     749     1612     1531      759
     603     1408      613     1489
     925      915     1662      916
    1651      914      904     1652
     803      813     1651     1570
    1667      932      922     1668
     713      723     1579     1498
    1595      842      841     1676
     824      834     1670     1589
    1499      715      714     1490
     721     1577      811      711
     832     1587      732     1596
    1580      815      825     1661
     844      845     1679     1598
     902     1649      802      901
    1588      823      723     1579
     813     1579      823     1660
     812     1568      802     1649
    1443      543     1362      553
     533     1353     1354      433
    1687      843     1678      943
    1651     1570      814      804
     815     1581     1572      715
    1436      535     1355      545
    1598     1517      745      735
     804     1571      805      705
     804     1651      904     1652
    1651     1570      813      814
     803     1569      813     1570
    1498      713     1489      714
     704     1571      804      705
     807     1655     1574      817
     646      647     1447     1528
    1679      835     1670      834
     718      618     1503     1494
    1651      814      914     1652
    1610     1609      757      747
    1571     1490      715      705
     714     1490      715     1571
    1597     1596      743      733
     714     1580     1571      715
     714     1570     1571      814
     916      915     1662     1653
     835      845     1599     1598
    1580     1581      815      715
     524     1427     1346      534
     825      815     1662     1661
     704     1570      804     1571
    1516      644      744     1517
     814      815     1652     1571
    1499      715     1580      714
     724     1499     1580      714
     724     1498     1499      714
     864     1624     1625      764
     814     1579     1580      714
    1570     1579      814      714
     822      832     1667     1668
     744      644     1526     1517
     737     1592      727     1511
     704     1490      714     1571
     822      922     1658     1659
     823     1579      824     1660
    1667     1676      831      931
    1579      724      824     1580
     711     1568      701     1487
     924     1661      915      914
     905      914      915     1652
     814     1580      815     1571
    1580      815     1571      715
     822      812     1659     1658
     364     1211      354     1210
     815     1653      805     1572
     814     1579      824     1580
    1580     1661      824      814
     442     1352     1353      542
     634     1508     1517      734
    1685      942      941     1676
     945     1680      845     1689
    1676      932      941      931
     824     1661     1660      814
     849      848     1692     1611
     936      935     1671      926
    1650     1651      903      803
     842      832     1596     1677
     911     1649      902      901
     914      814     1661     1652
     822      832     1668     1587
     823     1579     1588      824
    1579      724     1588      824
     833     1596     1597      733
     915      924      925     1661
     703      802      803     1569
    1660     1579      824      814
    1497      723     1578      713
    1660     1661      924      914
    1497      723      713     1498
     904     1652      905      805
    1660      914      923      913
    1660      814     1661      914
    1578      822      812     1659
     824     1661      924     1660
     902     1650      802     1649
    1651      813     1660      814
     812     1569      813     1650
     713     1498     1579      714
     822     1667      922     1668
    1577      822      812     1578
    1659      812      912     1658
    1651      814     1660      914
    1659      922     1658      912
    1676      942      941      932
     823     1659     1660      923
     913      903     1651      904
     713     1578      813     1579
    1650     1569      803      802
    1577     1658      822      821
     812     1578      813     1569
     803     1651      903      804
     903     1651      904      804
     913     1659      923     1660
    1515     1514      732      742
     711      712     1568     1487
    1578      723     1579      713
     811     1649      801     1568
     803     1569     1650      813
     722      822     1577     1578
    1651      813      913     1660
     701      711     1487      611
    1568      702      701     1487
     601     1487      701      602
     734     1507     1508      724
     601      701     1487      611
    1659      823      813     1578
     912      812     1659     1650
    1586      822     1667      821
    1725      885      895     1644
    1667      832      831     1676
     701      801     1568      711
    1650      812      802     1649
     713     1498     1489      613
    1650     1569      802      812
     713     1570     1489      714
     701      801      702     1568
    1578     1659      812      813
     911     1649      901      811
    1570      713     1579      714
     813     1579     1660      814
     811     1649      901      801
     811     1568      801      711
     902     1650      803      802
    1497      713     1488      613
     811     1577     1568      711
    1586      722      822     1577
     722      712     1577     1496
    1488      702     1569      712
    1569      712      702     1568
     802     1569      702     1568
     703      702      802     1569
    1488      702      703     1569
     722     1577      712     1578
     703     1569      803     1570
    1335      422     1344      423
    1570      713      813     1579
     803     1650     1651      813
     812      712     1569     1568
    1570     1569      813      713
    1659      813      823     1660
    1667      822      922     1658
     913      813     1659     1660
    1579      813      823     1578
    1579     1578      823      723
     752      753     1614     1605
     634     1427      635     1508
    1676      941      841      931
     832      831     1676     1595
     713     1569      813     1578
    1569      712     1578      713
     713      712     1578     1497
    1488      712      713     1497
    1488      712     1569      713
    1570      703      713     1489
     812     1649      811     1568
     821     1658      911      811
     812     1577     1568      811
    1586     1577      822      821
     842      852     1604     1685
    1658     1577      812      811
     812     1649     1658      811
     822      823     1659     1578
     821      822     1667     1658
     822     1659      823     1668
     822     1659     1668      922
     832      932     1667     1668
    1514      741     1595      742
    1660      913     1651      914
    1515      633     1516      733
     532     1424     1433      531
    1453      664      564     1462
     834     1589     1598      835
    1577      812      822     1658
    1659      812      813     1650
     911      912      902     1649
     912     1650      902     1649
     812     1649     1650      912
     541     1433      542     1442
     914      913     1651      904
     812     1649      912     1658
     911     1658      912     1649
    1597      744      844     1598
     924      824     1669     1670
    1650      912      902      903
     912     1650      913      903
     913     1650     1651      903
    1651      813     1650      913
     913      813     1650     1659
     912     1650     1659      913
     912     1659      922      913
     634      624     1427     1508
    1378     1369      559      459
    1379      472      471     1388
    1669     1668      923      933
     625      624     1427     1418
    1355      434     1354      444
     942      842     1686     1677
    1677      933      942      932
    1586     1587      732      832
    1514      731     1595      741
    1677      932     1668      933
    1431     1512      629      639
    1431      638     1512      639
    1586     1587      722      732
     731     1505     1586      721
     832     1677     1676      932
     731     1586      821      721
    1586     1595      831      832
    1598      744     1607      745
    1586     1577      821      721
    1505     1506      732      722
    1586      822      832     1667
     821     1577      811      721
    1586      722     1577      721
    1514      631     1433      632
    1451     1452      562      662
     622     1506     1505      722
    1586      832      831     1667
    1586      822     1587      832
     832      833     1668     1587
     873     1623     1632      773
     732     1595     1596      742
     830      920     1666      820
    1515      742     1596      743
     833     1677     1668      933
    1587      723      733     1588
    1524     1443      643      642
    1426      633     1435      533
     742      741     1595     1604
    1443      543     1444      643
     632     1505     1514      631
    1425     1506      632      622
    1343      521      431      421
     353      343     1201     1282
    1705      864     1706      964
    1623     1704      872      862
    1669     1678      933      934
    1677      942     1676      932
    1704      972      962      963
     541      641      631     1433
     733     1515     1596      743
    1506      733     1515      732
    1602     1521      739      738
    1514      731      732     1595
     832      732     1595     1596
     832      932     1668     1677
    1587     1668      823      833
     836     1590      826     1671
     842     1596     1605      843
     954     1687      944      953
    1677     1596      843      833
     641      741     1514     1523
    1461      672      572     1460
     842     1596      843     1677
    1685      942      952      951
     761     1532      661     1541
    1523      742     1604      741
    1505      722     1586      721
     621      622     1505     1496
    1506      633     1515      733
    1586      731     1595      732
    1515     1516      643      743
    1580     1499      725      715
     745     1518     1599      735
     924      923      933     1669
    1537      656      657     1528
     824      834     1669     1670
    1704      863      963     1695
     744     1526     1607      745
     934     1670     1669      834
     833     1597      834     1588
     824      825     1580     1589
    1613     1604      851      751
     942     1677      943      933
     442      443     1281     1362
     631     1505      731      721
    1514      731     1505      732
    1586      731      732     1505
     524      525     1346     1427
    1373      554     1372      454
    1685     1676      941      841
     934     1679      935     1670
    1523     1524      752      742
     832     1677     1668      833
    1677      832     1596      833
     952     1686      942     1685
     942     1686      842     1685
    1595     1604      841      842
     742     1595      842     1604
     842      742     1604     1605
    1605      852     1604      842
     656     1446      556     1447
    1596      742      842     1605
     742     1595     1596      842
     842      942     1676     1677
     832      842     1676     1677
    1687     1678      944      943
    1685      941      951      851
     934     1679      944      935
    1670      924      925      934
    1335     1416      523      522
    1684      849      949     1693
    1607      755     1608      745
     964     1697     1706      965
     784     1562      684     1561
    1695      852     1686      952
    1679      945      935     1680
     646     1447      656     1528
     863     1615      864     1696
    1696     1615      853      863
    1336     1335      513      523
     943     1677      843     1678
    1677      833      843     1678
    1597     1596      843      743
     833     1596      843     1597
     987      988      978     1718
    1661      924      925     1670
    1678     1597      833      843
    1608      845     1607      745
    1534      764      763     1615
     734     1589     1598      834
     833     1668     1669      933
    1669      833      933     1678
     924     1670     1669      934
     866     1627     1618      766
    1670      934      925      935
     923      823     1669     1660
    1669      823      824     1660
     924     1669      824     1660
     823     1588     1669      824
     823     1588      833     1669
     823     1668     1669      833
     823     1668      923     1669
     978      977      987     1718
     924     1669      933      934
     943     1678      944      934
     755     1526      754     1535
     834      835     1670     1589
    1670     1661      924      824
    1501     1420      616      626
    1598      745     1599      735
     837      838     1592     1601
    1599      835     1680      845
    1698     1617      855      865
    1492      717      716     1573
    1520      737     1519      637
    1633      783     1632      883
    1607      845     1598      745
    1267      336      337     1186
    1657     1666      920      820
    1611      749     1530      759
    1679      945     1680      845
    1679      944      935      945
     934      834     1669     1678
    1606      753      743     1605
     954     1688      945      944
    1607      845      844     1598
     734      735     1598     1589
    1345      524      534     1426
    1591      836      736     1590
     855     1608     1689      845
    1294      456      457     1375
     634     1508      635     1517
     867     1619      857     1618
     825     1580      725     1581
     743     1516      744     1597
     844      744     1607     1598
    1347      526      536     1428
    1600      837      836     1591
     534     1345      533     1354
     687     1484      697     1565
    1697     1698      855      865
    1518      736      746     1599
    1599      745      845     1608
    1534      764      754     1535
     765     1536     1617      755
    1687      844     1678      843
    1626      866      766     1627
    1679      944      945     1688
    1679     1688      945      845
    1678      834      833     1597
    1597      734      834     1588
    1516      634      644     1517
     868      878     1710     1629
     564      574     1382     1381
    1154      191      291      192
     753     1534      763     1615
    1669     1588      833      834
     654     1453     1454      554
    1534     1615      754      764
    1690      856     1609      846
     826      726     1590     1591
     736     1590      726     1591
     835     1679     1680      845
    1679      845      835     1598
     775      675     1545     1544
    1636     1627      776      777
     764      664     1544     1535
    1534      664      764     1535
    1679      835      834     1598
     871     1712      971     1703
     485     1392     1311      486
    1597      734      744     1598
    1354     1345      433      434
    1520     1511      737      637
    1588      723      733     1507
    1533      663      763     1534
    1591      837     1592      737
    1516      734      744     1597
     935     1680      835     1679
     935      835     1670     1679
    1588      734      834     1589
    1588      734     1589      724
    1523      642     1524      742
    1515      643     1524      743
     851     1604     1685      841
    1678      844      834     1597
     844     1598      834     1597
    1679     1598      834      844
     644      634     1435     1436
     674      574     1462     1471
     544     1354     1363      444
     824     1589     1580      724
    1588     1589      824      724
     844     1597     1678      843
     824     1588     1669      834
    1687     1688      854      954
    1597      733      743     1516
    1355      544     1354      534
     834     1598      734     1597
     775     1544      774     1553
     542     1353     1362      543
     744      644     1516     1525
     540      530     1351      440
    1688     1687      844      944
    1687     1678      844      944
     844     1678     1679      944
    1688      844     1679      944
     845      844     1679     1688
     845     1607      844     1688
    1679      844      834     1678
    1597      733     1516      734
     645     1437     1436      545
    1509     1518      735      736
    1507      634     1516      734
     733     1507     1516      734
    1364      544      554     1363
    1372     1381      463      563
     622     1497      623     1506
    1690      857      847     1609
    1426      634      633     1507
    1390      584      484     1399
     643     1443     1434      642
     544     1445      554     1444
    1454     1463      565      564
     754     1607     1616      854
    1707      876     1626      875
    1411      607     1492      606
    1545      765     1536      766
    1589      734     1508      724
     734      735     1589     1508
     536     1347      535     1356
    1500     1499      725      625
    1366     1375      556      557
    1355      545      445     1364
    1427      624      634     1426
     533      534     1435     1426
    1417      624      524     1426
    1417      624     1426      623
    1435      534      544     1436
     638     1439     1520      648
     534     1427      634     1426
     533     1345      433     1354
    1156      193      293      194
     534     1345     1354      434
     433     1273      443     1354
    1354     1353      443      433
     443     1273      444     1354
    1363      443      444     1354
     433     1273     1354      434
    1354     1273      444      434
    1444      553      554     1363
     543      553     1444     1363
     623     1507     1506      723
     545      544     1364     1355
    1435      634      644     1516
     442      542     1362     1361
     661      751     1532      761
     634      635     1427     1436
     425      525     1347     1346
    1445      645     1436      545
    1443      542     1434      642
     655     1526      645     1527
    1454      665      565     1463
     847     1691     1690      947
     634     1427      534     1436
    1532      662     1533      652
    1364     1445      554      544
    1427      624      625     1508
     208      207     1169     1088
    1527      646      656     1528
    1354     1435      533      534
    1506     1587      722      723
    1626      765     1617      865
    1516      634     1517      734
     623     1507     1426      633
    1435      634      534     1436
    1364     1355      544      444
    1364      544     1363      444
     594     1480      593     1399
     544     1435     1354      534
    1427      535      635     1428
    1427      625      635     1508
    1438      546     1447      547
    1357     1366      546      547
     644     1445     1526      645
     644      645     1526     1517
     644     1436      645     1517
     644     1436     1445      645
     868      768     1620     1619
    1700      858      857     1619
    1619      868     1700      858
    1346      534     1355      434
    1346     1345      534      434
    1345      524     1346      534
    1436     1437      535      545
    1437      535      536     1428
    1427     1346      535      525
     523      524     1336     1345
     535      525     1347     1428
    1509      626     1510      726
    1455      556     1446      555
     545     1436      544     1355
    1574      717     1573      817
     645      635     1436     1437
     645      646     1446     1527
    1430     1421      628      627
    1619      857     1618      757
    1562      694      684     1561
     890      900     1648     1729
    1424     1433      631      632
     534     1346      535     1427
     534     1427      535     1436
    1436     1427      535      635
    1436      535     1437      635
    1417      524     1336      523
    1446      645      655     1445
    1600      747     1519      746
    1024      136      137     1033
    1285      347      346     1204
     626      616     1419     1420
    1528      647     1529      747
    1427      525      535     1428
     619     1413     1414      609
     417      517     1331     1340
    1435     1444      544      543
     521     1343      522     1334
     432     1352      431     1343
     655     1535      665     1454
     423     1336      523     1335
    1442     1443      552      652
    1533     1542      762      763
     733      732     1596     1515
    1344     1335      523      522
    1435     1434      543      533
     533      523     1345     1426
    1345      534      533     1426
    1262      432     1343      422
    1343      422      522     1334
     522     1416      523     1425
     523     1425     1344      522
     681     1469      682     1550
    1344     1343      432      422
    1354     1353      543      443
    1354      543     1363      443
    1515      642     1524      643
    1445      644     1444      544
     544      534     1355     1436
     742      642     1524     1515
     973     1714      974     1705
     433      432     1263     1344
     544      644     1435     1436
    1445      644      544     1436
     545     1445      544     1436
    1435      543      544     1354
    1343     1352      431      531
     974     1715      984      975
     442     1352      542     1361
    1424      622     1505      621
    1514     1433      642      632
     643      543     1444     1435
    1445      654     1454      554
     552      542     1442     1361
    1506     1507      633      733
     552     1442      551     1361
     532     1425     1434      632
     661      662     1451     1460
    1514      731      631     1505
    1613      752     1614      852
    1613     1614      862      852
     862     1614     1695      852
    1524      753     1605      743
     742     1524     1605      743
    1434     1515      643      642
    1587      723     1506      733
     631      731     1514      641
     542      543     1362     1443
    1433     1434      532      542
    1435      643     1434      633
     423     1335      523     1344
     543      542     1353     1434
     643     1443      543     1434
    1461      563     1462      663
     433      533     1344     1345
    1523     1514      742      741
     641      731     1514      741
     742     1515     1524      743
    1442      542     1443      642
     623     1507      633     1506
     633     1507     1516      733
     733     1516     1515      743
    1505      622      722     1496
     433     1353      432     1344
    1435      633     1434      533
    1435      634     1516      633
    1587     1506      732      733
     732     1587      722     1506
    1424     1505      632      631
     622     1497     1506      722
     433     1353     1344      533
    1344      533      523     1345
    1435      633     1516      643
     633     1515     1516      643
     721     1505      722     1496
    1426      634     1435      633
    1344      523      423     1345
     433     1344      423     1345
     433     1344     1263      423
     523     1416      623     1425
    1425     1416      623      622
     623     1506     1425      622
     623     1506      633     1425
     633      632     1515     1434
    1352      532     1433      531
    1425      633     1426      533
    1426      523     1425      533
     523      533     1344     1425
    1616      755      765     1617
     872     1704     1703      862
    1426      523      623     1425
     623      633     1426     1425
     522     1416     1425      622
    1370      461      551      561
     531      521     1424      621
    1424     1425      532      632
     632     1505     1424      622
    1424      521      531     1343
     372     1307     1226      371
     862     1695      863     1704
     896     1645     1644      796
     854      853     1615     1606
    1442      641     1523      651
     641     1523     1514      642
     441      531      431     1352
     541     1433     1442      641
     522      521     1424     1343
     531     1424      631      621
    1389      572     1380      573
     572     1460      562     1461
     974      874     1714     1715
    1424      531      631     1433
    1613      762      862     1614
     642     1514      742     1523
     633     1506     1515      632
    1515      732      632     1506
    1506      732      632     1505
     632      732     1514     1505
    1515      732     1514      632
     642     1515     1514      632
    1606     1687      844      854
     532      531     1343     1424
     871     1703      961      861
     532     1434     1353      542
    1362      542      552     1361
     641     1442      642     1433
    1361      542     1442      541
     541      551      641     1442
    1715     1706      975      974
     441     1352      541      531
     441     1352     1361      541
    1361     1352      542      541
     541     1352      542     1433
    1433      532     1434      632
    1362     1443      553      552
     375     1311      376     1230
     555     1445     1364      545
     572     1461     1380      573
    1343      522      532     1424
    1424      522      532     1425
     532      522     1344     1425
    1344      533      532     1425
    1425      533      532     1434
    1343      522     1344      532
     532      432     1344     1343
    1352      432      532     1343
    1352      432     1353      532
     532      432     1353     1344
     751     1604      841      741
     581     1478      591      681
    1298      362     1217      372
     374     1300      474     1309
    1631      881      871     1712
     641      741     1523      651
     541      551     1442     1361
     462     1379      472     1298
    1371      563      463     1380
     472      473     1308     1389
     961     1694     1703      962
     961     1694      952      951
    1685      952     1694      951
    1298     1307      371      471
     651      741     1523      751
    1622      772     1631      872
    1442     1451      551      651
    1533      653     1534      753
     562      662     1452     1461
     662      663     1452     1461
     644     1526      654     1525
     582     1470     1389      583
     554     1453      564     1372
    1280      452     1281      352
    1442      552      551     1451
    1316     1397      491      481
     761      671      771     1541
     761     1541     1622      762
     963     1705      973      964
    1613     1694      861      851
    1713      983      982      973
    1472     1463      575      675
     564     1453     1462      563
    1470      572     1389      573
     297     1160      287     1159
     552     1370     1451      562
     884     1643      784     1642
     582     1397      581     1478
     481     1397      491      581
     472      482     1307     1388
     562      561     1451     1460
    1372     1453      564      563
    1461      662      663     1542
     561     1451      651      551
     661     1451      651      561
     662     1533      663     1542
    1371      562      563     1380
    1227      383     1236      382
     492     1317     1398      482
     442      452     1281     1280
     362     1298      361     1289
    1048      154     1049      164
    1280     1289      352      351
    1294      366     1293      466
     553      554     1453     1444
     863     1615      763     1624
     752     1614      852     1605
    1533     1542      662      762
     661     1451      561     1460
    1451     1452      552      562
     496      486     1321     1402
     363     1299      463     1300
     362     1290     1289      352
     673     1551      672     1542
    1640      782     1641      882
    1631     1632      782      882
    1442      642     1443      652
    1451      652      552     1452
     853     1687     1606      854
    1478     1479      582      592
    1317      493      393      492
     683      682     1560     1479
    1560      693      692      792
     872     1713      882     1712
     861     1694      961      951
     277     1231     1222      377
    1301      464      474     1300
     793      783     1641     1560
     564     1462      574     1381
     565     1463     1382      564
     644      654     1444     1525
    1532      662     1541      762
    1317     1398      493      492
    1461      562      662     1460
    1533      662     1452      652
     562     1452      563     1461
    1533     1534      763      753
     554      564     1373     1372
     892     1641      882     1640
    1452      663      563     1461
    1372      554     1453      553
     665     1535      655     1536
     566     1374     1455      565
     654      754     1535     1534
    1535     1526      655      755
      51     1037       41       42
     582     1397     1478      592
     662     1461     1460      672
    1550     1559      781      782
     653     1533      652     1524
    1208     1217      361      362
    1542     1533      663      763
     363      263     1219     1210
     653      654     1534     1525
     661      662     1460     1541
     662      562     1451     1460
    1442      652      552     1451
    1442      651      652     1451
    1451      651      652     1532
     652      651     1523     1532
    1442      651     1523      652
    1442      642      652     1523
     843     1687     1606      853
     552     1443     1452      652
    1533      662      663     1452
    1622     1623      762      772
     654     1534      664     1453
     665     1544      765     1545
    1480      684      694     1561
     654     1535      664     1534
    1524      653      753     1525
    1463      574     1462      674
    1532     1451      662      652
     661     1532     1451      662
     661     1532      662     1541
    1541      672     1542      662
    1454     1535      664      654
     754      854     1616     1615
    1452      553      563     1453
    1372     1453      563      553
    1291      364     1292      354
     563     1453     1462      663
    1292      455     1283      355
    1452     1453      563      663
    1365      555     1364      545
     482     1398      582     1389
    1138      274     1219      264
     754      755     1535     1616
    1357      546     1438      547
     955      945     1688     1689
    1453      663      664     1462
     685      585     1472     1481
     755     1527     1608      745
    1213      356      366     1212
     363     1299     1218      362
     464     1381     1300      463
     665      765     1536     1545
     766     1545     1546      666
    1463      664      665     1544
     366     1294     1213      367
    1371      563     1372      463
     453     1371     1372      463
     466     1293      456     1374
     265      275     1220     1221
    1278     1269      438      338
     899      889     1729     1728
     457     1375      557     1376
     836     1599     1600      736
    1544      664      665     1535
    1373      555     1454      554
    1438      636      637     1519
     555     1445     1454      554
     855     1617     1616      865
    1373      565     1382      564
    1302     1293      365      366
     984     1715      985      975
     554     1454     1373      564
     556     1447      546     1366
    1527     1446      656      646
    1699      867      857     1618
     774     1544      674     1553
     555     1445      554     1364
     355     1283     1292      354
    1455     1446      655      555
    1373      555      554     1364
    1480     1481      584      594
     566     1465      666     1456
    1443      653      652     1524
     565      665     1464     1463
     476     1392      486     1311
     386      286     1231     1230
    1373     1454      565      564
     643     1524     1525      653
     565      555     1454     1373
     375     1302     1221      376
     455      555     1373     1364
    1527     1526      645      745
     365     1302      366     1221
     566      556     1455     1374
    1454     1535      665      664
     553      653     1453     1452
     855      755     1617     1608
     653     1452      553     1443
    1444      653      553     1443
     645     1437      646     1518
     636     1428     1509      635
    1447     1438      646      546
     825     1670      925     1671
    1518     1519      636      646
    1673      937     1672      927
     677     1556      777     1547
    1443     1452      652      653
     546     1366     1447      547
     557     1375      567     1376
    1383      566     1384      576
    1714      983      883     1713
    1683      838     1602      839
     874      864     1625     1706
     875     1707      975     1706
     573      673     1471     1470
    1562     1553      684      685
    1591     1600      737      736
     578     1385      577     1394
    1447      646     1446      546
    1284      455      355     1283
    1564     1555      687      787
    1629      779      879     1630
    1696     1687      954      953
     675     1544      665     1545
     775     1544      765     1625
    1626      765      766     1617
    1607      755     1616      855
     487     1313     1394      477
     673     1543     1462      674
    1715      884      984     1724
    1462      673     1471      573
     297     1159      197     1160
    1382      574      575     1391
     765     1536      766     1617
     863     1696      963     1695
     864     1615     1624      764
     861      862     1703     1694
    1686     1677      843      943
     864      865     1625     1706
    1452     1453      663      653
     653     1443     1444      643
    1524     1443      653      643
    1728      888     1647      889
     872      972     1712     1703
    1542      663     1543      763
     663     1543      763     1534
     854     1687      844     1688
     764     1615     1616      864
     663      664     1543     1534
     663     1462     1543      664
     663     1462      673     1543
    1542      663      673     1543
    1552      773      774     1633
    1536      756      656     1537
     653     1453      663     1534
    1533      653      663     1534
    1452      653      663     1533
     655      654     1535     1454
     655      654     1454     1445
     655     1526      654     1445
     644     1526     1445      654
     644     1445     1444      654
     655     1526     1535      654
     854     1688     1607      855
    1545     1626      765      766
     954     1687     1688      944
    1616      755     1617      855
     772     1551     1542      672
    1607     1526      744      754
     754     1526      744     1525
     654     1526      754     1525
     654     1526     1535      754
     965      865     1698     1697
     764      765     1535     1544
     754     1616      764     1615
     754     1607      755     1616
     955     1688      945      954
    1699      856      857     1690
     853      753     1615     1606
     753     1534     1615      754
    1685      942      951      941
     843     1686     1605      842
    1697     1688      854      855
    1535      655     1536      755
    1697      865     1706      965
    1625      865      765     1626
     893     1722     1641      883
    1688      855     1689      845
    1607     1526      755      745
     974     1706      975      965
    1712      972      971     1703
     685     1481     1472      684
    1696      863      853     1695
     871     1703      861     1622
     852     1614      853     1605
     854     1606     1615      754
     665     1535      765     1544
     665     1535     1536      765
     764     1616     1535      765
    1625      765     1616      764
     765     1535      755     1616
     864     1625     1616      764
     755     1526     1527      745
     961     1694      962      952
     754     1525      744     1606
     871      971      961     1703
    1553     1544      674      675
     751     1532     1613      752
     864      874     1625     1624
     858     1620      758     1619
    1473      675      676     1554
    1545      775      765     1626
     744     1606     1607      754
     775     1625      765     1626
     868      878     1629     1628
     676      675     1545     1554
    1532      752      762     1613
     459     1368     1377      458
    1616     1617      765      865
    1725      985      995     1724
    1688     1607      855      845
     954     1688     1697      955
     855     1607     1608      845
    1625     1616      765      865
     864     1616     1625      865
     872     1713     1712      972
     664      674     1462     1543
     847     1690      846     1681
    1624     1615      763      764
    1690      857     1699      957
    1607      755      855     1608
     998      997      898     1727
     984     1723      993      994
     965     1697     1698      955
     887      787     1646     1637
    1714      884      883     1723
     854     1697     1616      864
     964     1697      965      955
    1697      855     1616      865
    1645      896      797      796
    1384     1385      477      577
     673      674     1462     1471
    1621      869      870     1630
    1695     1686      953      952
     853     1687      953     1686
     664     1463     1462      674
     852     1695     1686      853
     752      652     1524     1523
     995      985      994     1724
     977     1717      987     1718
    1626      876     1627      776
     874     1715     1706      875
     898     1646      897      798
     864     1697     1616      865
     964     1706      974      965
     863     1624     1623      873
    1643      795      794      894
    1696     1697      864      964
     752     1605     1604      742
    1717      877      887     1718
    1717      886     1716      986
     865     1707      875     1706
     985     1716     1725      986
     987     1726     1727      887
     584     1400     1391      484
    1697     1688      855      955
     864      863     1705     1624
    1712      881      871      971
     992     1722      892      893
    1624      763      773     1543
     883     1641      882     1722
    1722      993      983     1723
     864      865     1706     1697
     874      875     1706     1625
    1616      854     1607      855
    1697      854     1616      855
    1615     1696      854      864
     864     1697     1706      964
    1696     1697      854      864
    1615      854     1616      864
     952      852     1686     1685
     761     1613      851      751
     954     1688      854     1697
     964      954     1697      955
    1696      954     1697      964
     565     1464     1383      575
    1695      853      953     1686
    1623     1614      862      762
    1696      954      854     1697
     942      952      943     1686
    1607      854      844     1688
    1687      954      854     1696
     862      852     1695     1694
     962     1695      953      952
    1686      853      843     1605
    1524     1605      752      742
    1532      652      752     1523
     963     1696      953     1695
     964     1696      954      963
     862     1695     1614      863
     853      753     1606     1605
     744     1525      743     1606
    1606     1525      743      753
    1686     1687      843      853
     691     1478      592      692
     763     1614     1623      762
     772     1623      773     1632
    1562      685      785     1553
     943      953     1687     1686
    1705     1706      974      964
     751     1604      851      841
    1694      852     1695      952
     671      571      581     1469
     852      853     1686     1605
    1523      752     1604      742
    1613      752      852     1604
     943     1686     1687      843
    1686      852     1605      842
     752     1605      852     1604
    1694      852      952     1685
    1694      851     1685      951
     942     1677     1686      943
    1390     1471      584      583
     864     1705      874     1624
    1694      852      851     1613
     751     1532      752     1523
    1532      752      652     1533
     752     1524      652     1533
    1524      753     1533      752
    1614      753      853     1605
    1532     1533      762      752
    1524      753      752     1605
    1613      752      762     1614
    1533     1614      762      752
    1533      753     1614      752
    1533      753      763     1614
    1614      753      763     1615
    1533     1614      763      762
    1614      753     1615      853
     853     1606      843     1605
     852     1695      853     1614
     843     1606      743     1605
     853     1695      953     1696
    1687      853      953     1696
    1687     1696      854      853
     853     1696      854     1615
     844      854     1607     1606
     744      844     1607     1606
     844      744     1597     1606
     743      744     1606     1597
     743     1606      843     1597
     844     1606     1597      843
     843     1687      844     1606
     754     1525     1606      753
     862     1614     1623      863
    1541      772     1542      672
     992      892     1721      991
     851     1694      861      951
     574      584     1391     1390
    1705      863      873     1624
    1632      882      872     1713
    1560      793      693      792
     864     1615      863     1624
    1625      774      775     1544
     973     1705      974      964
    1622      872      871     1703
    1551      673      683     1552
    1703      862      861     1622
     874     1706      974     1705
    1541     1550      771      772
    1398      493      593     1399
     892     1641     1640      792
    1552      673     1471      674
    1564      686     1483      687
     972     1712      981      982
     691     1559     1478      692
    1704     1623      872      873
    1714      874     1633      884
    1623      872     1622      862
     862      962     1703     1694
    1704     1713      972      973
     982     1721      981      991
    1478      581      582     1469
    1704      973      972      963
    1704     1705      973      963
    1704     1695      963      962
     862     1695     1704      962
     862     1695      962     1694
    1705      873      874     1624
     963     1695      953      962
    1705     1696      864      964
     863     1696      864     1705
     862      962     1704     1703
     971      962      961     1703
     971      972      962     1703
     972     1704      962     1703
     872     1704      972     1703
     872     1631      871     1712
    1704      873      973     1705
     992     1721      982      991
    1461     1462      563      573
    1622      872     1631      871
    1704      863     1705      963
     863     1696     1705      963
    1704      863      873     1705
     781     1631      881      871
     772     1623      762     1542
    1704     1713      872      972
    1631      882      881     1712
    1704      873      872     1713
     771     1631      781      871
     982     1712      981     1721
    1721      881      981      891
    1704      873     1713      973
     884      874     1715     1714
     886     1636      876     1635
    1622     1631      771      871
     781     1559      681      691
    1721      992     1722      892
    1391     1472      585      584
     872      882     1631     1712
     883      783     1641     1642
    1712      982      882     1721
    1641     1632      782      783
    1217      272      372     1218
     772     1622     1631      771
    1541      772      762     1542
     583     1471     1480      683
    1541     1622      772      771
     683      684     1480     1561
     581     1397      491      591
     873      883     1632     1713
     682     1478      582     1469
     761     1541      771     1622
     682     1559     1560      692
     794     1561      784     1642
    1551      683     1560      783
     771      871      861     1622
     761      771      861     1622
     591     1478      592      691
     983     1723      993      984
     781      791     1559      691
    1633     1642      783      883
     994     1723      993      894
    1622     1623      772      872
     774      784     1552     1633
    1541     1622      762      772
     872     1623     1632      873
     872     1623      772     1632
    1631      872      772     1632
    1631      872     1632      882
    1712     1713      882      982
    1714      883      873     1713
     781     1640     1559      791
     892     1640      891      792
    1469      672      572     1470
     783      773     1552     1633
    1714     1633      883      884
    1723     1722      893      883
    1624      773     1633      774
     767      768     1619     1538
    1625      774     1544      764
     774     1543     1544      764
    1624     1543      774      764
    1712      881      971      981
     584     1480     1399      583
    1542      673      773     1543
    1624      763     1623      773
    1712      881      981     1721
    1722      992      982      983
    1642      783      793     1561
     884     1642      883     1723
    1706      875     1715      975
     985     1715      984     1724
    1722     1641      882      892
     972     1712      971      981
     683      673     1471     1552
     781     1631     1640      881
    1640     1631      882      881
     974     1714      973      983
    1713     1632      882      883
     883      783     1632     1641
     881     1721     1640      891
     892     1721      891     1640
     892      882     1721     1640
     881      882     1640     1721
    1712      882      881     1721
    1713      982      972      973
    1713     1722      982      983
    1542      773     1623      763
     891      892      991     1721
    1721      891      981      991
     873     1623      773     1624
     993     1723      893      894
    1721     1722      882      892
     976     1716      985      986
     793     1560     1641      792
     883     1632      882     1641
    1722      992      983      993
     774     1633      874     1634
    1643     1724      895      894
    1721      992      982     1722
    1721      982      882     1722
     982     1713      882     1722
     788     1565      798     1566
     374     1309      474     1310
    1723     1642      893      894
      57      157     1052     1051
     873      874     1714     1705
     973     1714      873     1713
     873     1714      973     1705
     973      983     1714     1713
     772     1551      773     1542
     983     1714      883     1723
    1138      273      274     1147
     895     1724      994      894
    1713      883      882     1722
     873     1633     1632      883
     772      773     1623     1542
    1724      885     1643      895
    1462      673      573     1461
     793     1641      892      792
    1714     1633      873      883
    1717     1716      976      986
     785      784     1634     1643
     795     1643      895      894
     884     1642      784     1633
    1725      885      985     1724
     983     1722      883     1713
     996     1726      896      897
    1706     1625      875      865
     874     1706     1715      974
     897     1646      898     1727
    1643      894     1642      884
     492     1397      591      491
     884     1723      984     1724
     984     1723      994     1724
     884      874     1633     1634
    1722     1641      892      893
     698      699      798     1566
     682      681     1478     1469
     781     1631      782     1640
     874     1634     1715      875
    1724     1723      994      894
     784     1561      783     1642
     974     1714      984     1715
     974     1714      983      984
     984     1714      983     1723
     884     1723     1724      894
    1552      684      683     1561
     985      984      994     1724
    1565      698      798     1566
     664      674     1543     1544
    1643     1644      795      895
     681      581     1478     1469
     885      785     1634     1643
    1634      884      784     1633
    1631      782     1640      882
    1317      483     1398      482
    1728      998      999      899
    1634     1643      784      884
     885     1715      985     1724
     992     1722      893      993
    1634      874     1715      884
     885     1644     1643      895
    1715      875     1634      885
    1483      587      586     1402
     784     1562     1561      794
     794     1642      893      793
     691      791     1559      692
    1643      795     1562      794
    1481      694     1562      695
    1308     1317      382      482
    1562      694      794      695
    1562      694     1561      794
     582     1469      572     1470
    1643      785     1562      795
     567      568     1376     1385
    1625     1634      775      774
     784     1553      684     1562
    1542      673     1551      773
     267      367     1214     1223
     794     1642      793     1561
    1550     1469      682      672
    1634      784      774     1633
     565     1383     1382      575
    1391      574     1472      584
    1625     1624      874      774
     774     1624      874     1633
    1625     1624      774      764
     874     1634      875     1625
    1634      775      875     1625
     978      969      968     1710
     656     1456     1455      666
    1725     1644      886      885
    1643      884     1724      894
     884      894     1642     1723
     874      873     1633     1624
     786      785     1644     1563
     773      673     1552     1543
     783     1552     1561      784
    1480      583      683     1479
    1723      883      893     1642
     984     1714      884     1715
     685     1481     1562      695
    1714      874      873     1633
    1561      783      793     1560
     675     1463     1544      674
    1552      784      783     1633
     883     1642     1641      893
     784      684     1552     1561
     782     1632     1641      882
     995     1725      896      996
    1480     1479      693      593
    1287      359     1206      358
     474     1300      473     1309
     893     1722     1723      993
    1633      784      783     1642
     575     1463     1464      675
    1382      574     1463      575
    1552      674     1471      684
     587      687     1475     1484
     772      773     1551     1632
     783     1632     1551      773
     574     1471      584     1390
     884      885     1634     1643
     884      885     1643     1724
    1715      885      884     1724
    1715      885     1634      884
    1643      794     1642      894
     894     1642      893      794
     582      682     1470     1479
    1221      375      275     1220
    1450      660      659     1531
    1643      794      784     1642
    1480     1471      584      684
     682      683     1470     1479
     584     1471     1472      684
    1562      784      785     1643
    1149     1230      285      275
    1400     1481      594      584
    1624     1543      773      774
     783     1632      773     1633
    1550      682      782     1551
     596     1401      595      496
    1633      873     1632      773
    1542     1543      773      763
     584     1471     1480      583
     664     1463      674     1544
     680     1477      690      590
    1400      585     1481      584
    1551      673     1552      773
    1551     1552      783      773
     692     1479      682     1478
     671     1460      571     1469
     893     1642     1641      793
    1383     1464      576      575
     565      575     1382     1463
     586      596     1401     1482
     484      485     1319     1400
     575      574     1463     1472
     587     1475      687     1474
     774     1543     1552      674
    1552      673      674     1543
    1391      574      575     1472
    1553      674     1552      684
     774      674     1552     1553
     775     1544     1553      675
    1567     1566      789      799
     770      680     1549      780
    1400     1481      595      594
    1391      584      585     1400
    1480      684      584     1481
    1390      584     1391      484
     595     1481      695      694
     594     1481      595      694
     565     1464      575     1463
     684     1472      674     1471
     392     1236      293      393
    1641      782     1560      783
    1642      783     1641      793
    1398      583      582     1389
     485      486     1311     1320
     375     1221      275     1230
     885     1644      785     1643
    1635      785     1644      786
     886     1635      786     1636
    1634      785      775     1553
    1553      784     1634      785
    1553      784      785     1562
     682     1551     1470      683
     673      683     1471     1470
    1241     1322      398      397
    1242      389      289     1243
     586      686     1482     1473
     686      685     1482     1473
    1562      695      794      795
    1400      585      595     1481
     483      383     1317     1318
     573     1471     1390      583
    1470     1551      673      683
     476     1311      486     1312
     375     1311      385     1310
     375      475     1311     1310
     185     1158      285     1149
     172      173     1056     1065
     582      572     1389     1470
     465     1293      365     1302
     385     1239      386     1230
    1479      683     1470      583
    1553      675     1472      685
    1553     1472      684      685
     881     1640      781      791
    1553     1472      674      684
    1393      586      587     1402
    1554      675     1545      775
     575     1473     1392      585
    1401     1392      485      486
     796     1564      696      697
    1473     1392      586      576
    1601     1610      748      747
    1386     1385      468      568
     795      796     1563      696
    1618      756     1537      757
     778     1547      768     1628
    1728      999     1729      899
    1474      676      686     1473
     786     1563     1644      796
    1619      857      757     1610
     588     1475     1394      578
     497      597      596     1402
     685      585     1473     1472
    1472     1473      575      585
    1472      675      575     1473
     575     1464     1473      675
     688     1475     1556      687
    1635      785     1554      775
    1402     1403      587      487
     685     1473      675     1472
     786     1563      796     1564
    1480     1481      594      694
    1309     1310      484      474
     582     1479     1470      583
    1310     1391      484      474
    1472     1481      585      584
    1563      685      785     1562
     375     1310     1229      374
     382      381     1226     1307
     692     1479     1478      592
     683      684     1471     1480
    1479      682     1560      692
    1562      684     1481      685
    1550      682     1559      782
     661     1460      671     1541
    1559     1478      681      691
     782     1641     1560      792
     573     1470     1471      583
    1470      683     1471      583
     693      694     1480      594
     593      693     1480      594
    1460     1469      572      571
    1460      672      572     1469
    1389      573     1390      583
     483      583     1398     1389
    1550      672      682     1551
     483      493     1398     1399
     693     1561      683     1480
     893     1641      892      793
     694     1561      793      693
     761      661      671     1541
    1560     1561      693      793
     671      581      681     1469
     661     1460      571      671
    1552      684     1471      683
     682     1479      582     1478
     492     1397      491     1316
    1631      772      782     1632
    1560      782     1551      783
     782     1632     1551      783
     782      772     1551     1632
     461      361      371     1298
     375      385     1229     1310
    1390     1399      483      583
    1398     1397      492      482
     683     1552     1561      783
    1560      683     1561      783
     481      571      471     1388
     693     1479      692      593
     671     1460     1469      672
    1478     1559      682      692
    1640     1641      782      792
     261      161     1136     1127
     282     1146     1145      182
     782     1560     1551      682
    1310      384     1229      374
     771     1631     1550      781
     693     1561     1560      683
    1560      683     1551      682
     692     1479      592      593
     553      563     1372     1371
    1480      583     1479      593
    1469      672     1470      682
    1361     1280      451      452
     693      683     1560     1479
    1480      683      693     1479
     372     1308      382     1307
     361      461     1289     1298
     271     1226     1217      272
     581      571      481     1388
     571     1469      572     1388
     372     1307      382     1226
     361      261      271     1217
     661      561      571     1460
     772      672     1550     1551
    1541      672     1550      772
    1236      392     1235      382
     881     1640      791      891
     891     1640      791      792
     591     1478      691      681
     571     1469     1388      581
     772     1631      782     1550
     771     1631      772     1550
    1550     1631      782      781
     791     1640     1559      792
    1461     1380      563      562
    1559      792     1560      692
     782      792     1560     1559
     771      671      681     1550
     671     1469      681     1550
     671     1469     1550      672
    1541      671     1550      672
    1541      671      771     1550
    1559     1640      782      792
     682      782     1560     1559
     452     1289      451     1370
     382      392     1235     1316
     482      483     1398     1389
      91     1073       92      191
     791      792     1559      692
     781     1640      782     1559
     781      681     1559     1550
    1559      681      682     1550
    1559      682      681     1478
     483      484     1318     1399
     251     1127      161      261
    1308      383     1317      483
     182      183     1065     1074
     582      482     1389     1388
    1217     1226      372      272
     582      581     1397     1388
     461     1298      471     1379
    1064     1145      181      171
     561      571     1460     1379
     151      141     1037     1118
    1310      385     1229      384
    1478     1397      581      591
     561      461     1379     1370
     561      471      571     1379
    1398      583      483     1399
    1479      583     1398      593
     492     1397     1316      482
     175     1068     1059       75
     592     1398      493      593
    1308     1317      482      483
     393     1318      394      493
     352     1289     1208      351
    1388     1379      472      572
    1057     1138      174      173
     262      261     1217     1136
     385     1310      485     1319
     254     1130      255     1121
     453      463     1291     1290
     452     1371     1290      462
     581     1469     1388      582
     582     1388     1389      572
    1388     1469      572      582
    1227     1308      382      372
    1049      155     1040       55
    1390      483     1389      583
    1398     1397      592      492
    1227      383      382     1308
     481     1316     1397      482
     593      583     1398     1399
     582     1397      482     1388
     481      482     1397     1388
     452     1371     1370      552
    1389     1308      482      483
    1154     1073      191      192
      84     1075       94       93
    1390      484      483     1399
     453      454     1291     1372
     452     1280      451     1289
    1211     1220      364      365
     265     1221     1140      275
    1178      328      327     1259
    1235      392      391     1316
     592     1397      591      492
    1235      292      291      391
     592     1398      492      493
    1479     1398      592      593
    1479     1398      582      592
     582     1397      592     1398
    1479      583      582     1398
     491     1316      392      492
    1317      383      393     1318
    1317     1318      393      493
     182     1155      282     1146
     192     1073      191       92
     473     1380     1381      573
    1299      372     1298      472
     465     1383     1382      565
     483     1318     1317      493
     483     1398      493     1317
     383     1236     1317      393
    1317     1236      392      393
     371      361      271     1217
    1381     1300      473      474
    1316     1317      492      482
     462      562     1370     1371
     382      383     1317     1308
    1236      383     1317      382
    1317      392     1236      382
    1317      392      382     1316
    1475      587     1484      588
     455     1364      454     1283
    1218      273      373     1219
    1310      475     1391      474
     274     1229      374     1220
     283      383     1236     1227
     561      461      471     1379
    1452      553     1371      563
     471     1307      481     1388
     393     1237      394     1318
     184     1156     1075      183
    1055      171     1136      172
      51      141     1037      151
     193      183     1074     1075
     172       72     1064     1065
    1136      171      271     1145
     292     1155     1154      192
      84      184     1076     1075
    1064       81      171      181
    1461      572     1380      562
    1227      372      382     1226
     273     1137      272     1146
     172      171     1136     1145
    1362      553     1371      552
     363     1219      364     1210
     172     1056       72     1065
     382     1316      381     1307
    1307     1316      381      481
     471     1307      381      481
      72       71       62     1055
    1235      391      291      381
    1064      181     1145      182
    1235      391      381     1316
     382     1235      381     1316
     382      381     1235     1226
     173     1065      172     1146
     283     1156      293     1237
    1237     1228      284      384
    1379      572     1460      562
    1064     1145      172      182
     181     1073      191     1154
    1136      271      272     1145
      81     1073       91      181
    1235     1154      291      292
     194      184     1075     1076
      62       63       72     1056
    1145      281     1226      282
     163      164     1057     1138
     372     1307      371     1298
     172     1056      173     1137
    1201      354      353     1282
    1147     1156      184      183
     183     1155     1156      193
     265      275     1140     1139
    1236      392      292     1235
    1235      392      292      391
     384     1228      284     1229
     541     1361      451      551
    1146     1065      172      182
     282     1155      283     1146
     385      384     1238     1229
    1156      193     1075      183
     284     1156      184     1147
    1146     1155      283      183
      72     1055     1056      172
    1227     1236      282      382
    1074     1073      192       92
     173     1065     1146      183
     495     1400      494     1319
    1280      351      341      441
    1137      173      172     1146
    1137      162      262     1136
     282     1154      281     1235
     254     1202      255     1211
    1235      282      292     1236
    1065       73       83     1066
     171     1055     1136      161
    1055      171      172     1064
     163     1129      164     1138
    1191      242     1200      243
    1065       72     1064       82
    1139      275     1220      265
      81     1073       82       91
     146     1033      136     1032
    1046     1037       52      152
     182     1145      282     1154
     272     1136     1137      262
      81       82     1073     1064
    1155      183      182     1074
     472     1299     1308      473
     172     1136      272     1145
     396     1240      296      297
     282      283     1155     1236
    1370      451      461     1289
      81     1064     1073      181
    1145      181      281     1154
    1388      571      471     1379
    1037      142     1038      152
      82     1073       92       91
      72       81       71     1064
    1059     1060       76      176
    1235      381      291      281
    1235      381      281     1226
     561     1379      562     1370
     253     1119      153     1120
    1076      185     1077      195
    1380     1379      472      462
    1227      283      282     1236
      52       42       43     1038
    1380      572      472     1379
     281      191     1154      181
     291      191     1154      281
     172      272     1146     1145
    1280      351     1199      341
     282      281     1226     1235
    1076      194       95       94
     351      251     1199      341
     182       82     1073     1074
     561     1379     1460      562
    1074     1073      182      192
    1155      182     1154      192
    1155     1074      182      192
     182      181     1154     1073
    1064      181      182     1073
    1064       82     1073      182
    1064       82      182     1065
    1064      182      172     1065
    1040      145       45     1041
    1281      352     1290      353
     182     1155     1146      183
    1065       72       82       73
     352     1199      342     1280
     165     1059     1058      175
     273     1146     1227      283
    1064      172     1145      171
     182     1154      282     1155
     282     1154      292     1155
    1235     1154      292      282
    1118      241     1199      251
    1199      352      252     1208
     272      271     1226     1145
     272     1226      372     1227
    1067      184      185     1076
     452      462     1370     1371
    1145     1226      272      282
     272     1136      172     1137
     341     1199      342     1190
     182      181     1145     1154
    1202      355      255     1211
     152     1037       52     1038
    1210      264     1211      254
      54     1040       55     1049
    1077       95       96       86
    1064       81       71      171
    1290     1209      363      353
     262     1137      263     1128
     473      573     1381     1390
     245     1121     1202      255
     463     1381     1380      563
    1280     1199      342      341
    1147      283     1156      183
    1230      375      385     1229
    1047      152       52     1038
      52     1037       51       42
     175       75     1067     1068
     352     1209     1200      252
    1298     1217      371      372
      71       61       62     1055
     175      176     1059     1068
    1210      253      254     1201
      61     1046      151       51
     151      161     1046       61
    1055       71      171     1064
    1039     1040      144       44
     273     1138      263     1137
    1217      272      262     1136
     361      451     1289      461
    1361      451      551     1370
     396     1240      297      397
     372      472     1307     1298
     571      572     1460     1379
    1139      275     1148      274
     262      252     1208     1127
     171      161     1136      261
    1068      185     1077       85
      88       87       78     1070
     154      155     1049     1130
     273     1146      283     1147
    1037      142      152     1118
     152      142     1119     1118
     276      176     1150     1141
    1038      142     1119      152
     152     1038      153     1119
    1046      152     1047      162
    1056     1047      163      162
    1065      173     1056       73
    1065     1056       72       73
     251      241     1199      341
    1047     1038      153      152
     462     1380      463     1299
    1299      462     1380      472
     151     1037      152     1118
     462     1380     1371      463
    1118     1127      151      251
      53       43       44     1039
     162      262     1136     1127
    1281      352      342     1280
     462     1289      461     1298
     162       62     1047     1046
     152      153     1047     1128
     151      141     1118      241
    1118      251     1199      252
    1128     1137      162      262
     152     1128      162     1127
    1127     1128      162      262
    1055       62     1046       61
    1055       62      162     1046
    1127      151     1046      152
     161      151     1046     1127
     162      161     1046     1127
    1119      153      152     1128
     162     1127     1046      152
    1046      161     1055       61
     183     1065       83     1066
     163     1047     1128      162
    1374      566      466     1383
      53     1038     1039      153
    1047     1038       53      153
    1047       52       53     1038
      53       52       43     1038
      53       43     1039     1038
    1047       52       62       53
    1127      161     1136      162
      55     1040       45     1041
    1148     1149      175      185
     175      275     1148     1139
     152     1128     1047      162
    1209      263      262     1218
    1380     1461      563      573
     472     1380      473     1389
      71       61     1055      161
      71      161     1055      171
    1046     1055      161      162
    1058      165       65     1059
    1209      362     1208      352
     253     1119      243     1200
    1118      152      151     1127
    1199      351     1208      251
     253     1200      243     1201
    1218      272      372     1227
    1199      241     1190      341
     274     1220     1219      264
    1208      362      361     1289
    1127     1208      261      251
     262     1209      252     1128
     371     1226      372     1217
    1452     1371      552      562
    1298     1307      471      472
     363     1209     1210      353
     242      252     1119     1118
    1118     1119      152      252
     252     1119      152     1128
    1127      252      152     1128
    1118      252      152     1127
     352     1290     1209      362
    1298      472      471     1379
     381      281     1226      371
    1061      167     1052      168
     541     1361      441      451
     471     1307      371      381
    1361     1280      441      451
    1280      451      351      441
     371      281     1226      271
     262     1208      261     1127
     351      261     1208      251
    1209      263     1210      253
    1209      352     1208      252
    1280     1289      452      352
    1389     1380      473      573
    1308      482     1307      472
    1380      573      563     1381
    1293     1212      365      366
    1381      474      473     1390
     362     1218     1217      372
     274      275     1229     1220
    1280      451     1289      351
    1199     1208      252      251
    1127      252     1208      251
     271      272     1217     1136
     453     1371      463     1290
    1128     1119      153      253
    1388      571     1379      572
    1363      454     1282      453
    1370      451      551      461
     472     1307      471     1388
    1208     1289      361      351
     471      461      371     1298
    1370     1289      461      462
    1211     1202      354      254
    1202      355     1203      255
    1362     1371      452      552
     461      462     1379     1370
     562     1379     1380      462
    1452      553      552     1371
    1218      372      362     1299
    1191     1200      343      243
     271     1226      371     1217
    1298      361      371     1217
     252     1209      253     1128
    1209      263      253     1128
     442     1361      452     1280
    1308      473      483     1389
    1292      455      454     1283
     262     1217      261     1208
    1217      361      261     1208
     252     1119      253     1200
     456      556     1375     1374
    1379      462      562     1370
     462     1299     1290      362
     473     1390      483     1389
    1388      472     1389      572
     472      482     1388     1389
    1308      482      472     1389
    1208      362     1289      352
     462      562     1371     1380
     372     1308     1307      472
     343      342     1281     1200
     263      262     1218     1137
    1218      262      272     1137
     273     1218      272     1137
     273      263     1218     1137
     273      272     1218     1227
    1217      272     1218      262
    1120      253      243     1201
    1200      342     1281      352
     252     1209     1200      253
    1299      372      472     1308
    1309      484     1318      483
     383     1309     1318      483
    1452     1371      562      563
    1281      343      353     1282
     562      572     1380     1379
     288     1232      287     1151
     472     1299      473     1380
     365     1220      364     1301
    1389      573      473     1390
    1361      452      451     1370
    1361      452     1370      552
     462     1290     1289      362
    1383     1392      476      475
    1152      288      278     1233
    1361     1362      452      552
     442     1362      452     1361
     442     1362     1281      452
     452     1370      462     1289
     462     1299      362     1298
     347     1277      337     1196
     364     1301      464     1292
    1217     1298      361      362
     154     1129     1120      254
     262     1217     1208      362
     452     1289      462     1290
     343     1200     1201      243
     254     1202      354     1201
     242     1119     1200      243
    1210      254      354     1201
     452     1289     1290      352
    1281      452     1290      352
     244     1121     1120      254
    1122      145      245     1121
    1362     1363      453      553
    1281      443      453     1362
    1281     1362      453      452
     453     1371     1290      452
    1362     1371      453      452
     362      372     1298     1299
    1281      453     1290      452
    1362      453     1371      553
    1120     1119      243      253
    1191      342      343     1200
    1191      242      342     1200
    1200      242      342     1199
     352     1200      342     1199
     352      252     1200     1199
     252      242     1200     1199
     242     1119      252     1200
     252     1119     1128      253
     262      263     1209     1128
     262      362     1208     1209
    1152      289      288     1233
    1382      574     1391      474
     335     1194     1185      235
    1219     1220      374      364
    1048      153      154     1129
     264     1220      364     1211
    1211      254      354     1210
     343      353     1201     1200
     343     1281      353     1200
    1281      352      353     1200
     353      352     1209     1200
    1363      454      453     1372
     365      375     1221     1220
    1079       87      187     1078
    1184      325     1185      335
    1281      353      453     1282
    1281      443     1282      453
    1281      353     1290      453
    1282      454      354     1291
    1282     1291      354      353
    1282      453     1291      353
    1290      353     1291      453
     264      364     1210     1211
    1282      454     1291      453
     154     1039     1120      153
     155     1050     1049      165
     464     1300     1291      463
    1372      464     1291      463
     373      363     1218     1219
    1138     1139      274      264
    1209     1210      263      363
     375      376     1221     1230
     295     1239      395     1238
     363     1209      362     1218
    1209      363      263     1218
     564      464     1373     1372
     445     1365      446     1284
     355     1202     1283      354
    1292     1301      465      365
     464     1301      465     1292
    1381      463      473     1300
    1221      266      276     1222
    1373     1364      454      455
     376     1222     1221      276
    1373      455      454     1292
    1290     1209      362      363
    1290     1299      363      362
    1290      463      363     1299
    1219      274      374     1220
     383     1309     1228      384
    1308      473     1309      483
    1308     1309      383      483
    1218      273     1219      263
    1138      273      263     1219
    1218     1219      363      263
     483      473     1309     1390
     264      263     1210     1219
    1041     1050       55      155
    1218      273     1227      373
     185     1157     1148      285
     465      455     1373     1292
     489      499     1324     1323
     273     1228      283     1227
    1301      364     1300      374
    1074       92      192       93
    1069      187     1150      177
     397     1241     1240      297
    1227      273     1228      373
     373      273     1228     1219
    1228      283      284     1147
    1381      574      474     1390
    1309      474      484     1390
    1299      372      373     1218
     373      372     1227     1218
    1308      372      373     1299
     474     1309      473     1390
     564     1381      464     1372
     476     1392     1311      475
     164     1130      264     1129
    1303      367     1222      377
     356     1204     1203      256
     273      173     1146     1147
     445      446     1356     1275
     355      345     1283     1202
     473     1299     1308      373
     375     1220     1301      374
      63       64     1057     1048
    1286      447      347     1277
    1373      465     1382      565
    1222     1141      267      266
    1294     1293      456      466
    1211     1202      355      354
    1211      355     1292      354
    1292     1283      454      354
    1291      464     1372      454
     276     1140      176     1141
    1300      464     1291      364
    1300     1301      464      364
    1373      564     1382      464
     464      564     1382     1381
    1382      465     1373      464
    1211      365      364     1292
     364     1301     1292      365
    1202      345     1203      355
     465      455     1374     1373
    1291      464     1292      364
    1291      464      454     1292
     464     1373      454     1292
     464     1373     1292      465
    1203      356     1212      355
    1222      267     1213      266
     155      145     1122     1121
    1041      145     1122      155
    1041     1122      156      155
     356     1294      366     1293
    1356      446      436     1275
    1211      365     1292      355
    1356     1357      436      446
     264      265     1220     1211
    1211     1220      365      265
    1205      258      358     1206
     155     1121     1122      255
    1124     1133      157      257
      76     1060     1069      176
     187     1159     1078      186
     255      355     1212     1211
     255      256     1131     1212
     116       16     1005     1014
     255     1130      265     1131
    1129      253      153     1120
     466      366     1303     1294
    1184     1185      225      235
    1339      526      516     1420
    1202      345      245     1203
     257      267     1133     1132
    1041       56     1050      156
    1121     1040      154      155
      53     1039       54     1048
    1129      154     1120      153
    1047     1048       63      163
    1130      154      254     1129
    1210      264     1129      263
    1210      253      263     1129
     263     1128     1129      253
    1129     1128      153      253
      53     1039       44       54
    1138      164      264     1129
    1210      253     1129      254
    1210      264      254     1129
     155      154     1121     1130
     255     1130     1211      265
    1120      154      144     1039
    1120     1121      144      154
      55      155     1040     1041
     254     1130     1211      255
     254      264     1211     1130
     163     1128     1137      162
     164       64     1049     1048
    1047      153       53     1048
      53      153     1039     1048
    1048      153     1039      154
      76       86     1068     1069
     274      284     1147     1228
     266     1132      166     1141
    1139      264     1130      265
    1058       64     1049      164
     164      264     1130     1139
      54       45     1040       44
      44     1040      144     1031
    1149      186      286     1150
    1159      287      187     1160
     264     1139     1220      265
     163     1057     1048       63
     383     1236      393     1237
      65       64       55     1049
      65       55     1050     1049
     154       54     1048     1049
     154     1040       54     1049
    1039      154     1040       54
    1121      145     1040      155
    1121      145      144     1040
     288      287     1160     1151
    1228     1229      374      274
      68     1062     1061      168
     165      265     1139     1130
    1058     1059       75      175
    1239      286      296     1240
     356     1294      357     1213
    1052      157      167     1051
     155     1131     1050      165
    1131     1130      265      165
      86     1078       87       96
    1047       63       62     1056
      66       67       76     1060
    1068      186      185     1149
      54     1040       45       55
     164     1139      174     1138
     273     1138      173     1147
    1131      266     1140      265
    1049      154     1130      164
    1047      163       63     1056
    1312     1321      387      386
     174     1148     1067      184
     677     1466      667     1465
    1240      286     1159      287
    1221     1140      276      266
    1056      163     1137      162
    1137     1056      173      163
     183     1155      283     1156
      64       54     1049     1048
      63       53       54     1048
    1047     1048       53       63
    1047       53       62       63
     163     1056      173     1057
    1137      163      173     1138
     163     1057      173     1138
    1056       63       73     1057
     164      154     1130     1129
    1137     1138      263      163
     163     1138      263     1129
     163     1129      263     1128
    1137      163      263     1128
     153     1129      163     1128
     153      163     1047     1128
     153     1048     1047      163
     153     1129     1048      163
     164     1139     1058      174
      57     1052       67     1051
     188     1079     1080       88
    1058       64      164     1057
    1057       64      164     1048
     163      164     1048     1057
     163     1129     1048      164
    1048      154      164     1129
    1067     1068       75       85
    1148      174     1147      184
     386     1321      387     1240
    1219      273     1228      274
     165     1140      175     1139
    1382      464      474     1301
    1096     1105      227      127
     155      165     1049     1130
    1130      165     1049      164
     165     1058     1049      164
     157      156     1123     1132
     165     1131     1140      265
     277     1151     1232      278
    1131     1130      165      155
     255     1130     1131      155
    1131      155     1122      255
     156      155     1122     1131
     155      156     1050     1131
     266     1221     1140      265
     165      175     1058     1139
     169     1134     1143      168
    1231      287     1232      277
    1237     1236      393      293
     296     1159      196      197
     285      284     1148     1229
     475     1310      375     1301
     183      184     1066     1075
    1057     1058       74      174
     194     1076     1075       94
     174     1057      164     1138
    1058     1057      164      174
    1057       74     1066      174
    1149      285     1148      275
      84     1076       85       94
     185      285     1148     1149
     293      292      193     1155
    1134      158      258     1133
     496     1320      396     1321
    1147     1146      283      183
    1147      173     1146      183
    1238      384      284     1229
    1382     1383      465      475
    1382      475      465     1301
    1066      173     1065       73
     173     1057       73     1066
    1058      174     1067       74
    1066      174       74     1067
    1139      174      175     1058
      84     1076       94     1075
     475      575     1392     1391
    1066     1147      174      184
     183     1147     1066      184
     183      173     1066     1147
    1066      173      174     1147
     173     1057     1066      174
    1066      174     1067      184
     183      173     1065     1066
    1140      275      175     1139
      74       64       65     1058
      74     1057       64     1058
      73     1057       64       74
      73     1057       74     1066
    1149      176      175     1068
      87     1078       97       96
    1149      276      286     1230
    1058     1059       65       75
    1058       75       65       74
    1058       75       74     1067
    1149     1068      175      185
     395      495      494     1319
    1139      174     1148      175
     175      174     1148     1067
     175      275     1149     1148
    1140      275     1149      175
    1140     1149      176      175
    1140      175      176     1059
     165     1140     1059      175
    1391      585      485     1400
      94     1075      193       93
     183       83     1074     1075
      85     1076       95       94
    1220      375      275     1229
    1067     1076       85       84
     778     1637     1638      788
     193     1074       93     1075
     394     1238     1237      294
    1238      285     1157      295
     274     1138     1147      174
    1074       83       93     1075
      83     1075       84       93
    1074       83       92       93
    1400      594      494     1399
     709      609      708     1494
    1067      184     1076       84
     183     1065     1074       83
    1065       82     1074       83
    1074       82       92       83
    1065       82       83       73
      83     1066       84     1075
    1066      184       84     1075
    1240      287     1241      387
    1066      184     1067       84
    1066     1067       74       84
      74     1067       75       84
      84     1067       75       85
      83     1066       74       84
     275      285     1148     1229
     493     1318      494     1399
    1157      294     1156      284
    1237     1236      293      283
    1299      363      373     1300
     374      474     1301     1310
     292     1155      192      193
    1155     1074      192      193
     193     1074      192       93
    1155      183     1074      193
    1067     1076      185       85
    1219     1228      374      274
    1080     1079       98       88
    1157     1148      184      185
     293     1237     1156      294
    1076      184      185     1157
     193      194     1075       94
     193     1156     1075      194
    1156      184     1075      194
     593     1399      493      494
     880     1711      879     1630
     386      396     1320     1321
    1239      385      395     1238
    1300     1219      373      374
    1151      287     1160      187
    1156     1157      184      194
    1076      184     1157      194
     198     1079       98     1080
    1241      398     1242      298
    1139     1138      274      174
     578      577     1475     1394
     275      375     1230     1229
    1076     1157      195      194
    1076      195       95      194
    1076      185      195     1157
    1401      495     1400      595
    1318      484      494     1399
     484     1319      494     1400
     395     1319      394     1238
     386     1321     1320      486
    1400      495      494      594
    1228      374     1229      384
    1381      574     1382      474
    1139     1220      274      264
    1220      375     1229      374
    1228      383      283     1227
     473     1299      373     1300
     294     1237     1156      284
    1138      273     1219      274
     274     1147     1148      174
    1139      274     1148      174
    1139      275      274     1220
     285     1157      284     1238
     285      284     1229     1238
    1237      294      393      394
     593     1399      494      594
     293      294     1156      194
     285      385     1238     1229
     494      484     1400     1399
      70     1063       80       79
     387     1321      397     1240
     357      367     1294     1295
     395      494      394     1319
     484      485     1310     1319
     496      486     1320     1321
    1402      486     1321      487
    1309      374     1228      384
    1310     1309      384      374
    1310      484      384     1309
    1318     1319      394      494
     483     1309      484     1390
     383      384     1318     1309
     384      484     1318     1309
    1156      284      184     1157
     284     1148      184     1157
     284     1148     1229      274
    1228      284     1229      274
     393      383     1237     1318
     294     1157     1156      194
    1308      373      383     1309
    1228     1309      383      373
    1238     1157      294      295
     493     1318      394      494
     293     1155      193     1156
     293     1155     1156      283
    1236     1155      293      283
     294     1157      194      195
    1236      292      293     1155
     392     1236      292      293
     475     1382     1391      474
    1400      595      495      594
    1237      283      284     1228
     383      283     1237     1228
     383     1236     1237      283
     283     1156     1237      284
     374     1300     1301      474
    1237      384      394     1318
     383      384     1237     1318
    1238     1237      284      384
    1301      475     1310      474
    1060     1061       77      177
     378      377     1304     1313
     276     1141     1222      266
     598      498      499     1404
    1070      187      177     1151
     484     1391     1310      485
     484     1391      485     1400
    1476     1475      588      578
     287     1232     1241      387
    1299      363     1218      373
    1308      372     1227      373
    1308     1227      383      373
     373     1227      383     1228
    1308      373     1309      473
    1300     1309      373      473
     395      385     1319     1238
    1310      484     1319      384
     384      484     1319     1318
    1318      484     1319      494
    1300      374      373     1309
    1228      374     1309      373
     384     1238      394     1319
     384     1319      394     1318
     384     1238     1319      385
     699     1566      698     1485
    1311      485      385     1310
    1323      388      389     1314
    1310     1319      385      384
    1382      575      475     1391
    1382      575     1383      475
    1383      575     1392      475
     295      395      394     1238
     377     1313      387     1312
     475      485     1310     1391
     475     1392      485     1391
    1391      585     1392      485
     296      297     1240     1159
     385      485     1311     1320
    1320      485     1319      385
     395     1320     1319      385
     475     1302      375     1311
    1483      587     1402      597
     386     1239     1320      396
    1313      487     1312      477
    1239      286     1158      296
     497     1403     1402      487
     496     1321      397      497
     385     1311      375     1230
     396     1320      395     1239
    1556     1475      678      677
     395     1320      495     1319
    1320      485      495     1319
    1311      386      376     1230
    1630      870      770      780
    1401      485     1400      495
     495     1401      485     1320
    1384     1465      577      576
     585     1392      485     1401
     585      485     1400     1401
    1648      889      890     1729
    1401     1320      495      496
     595     1401      495      496
     597     1403      598     1484
    1384     1393      477      476
     699     1567     1486      700
    1476     1477      679      579
    1241      398      298      397
    1225      379     1224      369
    1322      487     1321      387
      77     1070     1069      177
     688     1475     1484      588
     800      799     1567     1648
     475      485     1311     1310
     485     1392      475     1311
     279     1233      379     1234
    1393      577      477     1394
     166     1131     1140      165
     468      478     1305     1304
    1629      778      878     1638
     795      695     1563     1562
     465     1383     1302      475
    1302     1383      476      475
    1143     1152      178      278
     378     1314      478     1305
    1375      467     1376      457
    1301      475      465     1302
    1241     1160      288      287
     599      699      698     1485
     475      476     1302     1311
    1404      488      489     1395
    1152     1233      278      279
    1304     1295      367      368
    1214      367     1295      368
    1234     1315      379      380
     539     1350     1431      538
     887      877     1637     1718
    1302      376      375     1311
     470     1387      469     1378
    1620      859     1611      759
    1302      476      376     1311
    1321     1312      387      487
    1231      276      286     1150
    1080      188     1071      189
    1301      475     1302      375
    1301     1302      365      375
     466     1293      465     1302
     466     1293     1302      366
    1323     1242      388      398
     497     1322     1403      487
     387      397     1241     1240
     588      587     1394     1475
     875     1626      775     1635
     688     1475      678     1556
    1296     1215      369      359
    1644      885      785     1635
     498     1322      497      398
     148      248     1124     1115
     687     1483     1564      697
     497      487     1321     1322
    1635      776      786     1636
    1484     1403      598      588
    1486      590     1405      600
    1477     1486      690      590
    1196      337     1187      338
    1240      286      386     1239
     356      357     1204     1213
     480     1387     1306      470
    1322     1321      497      397
     599     1486      600      699
     689     1558     1477      690
    1231     1312      387      386
    1141      176     1150      177
     258     1133     1124      257
    1158      286      285     1149
    1268     1277      338      337
    1322      387      397     1241
    1069       87       86     1078
     496      495      396     1320
      67       77       76     1060
    1241      287      288     1232
    1321      486     1312      487
     496     1321      396      397
    1296      468     1305      368
    1384      577      477     1393
      66     1060       76     1059
     377     1313     1312      477
    1240     1231      287      387
     287     1231     1232      387
    1259      428      427     1340
     187      186     1150     1159
     386     1231      376     1230
     396     1321     1240      397
    1238     1239      285      295
     385      386     1311     1230
     387      377     1231     1232
    1212      266     1131      265
    1135      269      270     1144
     289      389     1233     1234
     279      289     1233     1234
    1322      487      387     1313
     285     1239      385     1230
     386     1239      396     1240
    1485      699      689     1486
    1222     1231      376      377
    1385      477      478     1304
      85      185     1077     1076
     396      495      395     1320
    1205      257     1204      357
    1061      167       67     1052
    1215     1134      258      268
    1069      186     1078       86
    1240      286     1231      386
     476     1311     1312      376
     285      286     1239     1230
    1238      385      285     1239
    1311      386     1320      486
    1311     1312      386      486
    1312     1321      386      486
    1311     1312      376      386
     386     1312      376     1231
     385     1320     1311      386
     385     1320      386     1239
     178       78     1071     1062
    1157     1158      185      195
     295     1158     1157      195
     197      187     1079     1160
     395     1239      296      396
      66       76       75     1059
    1405      499     1324      489
    1239      286      285     1158
    1239     1158      285      295
     295      285     1157     1158
    1157      285      185     1158
     299     1162      199      200
     195     1158      185     1077
      99     1080      199      198
    1152     1151      178      278
      57      157     1051     1042
    1079       97       87     1078
      86     1077     1078       96
     297      287     1240     1159
      96      195     1077      196
      75     1068       76       85
    1225      280      380      370
    1068     1077       86       85
     295     1158      195      196
     288     1232     1151      278
    1224      378     1233      278
    1158     1159      196      296
    1158      286     1159      296
     296      286     1159     1240
     277     1150     1151      177
     296     1159      197      297
      78     1071       79       88
     287      187     1150     1159
      88     1070       78     1071
     189      199     1161     1162
      87     1070      187     1069
     275     1149     1230      276
    1231     1150      286      287
     279      179     1143     1152
    1141     1060      176      177
      67     1061       77     1060
      65       66       75     1059
    1059       76       75     1068
     197     1079       97       98
     370     1216      369     1225
    1153      290      289     1234
     197      187     1078     1079
    1149      176      186     1150
    1059       76     1068      176
     195     1158     1077      196
    1076     1077       95      195
      85     1077       95     1076
      95      195     1077       96
     268     1133      258     1214
     276     1231      286     1230
    1077       95       86       85
      97      196       96     1078
      96      196     1077     1078
    1069      186      176     1150
    1069      187      186     1150
     197     1159      196     1078
     197     1078      196       97
     197     1078       97     1079
     187       87     1069     1078
    1068       86       76       85
     197     1159      187     1160
    1396      489      589     1405
     277      276     1150     1141
    1059      166     1140      165
     337     1276     1195      336
      76       77     1069     1060
    1060      177     1069      176
    1141     1142      167      177
    1044     1043      148      158
      58     1044     1053      158
      55       56       65     1050
    1051     1132      166      156
    1069      187      177     1070
    1053     1044      159      158
     170     1135      270     1144
     167     1051      166     1060
     169      159     1134     1053
    1212      256     1203      255
    1150      187      287     1151
    1069     1150      176      177
     146     1123      156     1122
     297     1241     1240      287
     275      276     1230     1221
     197     1159     1078      187
    1142     1151      277      278
    1230      376      276     1231
    1141     1150      277      177
      87     1070     1079      187
    1063     1062       79       69
     167     1061     1060      177
      45      145     1031     1032
    1141     1132      167      267
     167     1142     1061      177
     176      186     1068     1149
     186     1158      185     1149
     436     1348      437     1357
    1159      286     1158      186
     177     1151      277     1142
    1384      477     1303      476
    1161      288     1160      188
      66       67     1060     1051
     265     1221      365     1212
    1068      186     1069       86
    1068     1077      186       86
     186     1077     1078       86
     186      286     1158     1149
    1240      286      287     1231
    1403     1322      497      498
    1153      279     1152      179
    1230      376     1221      276
     476      466     1303     1384
    1374     1373      555      565
    1132     1133      167      267
     246     1194     1113      236
    1017       29     1026      129
    1303      376     1312      377
     377     1231     1232      277
     177      187     1150     1151
    1059      166     1060      176
    1206     1215      359      259
    1140      176     1149      276
     275     1140     1149      276
     275     1140      276     1221
     137     1033      136     1114
     176     1069     1068      186
    1068     1077      185      186
    1077     1158      185      186
     196     1158     1077      186
     196      186     1077     1078
    1224      268     1215      368
    1123      156     1122      256
    1059      166      176     1140
    1050      156      166     1131
      59       60       69     1054
     277      287     1232     1151
    1212     1221      365      366
    1305      378     1224      368
     266     1131     1140      166
    1042      157     1123      147
    1032      135     1031       35
     546     1356     1365      446
    1285      457     1366      447
    1194      245      235     1193
     136      146     1113     1114
    1231      287      277     1150
    1231      276     1150      277
     256     1122     1123      246
     247     1123     1204      257
     119     1098      129     1017
    1294      367      357     1213
      57     1051       67       66
    1053      158     1134      168
    1134     1133      258      268
    1160     1079      188      187
     177      277     1141     1142
     346     1276      446     1275
     656     1447      556     1456
      70     1063       79       69
      50       49     1045       59
      67     1052      167     1051
      66      166     1060     1059
      56       66       65     1050
      77      177     1069     1060
      77       86       76     1069
      87       86       77     1069
      77     1070       87     1069
     168      158     1134     1133
     266      267     1132     1141
     157     1132     1123      257
    1050       66       65     1059
    1050      166       66     1059
     156     1132      166     1131
    1132      266      166     1131
     365     1293      465     1292
      56     1051     1050      156
      56       66     1050     1051
    1214     1133      258      257
    1141      167     1060      177
    1285      446      346     1276
     576      676     1465     1474
      67     1051      167     1060
      57     1043       58     1052
     136      236     1105     1114
      67      167     1061     1060
    1050     1051      166      156
    1141      167      166     1060
    1293     1374      465      455
    1187      238      338     1188
      56     1051       57       66
    1195     1194      246      236
    1213      267     1132      266
     168      167     1133     1142
    1132      157      167     1133
     355     1212      365     1293
    1052      167     1133      168
     188     1079     1070      187
     169     1143     1062      168
    1205      258     1124      257
     445     1284      345     1283
      57      157     1043     1052
     256     1213     1132      266
    1187      227     1186      237
     366     1222     1213      266
     378      377     1223     1304
     436     1275      336     1266
     436     1275     1276      336
    1051      157     1132      156
    1133      167      267     1142
    1051      157      167     1132
    1132     1051      166      167
    1141     1132      166      167
    1009     1090      120      119
     458     1367     1368      558
    1117      240      239     1108
     357      257     1204     1213
     168     1142      268     1143
    1303      467     1304      477
    1296     1305      369      368
     358     1215      359     1206
     466     1303      467     1294
    1302      366     1303      466
    1374      465      565     1383
    1482     1401      595      596
     380      480     1306      470
    1384      477      467     1303
     376     1303     1222      377
     476     1303     1312      477
     267      277     1142     1141
    1141      267      167     1142
    1242      299      289     1161
     355      365     1292     1293
     256      257     1132     1213
    1132      256      266     1131
    1303      466      467     1384
    1052      157     1133      167
     266     1221     1212      366
     257      267     1132     1213
     355     1293     1292      455
     256      255     1122     1203
    1131      255     1122      256
     156     1131     1122      256
    1384      576     1393      476
     399     1243      389     1242
    1132      256     1123      257
     587     1483      687     1484
     156     1131      256     1132
     265     1221     1212      266
    1211      265      365     1212
     255     1212      265     1211
     219     1090     1099      220
     445     1284      446     1275
    1284      346      446     1275
    1213      266     1212      366
    1123      157     1042      156
      45     1032     1031       35
    1194      245      246     1113
    1203      246     1194      245
     346      246     1195     1194
     237      227     1105     1106
     246      245     1122     1113
     467     1385      468     1304
    1296      359      369     1297
     347      357     1205     1204
    1286      348     1277      347
     770     1540     1621      769
     258      158     1124     1133
     377      277     1232     1223
     249      250     1198     1117
     257      256     1123     1204
    1365      456      446     1284
    1383      566     1464      565
    1293      455      465     1292
    1205     1214      357      358
    1241      288     1160      298
    1278      349      348     1287
     566      666     1455     1456
    1212      356     1203      256
    1212     1213      356      256
     356     1213     1204      256
    1374     1365      555      455
     678     1556     1547      778
     456     1365     1374      455
    1394     1393      587      487
     566     1384      466     1383
     335     1194      235     1193
     356      456     1294     1293
    1303      467      367     1304
     467     1295      367     1304
    1222     1223      277      377
     149      148     1125     1044
    1187     1268      327      328
    1213      367      267     1222
    1294     1375      457      467
     389     1323     1314      489
     456     1365      556     1374
     465     1373     1374      565
    1233      379      378     1224
     378     1304      478     1313
     365      375     1302     1221
    1302      366     1221      376
    1383     1374      465      466
     466     1374      465     1293
     476      466     1384     1383
    1294      457     1295      467
     465     1383      466     1302
     466     1383      476     1302
     276     1231      376     1222
     276     1231     1222      277
     276     1141      277     1222
    1222     1141      277      267
     376      366     1221     1222
    1221      266     1222      366
    1302      466     1303      476
    1302     1303      376      476
     476      376     1312     1303
     895     1644      795      796
    1375     1384      466      566
    1384      467      477     1385
    1303      467     1294      367
     366     1303     1294      367
     366     1303      367     1222
     366      367     1213     1222
     360      260      350     1207
    1214      367      357     1295
    1223      277     1232      278
     466     1384     1375      467
    1286      358      357     1295
    1214     1133      257      267
     257     1213     1214      267
    1628      778      878     1629
     368     1304      378     1223
    1225      379      380     1234
     277     1223     1142      278
     277      267     1142     1223
    1225      370     1306      369
    1134      159     1125      158
    1222      267      277     1223
    1222      267     1223      367
     468     1296     1295      368
    1214      257      357     1213
     467      468     1295     1304
    1225      380     1306      370
     357      457     1286     1295
    1296      369      469     1297
     370      460      470     1297
     467     1385     1376      468
    1205      358      357     1286
    1295      367     1294      467
     357      367     1214     1213
     478      477     1313     1304
     390      290     1243      300
    1455      655      656     1536
    1305      378      368     1304
     258     1206      248     1125
    1700     1619      857      867
    1144      269     1225      279
     467     1294     1375      466
    1375     1294      456      466
     757      767     1619     1538
    1096      126      226     1105
    1143     1144      269      169
     467     1376     1295      468
    1384      567     1375      467
     926      935     1671      925
     667     1538     1537      657
     567     1385      577     1466
    1295     1296      458      358
    1369      449      549     1368
     279     1153     1234      280
    1006       17       16     1015
    1144      180      280      270
    1015       26     1024       27
     358     1214      357     1295
     566      556     1456     1455
    1484     1483      697      597
    1464     1455      665      565
    1063      179      180     1072
     335      325     1185     1266
    1376     1295      468      458
    1041      146     1042      156
    1279      439     1270      440
    1206      259      359     1207
    1232     1223      278      378
     448     1277      348     1278
    1205      257      357     1214
     159     1044     1125      158
      60      160     1054     1045
     126      127     1015     1024
     778     1637      878     1638
     450      360      350     1288
     567     1385     1376      467
    1517      645      745     1518
     567     1376     1375      467
    1384     1385      567      467
     459      449     1369     1368
    1620     1539      758      768
      50     1045     1036      150
    1162      200      299      300
     170     1144      180     1063
     238     1115      138     1106
    1233     1232      278      378
    1153      180     1072      190
     409     1251      408     1332
    1629     1638      879      779
     360      359     1297     1216
     468     1295     1296      458
    1296      369     1215      368
    1214      367      368     1223
     458     1295      358     1286
     457     1286     1295      458
    1359      438     1278      439
     590     1477      589     1396
     450     1279     1360      449
    1378      459      469     1297
    1081     1080      199       99
     470     1378      469     1297
    1450      560      660      650
     908      918     1656     1655
     269      369     1225     1224
     470      570     1387     1378
     488     1313      478     1394
     379     1225     1306      369
     146      246     1113     1114
    1305      479     1306      379
    1394      477     1313      478
    1394      477      478     1385
     368     1215     1296      358
    1215     1214      358      368
     170     1135     1144      169
     468      368     1295     1304
     288     1232      278     1233
     269     1225      279     1224
     368     1214      358     1295
    1295      368     1296      358
     468     1305      368     1304
    1305      478      378     1304
     279      379     1224     1225
    1296      469      369     1305
    1232      377      378     1313
    1232      377     1223      378
    1088      218      217     1169
     268     1142     1223      278
    1531      660      760      750
      50     1036     1045       49
    1243      390      389     1234
     288     1232     1233      388
    1531      660      750      650
     698     1484      598     1485
     778      777     1547     1628
     650      550     1450      560
     369     1305      469     1306
     619      618     1422     1413
     370      470     1306     1297
     380      470     1306      370
    1306     1297      469      369
     500      400     1324      499
     370      360      460     1297
     370     1216      360     1297
     219     1180      319     1171
     787     1564     1645      797
     599      499     1405     1404
     459     1296     1297      359
     568     1385      468     1376
    1404      498      499     1323
    1404      488     1323      489
     399     1243     1242      299
     760     1540      670      660
    1387      569     1378      570
    1297      359      360     1288
     599      500     1405      499
    1566     1557      688      689
     688      689     1476     1485
     390      300     1243      400
    1323      399     1242      398
     599     1486     1405      600
    1305      479      469     1306
     169      179     1062     1143
     668     1458      568     1467
     438     1358     1349      538
    1293      456      455     1284
     460      560      470     1378
    1468     1549      669      670
     269      259     1215     1134
    1216      359     1297      369
     459     1369      559     1368
    1457      558     1448      557
    1413      509      508     1332
    1378      460     1369      459
    1376     1377      558      458
    1377     1368      558      458
     678     1556      778     1557
    1063     1054      169       69
     139      138     1116     1035
    1207      359      360     1216
    1306     1387      469      470
     480      570     1387      470
     748     1530     1521      648
    1135      259      260     1216
    1143     1142      268      278
     259     1215     1216      269
     259     1215      359     1216
    1207      259      359     1216
    1216      260      360     1207
    1115      137     1034      138
     288     1242      388     1233
     108     1088     1007      107
      79      179     1072     1071
     188     1079       88     1070
    1314     1313      378      478
    1234     1315      380      390
     270      260      360     1216
    1135     1216      260      270
     370      270      360     1216
     149      150     1036     1045
     149      159     1126     1045
     140      130      230     1108
    1070     1061      178      177
    1062      179      178     1143
    1215     1214      258      358
    1097     1016      127      128
    1116      248      249     1125
      58       67       57     1052
     169     1053     1134      168
     436      536     1348     1357
    1198      339     1197      239
     138     1034       38     1025
      59     1054      159     1045
    1126     1117      250      249
     160     1126      260     1135
    1117     1116      249      149
    1288      450     1369      449
    1270      329     1261      429
     440      430     1351     1270
     340      430      440     1270
     149     1117     1036      150
     269      169     1135     1134
     188      288     1160     1151
    1035      148     1116      149
      59       60     1054     1045
    1144      180      270      170
    1043      157      158     1052
    1034       47       48       38
     329      330     1180     1189
    1135      169      159     1134
     259     1135      159     1134
     259      159     1125     1134
      70       60     1054       69
      58     1044       59     1053
      69     1054      169     1053
    1135     1054      160      159
    1314      389      379     1233
      60     1045      150      160
      59     1045      159     1044
      59     1054     1053      159
     339     1189     1188      239
      58       48     1044     1043
    1189      330     1180      230
    1053     1054      169      159
      59     1044      159     1053
     268     1223     1224      278
      59     1054       69     1053
     249      349     1206     1197
     259      159     1126     1125
     249     1126      149     1125
     259     1126      249     1125
     240      330     1189      230
    1198      250      249     1207
    1054      160      159     1045
    1224      378      278     1223
    1061       77       68       67
     188     1151      178     1152
     269     1134     1215      268
     190       90      180     1072
     190       90     1072     1081
    1305     1224      369      368
     389     1324      489     1315
     168     1133     1134      268
    1061     1052       68      168
     279     1143      269     1224
     368      378     1224     1223
     499      400     1324      399
     379     1305      378     1224
     168     1133      268     1142
      69       68       59     1053
     168     1052     1053      158
    1062       68     1053      168
     168     1062      169     1053
    1062       69      169     1053
    1063     1062       69      169
    1063      179     1062      169
     279     1143     1224      278
      80     1063      180     1072
    1133      267      268     1142
    1142      267      268     1223
     268      267     1214     1223
    1214      368      268     1223
    1133      267     1214      268
     169     1134      269     1143
    1143     1134      269      268
     279     1144      269     1143
     279     1144     1143      179
    1063      170     1144      169
     269     1215      369     1224
     268     1223      368     1224
     379      380     1306     1225
    1216      269     1225      270
     270     1216      370     1225
     489     1396      479     1315
    1063      179       79     1062
      79      179     1071     1062
    1054     1135      170      169
    1054      170     1063      169
      70      170     1063     1054
      70      160      170     1054
    1054      160      170     1135
     170     1135      260      270
    1135      269     1216      270
    1241      398      388     1242
     298      299     1242     1161
    1144      280     1225      270
      89     1072      189     1071
    1062      179     1071      178
     178     1061     1142      177
    1314      379      378     1233
    1243      390     1234      290
      79     1062     1071       78
    1144      279     1153      179
     198     1160     1079      188
      99       89     1080       98
      90      190      100     1081
    1151     1142      178      278
     178     1142     1143      278
     168      178     1142     1143
     168      178     1061     1142
     168     1062     1061      178
     288     1151      188     1152
    1143      179      178     1152
     288     1151     1152      278
    1070     1151      177      178
     188     1070     1071      178
    1151     1070      188      178
     390      400     1243     1324
    1242      289      288     1161
     398     1322      388     1323
     390     1324     1243      389
    1161      288      188     1152
      90       99     1081      100
      90       89     1081       99
    1162      199     1161      299
    1080       88       89     1071
    1081       89     1080       99
     178     1070     1071       78
    1061      178       78     1070
      77     1061       78     1070
    1070       78       77       87
     189     1081     1162      190
      77     1061       68       78
      70      170       80     1063
    1081       90     1072       89
      80       79     1072       89
      80      170      180     1063
     200     1162      199     1081
      90       80      180     1072
    1323      399      389     1242
    1080       88       98       89
    1072      179     1153      189
    1072      179      189     1071
      89      189     1080     1071
    1241     1160      297      298
     188       88     1080     1071
    1243      290     1234      289
    1404      488      498     1323
     489      488     1323     1314
     189      188     1071     1152
     199      299      298     1161
     100      190      200     1081
    1153      280      290     1234
    1153      190      189     1162
     189      179     1152     1071
    1153     1234      289      279
     290      200     1162      300
     199     1080     1161      198
     298     1160      198     1161
     298      288     1160     1161
     189      179     1153     1152
     100     1081      199       99
     700     1567      690      790
     200      190     1162     1081
     297     1160      197      198
     197     1160     1079      198
     197      198     1079       98
     298     1160      297      198
     397      298     1241      297
    1323      389      388     1242
     388      389     1233     1242
     288      289     1242     1233
     189     1080     1161      199
    1161      188     1080      189
     100     1081      200      199
     298      398     1242      299
    1315      490      480      390
     489      490     1396     1315
     290     1234      380      390
    1153      280      190      290
     189     1072     1081      190
    1153     1072      189      190
      89     1072     1081      189
      89      189     1081     1080
    1081     1080      189      199
     498     1322      398     1323
     388     1313      378     1314
     398      399     1242      299
     290      190     1162      200
    1241     1322      388      398
    1395     1394      488      478
    1225      270      280      370
    1152     1153      289      279
     290      190     1153     1162
    1234      290      380      280
     388      389     1314     1233
     279      280     1234     1225
    1241      388      288     1242
    1234      280      380     1225
     498      398      399     1323
    1233     1232      378      388
     399     1324      389     1243
    1161      289      288     1152
     189      289     1161     1152
     189     1153      289     1152
    1153      189      289     1162
     289      189     1161     1162
    1161      299      289     1162
     289      299     1243     1162
    1162      290     1243      289
    1162      290      289     1153
    1243      300      399      400
     298     1242      288     1161
    1323     1324      389      399
    1153      180      190      280
    1153      180      280     1144
     279     1153      280     1144
     279      280     1225     1144
    1241     1232      288      388
     388     1232      378     1313
     388     1313      387     1232
    1241      388      387     1232
    1241     1322      387      388
     388     1322      387     1313
    1243      300      299      399
     389     1324     1315      390
    1396     1405      490      489
    1404      499      489     1323
    1315     1314      479      489
    1234      389     1315      390
     378      379     1314     1305
     479      489     1314     1395
     479     1314      478     1395
     489     1324      490     1315
     490      400      390     1324
    1396      480      479     1315
    1485     1476      588      589
    1395      589      579     1396
    1395      488     1314      478
     589      489     1404     1405
    1315      480      380      390
    1315     1314      379      479
     479     1306      379     1315
     996     1725     1726      986
     389     1323      489     1324
    1402     1403      597      587
     578      588     1395     1394
    1234      389      379     1315
     389     1314      379     1315
    1383     1384      476      576
     865      965     1707     1706
    1405      500      490     1324
     388     1322      488     1323
     388      488     1313     1314
    1314     1313      478      488
    1405      499      489     1404
    1315     1306      379      380
     388      488     1314     1323
    1403      488     1394      487
     487      488     1394     1313
     487     1322      488     1313
     388     1322     1313      488
    1403     1322      488      487
    1403     1322      498      488
    1404     1403      498      488
    1386      479      478     1395
    1405      500     1324      499
     500      400      490     1324
     480     1387      479     1306
     479     1387      469     1306
    1486      690      600      700
    1404      588      488     1395
    1402      487     1321      497
    1555     1554      786      686
    1707     1716      876      875
     699     1486      600      700
     579     1386     1395      479
    1387     1386      579      479
     580      490      480     1396
     679     1549     1548      669
     590      500      490     1405
    1305     1386      469      479
    1386     1387      469      479
     479      478     1305     1386
    1314      478     1305      479
     480     1306     1315      380
    1538      768     1619      758
    1386     1395      578      579
    1387     1396      580      480
     587     1403      597     1484
     590     1405      490     1396
     588     1484     1403      587
    1396      490      480     1315
     695      685     1563     1562
     600      500      590     1405
     480     1387     1396      479
     568     1458      569     1467
    1396      489      479     1395
    1553      675      685     1554
    1476     1477      589      689
     600      500     1405      599
     539     1441     1440      639
     598     1484      588     1485
     590      490      580     1396
    1395     1386      578      478
     680     1477      590      580
    1630     1549      779      780
     699     1567      689     1486
    1401      486      496     1402
     797     1565      697      698
     800     1648     1567      790
     789     1567     1558      689
    1395      489      589     1396
     476     1312     1393      477
    1396      579     1395      479
    1395      578     1394      478
    1549      769     1548      669
     879     1710     1719      878
     666      667     1537     1456
    1727     1646      898      888
     997     1726      996      897
     877      878     1637     1718
    1485      689      589     1486
     599      699     1485     1486
    1387      580      570      480
     589      590     1396     1405
    1548     1549      679      779
    1484      688      588     1485
     570     1387     1468      580
    1486      689     1477      690
    1386      568      578     1385
    1387     1396      579      580
     789      889     1639     1648
     680      690     1558      780
     619     1504      629     1503
    1457      558     1376      568
     588     1403      598     1404
     589     1486     1477      590
     668      658     1457     1458
     579     1396     1477      580
     657     1457      557     1456
    1466     1385      577      578
     478      578     1394     1385
     789     1557      779     1638
    1467      678      679     1476
     686     1555     1554      676
    1477     1396      590      580
    1396     1387      579      479
    1486      590      589     1405
    1486     1405      589      599
     696     1482     1563      695
     687     1484     1565      688
     680      690     1477     1558
     680     1477      679     1558
     579     1395      578     1476
    1466      567     1465      577
    1386      579      569     1387
     586     1474      686     1473
     579      589     1477     1396
     689     1567     1558      690
     568     1458     1457      558
     886      876     1716     1635
    1476      589     1477      579
     889      989     1720     1729
    1557      778      779     1638
     585     1482     1473      586
     598     1403      498     1404
     597     1403      497      498
    1312      486     1393      487
     596     1482      696      695
    1394     1393      487      477
     576     1392     1393      476
     558     1458     1377      568
     760      770     1621      860
    1548      769     1549      779
     795     1563      785     1562
     689     1558      679     1477
    1476      689      679     1477
     888     1647      898     1728
    1557     1558      679      689
    1476     1557      679      689
    1312     1393      477      487
     578     1476     1395      588
    1395      588      488     1394
     587     1474     1393      577
    1485     1566      688      689
     698     1566      688     1485
    1401      486     1402      586
    1474      677     1475      687
    1482      685      695     1481
     695      685     1482     1563
     586      686     1483     1482
     575     1464      576     1473
     575      576     1392     1473
    1475      687      688     1484
     687      677     1556     1555
    1467      669     1458      569
     688     1557     1476      689
    1476     1557      688      678
     697     1484      698     1565
     599      598      499     1404
     497     1403      597     1402
     476     1312      486     1393
    1393     1392      486      476
     598     1403      597      498
    1483      687      686     1474
    1404     1403      488      588
     588     1403      488     1394
     698      688     1484     1485
     890      800     1648      900
     589     1476      588     1395
     589      588     1404     1395
     599     1485      589     1486
     599     1485     1404      589
    1476      678     1475      578
    1720      979     1719      879
    1485      588     1404      589
     699     1566     1485      689
     586     1483      596     1482
    1483     1402      586      596
     688     1476      588     1485
     598      588     1404     1485
     599      598     1404     1485
     599      698      598     1485
     585      586     1401     1482
    1725      995      896      895
     685      675     1473     1554
     579      578     1467     1476
    1464      676      576     1473
     666     1546     1537      667
    1483     1402      596      597
     585     1482     1401      595
    1401      586     1402      596
    1555      777     1556      787
    1563      685     1482      686
     666     1545      676     1464
     785      685     1563     1554
     595     1482      596      695
    1634     1635      785      885
     586     1474     1483      686
    1557     1556      688      678
     497      596      496     1402
    1401     1402      496      596
     795     1644     1563      796
     776     1554      676     1545
     585      685     1482     1481
    1393      486     1402      487
     595     1482      695     1481
     585     1482      595     1481
    1393      486      586     1402
    1484      697      698      598
     585      685     1473     1482
    1365      456     1284      455
    1393     1402      587      487
     676     1474      576     1473
    1637      787      788     1556
     586      576     1474     1473
     496     1402     1321      497
     697     1483      696      597
     586      587     1483     1474
    1530      649      659     1531
     588      587     1403     1394
     696     1483      596      597
    1383      576      476     1392
    1383      576     1392      575
     586     1392     1393      576
     675      676     1464     1473
    1476      678      688     1475
    1476     1475      688      588
    1393     1392      586      486
     586     1392     1401      486
     585      586     1392     1401
     585     1473     1392      586
     687     1475     1556      677
     747      647     1529     1520
    1564     1483      696      697
    1384     1465      566      567
     567     1465      566     1456
    1393     1474      586      576
    1393      587      586     1474
     677     1466     1465      577
    1466     1457      667      567
    1457      567      557     1456
    1447      657     1448      557
    1626      776      766     1545
     676     1554      686     1473
     696     1563      795      695
     685     1554     1473      686
    1536     1537      656      666
    1636      877      887     1717
     797     1564      796      697
     565     1455      665     1454
    1474      676     1555      686
    1553      675     1554      775
     516     1410     1329      506
    1465      676      677     1474
    1553     1554      785      775
    1553      685      785     1554
     557     1375     1456      567
     665     1455      666     1536
    1556      777     1547      778
     596     1482     1483      696
    1565     1564      697      687
     886      887     1726     1717
     686     1563      696     1482
    1556      777     1637      787
     795     1563     1644      785
    1554      685     1563      686
    1630      779      879     1639
    1600     1681      836      837
     566      567     1375     1384
    1636      787      887     1637
     886     1636      887     1717
    1484      597      697      598
     889      879     1638     1639
    1629      778      768     1628
    1645     1564      796      797
     758     1619      757     1610
     566     1456     1375      567
    1602     1601      748      738
    1474      676      677     1555
    1646      787      797     1565
     568      558     1376     1377
     776     1626      775     1545
    1645     1726      897      896
     975     1716     1707      875
    1565      787      687     1556
    1554      776      775     1545
    1474      677      687     1555
     879     1629     1630      869
    1725      885      886     1716
     587      687     1483     1474
    1565     1556      687      688
     698     1565      688     1566
    1564      686      687     1555
    1565     1484      698      688
     787     1555      687     1556
    1563      686      696     1564
     696      686     1483     1564
     798     1646      797     1565
     798     1565      797      698
    1648      800      899      900
     579      578     1386     1467
     568     1466      578     1385
     897     1646      797      798
     687     1483      697     1484
     986      996      987     1726
     997      897      898     1727
     665      655     1455     1536
     995     1725      996      986
     988      997     1727      987
    1645      787     1646      887
     886     1717     1726      986
    1692      949      948     1683
     798      799      898     1647
    1566      699      798      799
     797     1564      697     1565
     777      877     1637     1636
    1555      777      677     1556
     577     1385      477     1394
     568     1377     1386      569
     878      879     1629     1638
     339      329     1269     1188
     580      579     1468     1477
    1548     1547      768      778
     568     1377      569     1458
     868     1620     1701      858
    1536      655      656     1527
     787     1564      797     1565
    1565     1564      687      787
     786      776     1555     1636
     886     1635     1644      786
     789     1566     1647      799
    1636      777     1555      787
     787     1555      786     1564
     786      686     1564     1555
    1717      977      987      986
     886     1645     1726      887
     776      777     1555     1636
     786     1554     1563      686
    1689      955      946      956
    1728      898      998      899
    1644      885     1635      886
    1634      875     1635      885
    1634      875      775     1635
    1554      785      786     1563
    1635     1626      775      776
    1635      776      775     1554
     885     1716     1635      886
    1555     1554      676      776
     777     1636     1637      787
    1645      887      897     1726
    1645      887     1646      897
     856     1617      866     1618
    1636      877     1637      887
     787     1555     1636      786
     865     1698     1707      965
     786     1555      776     1554
    1635      786      776     1554
    1554      785     1635      786
    1645      897      797      896
     127     1105      227     1106
     995     1725      986      985
     858     1701     1700      958
    1635     1636      876      776
     897     1646     1727      887
    1645     1636      786      787
     787     1564      786     1645
    1645     1564      786      796
    1645      786     1644      796
     886      786     1644     1645
     886     1636      786     1645
    1645      787      797     1646
     569     1378      469     1387
    1717      877      876     1636
    1725      886     1644      896
     896      886     1644     1645
    1725      885     1716      985
     985     1715      885     1716
     885     1715      875     1716
    1716     1715      875      975
     985     1715     1716      975
     885      875     1635     1716
     876      886     1716     1717
     976     1708      876     1717
     886     1717      876     1636
     875     1626     1635      876
    1635      876     1626      776
     866      867     1618     1627
    1689      955      945      946
    1708      976      966      967
    1546     1555      677      676
     886     1645      896     1726
    1727     1726      897      887
     886      896     1725     1726
     996     1725      896     1726
    1522      749     1521      739
    1727      898      998     1728
     987      996      997     1726
    1636      787     1645      887
     886     1636     1645      887
     988      987     1727     1718
    1717      887      987     1718
     769      869     1621     1630
    1717      887     1726      987
     986     1717     1726      987
    1629      868     1620      869
     788     1556      688     1557
     998     1728      989      988
     929      939     1675     1674
    1645     1646      797      897
    1648     1639      890      889
     997     1726     1727      987
     997     1726      897     1727
     657      757     1528     1529
     988     1727      998     1728
     998      997     1727      988
     799      789     1567     1648
     700     1567      790      800
     788      787     1565     1556
    1710      969      869     1711
    1557     1566      789      689
     889     1720      879     1639
     789     1647      889     1648
     800      899      799     1648
    1565     1556      688      788
     799      899      898     1647
    1566      799      798     1647
    1567      790     1648      789
     788     1557     1566      789
    1720      979     1711      980
     690     1567     1558      790
    1728      999      989     1729
     890      880     1639      790
     799      899     1647     1648
    1566     1567      789      689
     888     1638     1647      889
     858     1619      758     1610
     788     1557      789     1638
     800      799      700     1567
    1566      699      799     1567
     799      699      700     1567
    1728      989      889     1729
    1557      789     1558      689
    1718      878     1637      888
    1566     1565      688      788
    1646      788      798     1647
     788     1566      798     1647
     567     1457     1376      568
    1648      900      899     1729
     919      928      929     1665
    1629      768      769     1620
    1720      880     1639      890
     556      546     1365     1366
     799     1647      789     1648
    1720      989      979      980
     880     1630     1639      780
     788      888     1637     1638
     888      988     1718     1719
    1646      798      898     1647
     889     1720     1639      890
    1646     1565      798      788
    1646      787     1565      788
    1548      768      769     1629
     559      558     1368     1449
     858      758     1611     1610
     658     1538      758     1539
     670      680     1549      770
     888      878     1637     1638
     880      879     1639     1630
     956      957     1699      966
    1531      659     1540      660
    1674     1683      839      838
     858     1701      958     1692
     768     1548     1539      668
    1630      869      870     1711
     859     1701     1702      869
     889     1720      890     1729
     788     1646      888     1647
     579     1467      679     1476
    1675      839      829     1674
     989     1720     1719      889
    1728      889     1719      888
    1728      989      988     1719
    1728     1719      988      888
    1728      989     1719      889
    1638     1719      888      878
    1638      889      888     1719
    1729     1720      890      990
    1536      766     1537      666
     790      880     1639      780
     790     1558      780     1639
     690      790     1558      780
     899     1647     1648      889
     899     1647      889     1728
    1628      877      878     1637
     789     1647     1638      889
     888     1719     1718      878
     999      989     1729      990
    1729      989     1720      990
     968     1710      969     1701
    1548      669     1539      668
     890      990      900     1729
     990     1000      900     1729
     999      990     1729     1000
     788     1646     1637      888
     887     1637     1646      888
     887     1646     1727      888
     887      888     1727     1718
    1718     1727      988      888
     887     1637      888     1718
    1720     1711      979      879
    1701      969     1702      869
    1720      879     1639      880
    1720     1711      879      880
    1600      847      846     1681
     779      778     1629     1638
     560     1378     1459      570
     757     1538     1619      758
    1500      615     1499      625
     959      969      960     1702
     889     1720     1719      879
    1710      978     1719      878
    1465     1474      577      576
     968     1709      868     1700
     759     1540      659     1539
     975     1716      985      976
     856     1617     1698      866
    1377     1458      558      559
     967     1709     1700      867
     468     1296     1377      458
     989      979     1719     1720
     989      979      988     1719
     979      978      988     1719
     656     1456      556     1455
    1590     1599      736      735
    1700      868     1701      858
     878     1710     1629      879
     658     1529      758     1538
    1711     1710      979      879
    1709     1708      967      977
    1654      907      917      916
    1702      860     1621      870
     738      638     1520     1521
    1711      880      970      870
     869     1702      859     1621
    1629      869      769     1630
     979      978     1719     1710
     558      458     1367     1376
     668     1547      768     1548
     327     1268     1259      328
     758      757     1538     1529
     769     1620     1621      869
     865     1707     1626      875
     769      669     1539     1548
     568      569     1386     1467
     979      969      978     1710
     950     1693      960      860
     869      969     1702     1711
    1558      779      780     1639
    1349      537     1430      538
    1468      579      679     1477
     879      869     1630     1711
    1711      969      979     1710
    1468     1387      569      579
    1468     1387      579      580
     856     1617      855     1698
     858      859     1701     1692
     858      859     1611     1620
    1539      768     1538      758
     537     1429      637     1438
     776     1555     1546      676
     565      555     1455     1454
    1458      658     1457      558
    1621     1620      859      869
    1628     1619      868      867
    1707     1698      966      965
     348      338     1197     1278
     777      877     1628     1637
    1629     1620      769      869
     879     1629      869     1710
     658      758     1530     1539
     949     1692      849     1683
     858      859     1692     1611
    1537      657      656     1456
     977     1708      976     1717
    1702      969      970     1711
    1701      869      859     1620
     129     1018      130     1099
    1603      850      849     1684
     680      580     1468     1477
     680     1468      679     1477
     550     1369     1450      560
     569     1467      669     1468
    1611     1620      759      758
    1611      759     1530      758
     759     1539     1530      758
     569     1467     1468      579
     748     1610     1529      747
     850     1612      760      750
    1702      860      859     1621
    1450      660     1531      650
     858     1701      859     1620
     956     1690      946     1689
     870     1702      860      960
     840     1684      940      850
    1684      949      950     1693
     839      838     1602     1593
    1702      969      960      970
     870     1702      960      970
    1701      959      968      958
    1446      545      546     1437
     649     1450      659     1531
     967     1708      976      977
     807      907     1654      906
    1701      959      958     1692
     945      946     1680     1689
     859     1693     1692      849
     909      809     1656     1657
     859      959     1692     1693
     859     1702      959     1693
    1684      850      849     1693
     859     1701      959     1702
    1701      969      959     1702
    1701      969      968      959
     710     1576     1495      709
     859     1701     1692      959
     866     1617      766     1618
     968     1709      967      977
     977      978      968     1709
     978     1710     1709      878
     877     1718     1709      878
    1558      779     1639      789
     977     1718      978     1709
     867      868     1700     1619
     859      860     1693     1612
    1699      856     1618      857
    1519      736     1600      746
     757     1609     1528      747
     756     1618      856     1609
    1627      877     1708      867
     858      958     1691     1692
     977      877     1708     1717
     658     1538     1539      668
    1717      976      977      986
     876     1716      976     1717
    1675     1666      930      929
    1698      956     1699      966
    1681      836     1680      846
    1626      865     1617      866
    1709      877     1708      977
    1708      877      876     1717
    1708      866     1699      966
     866      865     1617     1698
     936      836     1680     1681
    1708      966     1699      967
    1627      867     1708      866
     876      976     1707     1708
    1626     1617      766      866
     956      856     1690     1689
    1374     1375      466      566
    1700      958      968      967
     868     1710     1701      869
    1636      876      776     1627
    1689      856      855     1698
     856     1608      855     1617
    1626     1707      866      876
    1628      768     1629      868
    1636      877      876     1627
    1689      956     1698      955
     955      965      956     1698
    1600      846      836     1681
     749     1531     1530      759
    1531      749     1522      750
    1673      937      927      928
     756     1618     1609      757
     956     1698      856     1689
     968      868     1710     1701
     866     1707     1708      876
    1700      958      967      957
     968      868     1701     1700
     658     1539     1530      659
    1689     1608      855      856
     956     1698     1699      856
     956      856     1699     1690
    1376      468     1377      458
    1700      867     1699      967
    1458      658     1539      668
    1619      858      857     1610
     928      938     1674     1673
    1707      976      975      966
    1626      876      866     1627
    1707      976      966     1708
     779     1638      879     1639
    1628      768      868     1619
    1690     1691      857      957
     847     1691      857     1690
    1627      877     1628      777
     568     1467      578     1466
    1546     1547      777      767
    1517     1518      745      735
    1708      867      967     1699
    1708     1709      967      867
    1377      568      468     1376
     877     1709     1708      867
     957     1700     1699      967
     868     1701     1620      869
     876     1627     1708      866
    1709     1628      868      867
     938     1683     1674      838
    1167      315      305     1248
     876     1716     1707      976
    1707     1716      975      976
    1636      877     1627      777
    1629     1710      868      869
    1708     1707      866      966
    1707     1698      866      966
     865     1698      866     1707
     865      866     1626     1707
    1700     1691      958      957
    1691     1700      857      957
     957      857     1699     1700
    1700      857     1699      867
    1286      457     1285      447
    1691      858      857     1700
     858     1691      958     1700
    1627      877      867     1628
     877     1628     1709      867
     877      878     1709     1628
    1384      577      567     1385
     457     1375     1366      557
    1522      640      650      740
     567     1466      568     1385
     968     1709     1710      868
    1709      878     1710      868
    1709      878      868     1628
    1467      578      678     1476
     846      845     1680     1689
     647      657     1448     1447
     767      757     1537     1538
    1359     1278      448      449
    1540      669      659     1539
     227     1096     1177      226
    1537      757      657     1538
    1610      858      857     1691
     847     1610      857     1691
     640      550     1441      650
    1546      667      767     1537
    1517      635     1518      735
    1674      938      838     1673
    1619     1620      758      768
     779     1629     1548      769
    1449     1368      548      558
     858     1620     1611      758
     668      768     1538     1539
    1547     1538      767      667
    1278      339     1269      338
    1557      778     1638      788
     950      850     1693      860
     566     1455     1464      565
    1374      555     1455      565
    1464      666      665     1455
    1600      737      736     1519
     560     1459      559     1450
     770     1540      670      760
    1447     1366      556      557
    1355      545     1356      445
    1628      768     1619      767
     867     1619     1618      767
     867     1628     1619      767
     778      768     1548     1629
     736     1509     1510      726
    1464      666     1455      566
     867      767     1618     1627
    1377     1296      459      458
     668      768     1547     1538
     758      757     1529     1610
     769     1540      759     1539
    1197     1196      348      248
     556     1446     1365      546
    1017      119     1008       19
     767     1619     1618      757
     867     1628      767     1627
    1383     1464      566      576
     668     1547     1548      678
     678     1547     1548      778
     677     1556     1547      678
     677     1465     1474      577
    1383     1374      566      565
     530     1342     1351      430
     516     1411      506     1330
    1546     1627      766      767
     736     1510      737     1591
     836     1590     1671      835
     665     1545     1536      666
    1545      766     1536      666
    1546      776      676     1545
     658     1457     1538      668
    1032     1113      145      135
    1440      539      538     1359
    1455      655      665     1454
    1546     1545      676      666
    1537      766      767     1546
     556     1447     1446      546
     767      757     1618     1537
    1537      766     1546      666
     766      776     1546     1545
     776     1627      766     1546
     776     1627     1546      777
     777     1555     1546      776
     777     1555      677     1546
     677     1547      777     1546
     766      756     1536     1537
     766      756     1537     1618
     766     1617      756     1618
     856      756     1617     1618
     856     1608     1617      756
     755      756     1617     1608
     755     1527      756     1608
     755     1527     1536      756
    1536     1527      656      756
     755     1536     1617      756
     766     1617     1536      756
     547     1439     1358      548
    1358      548      538     1359
     527      537     1429     1430
    1608      746      846     1599
     656     1527     1528      756
    1537      656     1528      756
    1537      756     1528      757
     126      136     1105     1024
     136     1105     1024      137
     655     1446      656     1527
    1196     1277      337      338
    1041      145       45     1032
    1512      628     1511      638
    1355      535      435     1356
     655      645     1446     1527
    1330      517      507     1331
     456      556     1365     1366
     556     1366      456     1375
    1366      457      456     1375
    1455      656      666     1536
    1608      756     1609      746
    1537     1456      656      666
     926     1672     1671      936
    1285      347     1276      346
     660     1459      659     1540
    1374      555      556     1455
    1375      556      566     1374
    1375      556     1456      566
     577     1474     1393      576
    1384      577     1393      576
    1456      667     1537      657
    1456      567      667     1457
     557     1457     1376      567
     666     1546     1465      676
    1465     1546      677      676
    1457      558      557     1376
    1464      676      666     1465
    1464      666      566     1465
    1464     1465      566      576
     576      566     1384     1465
    1464      676     1465      576
    1610      857      757     1609
     587      577     1393     1394
    1547      667      767     1546
     677     1547     1546      667
     677      667     1546     1465
     666     1465      667     1456
     677     1547      667     1466
     666     1546      667     1465
    1384     1465      567      577
      39     1027     1026       29
     350     1207     1198      349
     825     1670     1671      835
    1466     1547      668      678
     677     1547     1466      678
     678      677     1475     1466
     677      577     1475     1466
    1547      668      667     1466
    1547      668     1538      667
     759     1620     1539      758
     658      657     1538     1457
    1529      657     1538      658
    1466      668      667     1457
     667      668     1538     1457
    1378     1377      469      459
    1377     1296      469      459
     628     1430      627     1511
     667     1457     1538      657
    1456     1457      667      657
    1125      248      258     1124
    1447      657      557     1456
     669     1540     1549      769
    1377      558     1368      559
    1386      569      469     1387
    1449      648      658     1448
    1467     1466      678      578
     436     1357      437     1276
     570      580     1468      670
     679     1467     1468      669
     640      639     1441     1432
     538     1440      638     1431
     788      778     1556     1557
    1441      550     1450      650
    1529      758     1530      658
     836     1599      736     1590
     658     1530     1449      659
     460      550      560     1369
     649     1441     1450      650
     838     1601      848     1602
    1513     1512      739      639
     779     1638     1639      789
    1023      126       26     1024
     779     1630      780     1639
    1468      670      669     1459
     648     1440      649     1521
     669     1459      569     1468
     570     1387      569     1468
     560      570      470     1378
    1378     1459      559      560
     658      659     1449     1458
    1468     1459      569      570
     658     1458     1449      558
    1494      618     1503      619
    1522     1441      649      650
     849     1602     1611      749
     748     1521     1520      648
    1365     1284      445      455
     619      629     1422     1503
     640     1441     1522      650
     720      630     1504      730
     619      618     1503     1422
    1099      130      220      120
      59       49     1045     1044
     788     1637     1556      778
    1556      777      778     1637
     778      777     1628     1637
    1628     1637      878      778
     670      680     1468     1549
     679     1557      678     1548
     759     1539      659     1530
     769     1548     1539      768
     759      769     1539     1620
     548     1440      538     1359
    1558     1557      679      779
     779     1557      679     1548
     778      779     1548     1557
     789     1557     1558      779
    1549     1558      679      779
     569     1377      469     1378
     668     1466      568     1457
     567     1466     1457      568
     560     1369     1450      559
    1386      568      468     1377
     637     1511      737     1510
     670     1540     1459      660
     659      658     1539     1458
    1539      669      659     1458
     668     1458     1457      568
     668     1458     1467      669
    1467     1548      668      669
     679     1548     1467      669
     679     1548      678     1467
     678     1548      668     1467
     668     1466      678     1467
     568      668     1467     1466
    1386     1377      469      569
     570      569     1378     1459
     658     1529      657     1448
     669     1459     1458      569
    1630      769      779     1549
     759      859     1611     1612
     670      580     1468      680
     760     1540      759     1621
    1621      769      759     1620
     669      659     1458     1459
     680     1558     1549      780
     680     1558      679     1549
    1468      679     1549      680
     860      770     1621      870
    1630      870     1621      770
    1630      770      769     1549
    1630      770     1549      780
     238     1115     1106      237
     559     1458      558     1449
    1630     1621      769      770
     559     1377      459     1368
     818     1664      817     1655
    1378     1377      459      559
    1468      679      669     1549
     570      670     1468     1459
    1540      770     1621      760
     750     1522      650      740
     860     1612      760      850
    1612      760     1621      860
    1621      759     1612      859
    1621     1620      759      859
     669      659     1459     1540
     549      449     1359     1368
     669     1540     1459      670
     669      670     1549     1540
    1549      670      770     1540
    1023     1024       26       36
    1459      660      570      670
    1459      560      570      660
    1459      659      559     1450
     559      659     1449     1450
    1458      659     1449      559
    1459      659     1458      559
     559      569     1458     1459
    1378      569      559     1459
    1377     1378      569      559
    1377      559      569     1458
    1602      738      748     1521
    1450     1459      659      660
    1450      560     1459      660
    1378     1369      560      559
    1378      460      560     1369
     236     1194      336     1195
    1689     1690      946      846
     750     1603     1522      740
     656      657     1447     1456
    1422      519     1413      518
    1428      525     1419      625
     629     1513      630     1432
     639     1512      629     1513
    1449      649      659     1530
    1449     1450      659      649
    1593     1594      729      739
    1457      658      657     1448
    1457      658     1448      558
     530      520     1423     1342
    1413      518      508     1412
     638     1440      648     1521
    1584     1665      819      829
    1252     1261      319      419
    1513      640     1522      740
     508      607      608     1412
     749      649     1531     1522
     435      445     1356     1275
     348     1277      347     1196
    1529     1530      748      648
     540     1432      539     1351
    1248      415      416     1257
    1529      748     1520      648
     828      838     1592     1673
    1528      657      647     1447
    1096     1095      216      226
     836     1591      826     1590
     848      748     1611     1602
    1432      639     1441      539
    1277      447      448     1286
     449     1278     1287      349
     539     1360     1359      549
     706     1491      705     1572
    1449      548      648     1448
      40     1027       39       30
    1438      647     1519      637
     738      638     1511     1520
     460      459     1288     1369
    1431      629     1432      639
     629     1513     1432      639
     639     1513     1432      640
    1427     1428      635      625
    1689      946     1680      846
    1449     1448      658      558
     545     1365     1356      445
     747      737     1519     1520
     647     1448     1529      648
     526     1419      626     1428
     527     1420      517     1421
    1664      828      928     1665
     739      749     1521     1602
     619     1494      609     1495
     545     1437      535     1356
    1519      636     1510      736
     746     1519      646     1528
    1590     1509      735      736
    1603      749      849     1612
    1529      747      757     1528
    1360     1441      539      540
    1356     1347      435      436
    1257     1266      426      326
    1671     1680      935      936
    1355     1356      435      445
     547     1448     1439      548
    1449      548     1448      558
    1413      518      618     1422
    1431      628      629     1512
     555     1446      655     1445
     740      840      750     1603
     550      549     1450     1369
    1440     1441      649      639
     648     1440     1449      649
     638     1440      639     1431
     538      539     1440     1431
    1440      539      639     1431
     649     1449      648     1530
    1293      356     1284      355
    1518     1509      636      736
     550     1360     1441      549
     635      636     1437     1518
    1419      515      516     1410
     516      515     1329     1410
     636     1509     1510      736
     337     1186      237     1187
     627      637     1430     1429
     537     1429     1430      637
    1431      628     1512      638
    1356     1437      535      536
    1357      536     1356      436
     536     1347     1356      436
     848     1602     1611      849
    1602     1601      848      748
    1437      636     1428      536
    1457     1448      657      557
    1521      649      648     1530
     838      738     1592     1601
    1431      538     1430      638
     638     1431      628     1430
    1691     1610      858      848
    1438     1439      637      537
    1449      549     1450      649
     658     1529     1448      648
    1439      647     1438      637
    1269      329      429     1260
     749     1611      849     1612
     827     1664     1663      817
     339     1269      338     1188
     638     1440     1521      639
    1522      649      639     1521
    1603      839      739     1594
    1521     1440      649      639
     437     1276     1277      337
     449     1287     1288      349
     539      549     1359     1440
    1440      549     1359      548
     549     1368     1359      548
     458     1368      448     1287
    1440      549     1449      649
     539      549     1440     1441
    1440     1441      549      649
     559      549     1368     1369
     559     1449     1368      549
    1349     1358      537      538
    1528      647      747     1519
     346      246     1204     1195
    1446      645     1445      545
    1449      549     1440      548
     559     1449      549     1450
     559      549     1369     1450
     550     1360      549     1369
     549     1441     1450      649
     656     1528     1447      657
     445     1284     1275      345
    1286      447     1285      347
    1509      635      735     1518
    1446      545     1365      546
     535     1347      435     1356
    1437      545      546     1356
    1367     1358      547      447
     350      250      340     1198
    1520     1439      637      647
    1439      538     1358      548
    1358      547     1357      537
     636     1437      646     1438
     638     1439      637     1520
    1447      557      547     1366
     356      456     1284     1285
     435     1356      436     1275
     538     1440     1439      638
     548     1358      547     1367
    1032      145     1031      135
    1438      536     1357      537
     637      737     1519     1510
    1511     1430      627      637
     635     1428     1509      625
     627     1510      637     1429
     556     1446      555     1365
    1665      928      929     1674
    1437      535     1428      635
     547     1438     1357      537
     546     1357     1438      536
     526      525     1419     1428
    1600      737      747     1601
     628     1430     1511      638
    1355      545      535     1356
    1455     1446      556      656
    1455      655     1446      656
     555     1446     1445      545
     547     1439      537     1358
     745     1518      645     1527
     637      636     1429     1510
     719      819     1585     1584
    1419      515     1410      615
     420      320      410     1252
     515      505     1329     1410
     646     1446      656     1447
    1421     1412      518      618
    1672      836     1671      936
    1601      847      747     1600
    1438      636     1429      637
    1446      645      545     1437
    1529      648     1520      647
    1446      545      555     1365
    1366      546      446     1357
    1438     1437      646      546
     645     1437     1446      646
     546      536     1356     1357
     546      545     1365     1356
    1437      536     1356      546
     746      736     1600     1599
     636     1519     1438      646
    1437     1438      636      536
     716     1572     1573      816
    1437     1428      636      635
     837     1592      737     1601
     707     1573      807     1574
    1428      636     1429      536
     646     1437     1446      546
    1600      847      837     1601
    1581     1572      716      816
    1610      847     1609      747
     638      538     1430     1439
     747      737     1520     1601
     645      635     1437     1518
     626     1420     1419      526
    1517      635      645     1518
     859      849     1692     1611
    1671     1670      925      935
     846      746     1600     1599
     716      706     1573     1572
     647     1448      648     1439
     547      647     1438     1439
     518     1331     1412      517
    1495     1576      719      709
    1439      538     1430      537
     637     1439     1430      537
     547     1448      647     1439
    1599      845      846     1608
    1608      845      846     1689
    1689     1608      856      846
     737     1510      736     1519
     647     1447     1448      547
    1438      547     1439      537
     717     1492      707     1573
     717     1573      707     1574
     838     1593      738     1602
     636     1438     1429      536
    1429     1438      537      536
    1509      626     1500      625
    1428      626      636     1509
    1500      626     1419      625
     626     1428     1419      625
     626     1501     1510      726
     626     1500     1501      726
     636     1509      626     1510
    1509     1428      626      625
     719     1503      718     1584
    1681     1690      846      946
    1511     1430      637      638
     728     1511     1592      738
    1583      717     1574      817
     836     1680     1671      936
    1608     1609      846      746
    1520     1511      637      638
     748      738     1601     1520
    1439      538      537     1358
    1439     1448      648      548
     548     1440      648     1439
    1439     1440      648      638
     646     1519      647     1528
     946     1681     1680      846
     638     1439     1430      637
     647      637     1520     1519
    1512      638     1511      738
    1591      836     1600      736
    1520     1439      647      648
    1521      638     1520      648
    1438     1447      647      547
     646     1438     1447      647
     646     1438      647     1519
     647      657     1529     1448
    1528      657     1529      647
     538     1440      548     1439
    1591      726     1582      826
    1674      939     1675      839
     739     1521     1512      738
    1599      845     1680      846
     846     1599     1600      836
    1671     1680      836      835
    1683     1602      849      839
    1600      847     1681      837
    1680      945      935      936
     848     1610      858     1611
    1529     1610      757      747
     737      738     1520     1601
    1601      847     1610      747
    1600      737     1519      747
     927     1673     1664      827
     736      726     1510     1591
     927      917     1663     1664
     927     1664     1663      827
     717     1582     1573      817
    1680     1599      836      835
     747     1609     1528      746
     836     1599     1590      835
     935     1680     1671      835
     745      746     1608     1599
     745     1518      746     1599
    1591     1600      837      737
     859     1702     1693      860
    1690     1609      847      846
     725     1509      735     1590
    1589      735     1590      725
    1589     1590      825      725
    1589     1590      835      825
    1663     1654      917      916
    1518      736     1519      746
     746     1518      646     1519
    1589      735      835     1590
    1591     1582      827      826
    1572      806     1573      816
     908     1655      808      907
     826     1581     1590      726
    1590     1581      725      726
    1572      716      706     1491
     716     1581     1500      715
     417     1339      427     1258
    1590      726      725     1509
     736     1509      726     1590
    1572     1581      716      715
    1610      857     1609      847
     756     1608     1527      746
     745     1527     1608      746
     745     1518     1527      746
    1527     1518      646      746
    1690      956      947      957
     946      936     1680     1681
     837      937     1672     1673
    1689      846      856     1690
     857     1618     1609      856
    1690      857     1609      856
    1608      756      856     1609
     617     1493      717     1492
    1413     1412      508      608
    1684      849     1683      949
     825      835     1671     1590
     839     1602      849     1603
     740     1594      739     1513
     829     1665      929     1674
    1691      957     1690      947
     847      947     1690     1681
     825     1671      826     1590
     835     1670     1671      935
    1682      947     1681      937
     929      938      939     1674
    1593      838     1592      828
    1493     1492      707      717
    1684      950      949      940
    1494     1413      608      618
    1591     1672      836      826
     826      836     1671     1672
     826     1672     1671      926
    1672     1681      936      937
    1681      937      947      946
     727     1511     1502      627
     838     1602      738     1601
    1573      806     1654      816
    1672      827      927     1663
    1653      806      905      805
     716     1492      616     1501
     827      837     1673     1592
     927     1672      926      936
    1673      838     1592      837
     827     1583      817     1582
     838     1682      848     1601
    1692      848      858     1611
     837     1681     1672      937
    1682      937     1681      837
    1531      660     1540      760
     847     1682     1681      837
     847     1682      837     1601
    1682      838      837     1601
     859     1693      849     1612
    1690      956      946      947
     847      848     1682     1601
     847      848     1691     1682
     847     1682     1691      947
     847      947     1681     1682
    1675      829      929     1674
    1673     1682      838      837
    1673      937     1682      837
     739     1513     1522      740
    1522      649     1521      749
     850     1612      849     1693
     847     1610      848     1601
     847     1610     1691      848
     649     1450     1531      650
    1692     1691      858      848
    1691     1682      948      947
    1691      948      957      947
    1691      958      957      948
    1692      958     1691      948
     948     1691     1692      848
    1683      948     1692      848
    1683     1682      948      848
     948     1682     1691      848
     759     1531     1540      760
     959     1693      950      949
    1603     1612      849      850
    1684      850     1693      950
    1692      959      958      949
    1692      949      958      948
    1603     1612      850      750
    1693      959     1692      949
    1593      739     1512      738
     959     1702      960     1693
     948     1683      938     1682
     830     1666      829     1585
     840     1684      850     1603
     938     1682     1673      937
     939     1683     1684      839
    1662      815      915     1661
     940     1684      950      850
     959     1693      960      950
     649      650     1531     1522
     737     1592      738     1601
    1593     1584      828      728
     737      738     1511     1520
    1530     1531      659      759
     759      659     1540     1531
     748     1521      738     1520
    1512      638      738     1521
     737     1592     1511      738
    1611     1612      749      759
     747     1601     1520      748
     747      748     1520     1529
     748     1602     1521      749
    1530      649     1531      749
     749      649     1521     1530
     848      748     1610     1611
    1610     1611      748      758
     748     1611     1530      758
     748     1530     1529      758
    1610      748     1529      758
     748     1611     1602      749
     848     1601     1610      748
     748     1611      749     1530
    1683     1602      848      849
    1603      739     1522      740
    1675      939     1684      839
    1513      740     1594      730
     739     1521     1522      639
     739      729     1512     1513
    1683      838      848     1602
    1593      839     1594      739
    1684      940      949      939
     849     1602      749     1603
    1603      849      839     1684
    1603      840      839     1594
    1513     1594      729      730
     839      849     1683     1684
     840     1684      839     1675
     828     1674      829     1593
    1572      716     1491      715
    1495      719     1504      619
     830     1675      829     1666
    1495     1494      609      709
     827      817     1663     1582
     948      949      939     1683
     739     1512     1521      639
    1513      739     1522      639
     838     1593     1592      738
    1602      739     1593      738
     839     1593     1602      739
     839      739     1602     1603
    1603      739     1602      749
    1603     1522      739      749
     618     1421     1412      617
     640      740     1513      730
    1593      729     1512      739
    1493      717     1502      617
     408     1332      508      409
     826      827     1672     1663
     928      938     1673      937
    1675      930      939      929
    1603     1684      839      840
     840      850      750     1603
    1603      840     1594      740
     640      730     1513      630
    1654      907      916      906
     928     1674     1665      828
     830     1666      930     1675
     526     1429      536     1428
     920      910      919     1657
    1675     1684      940      840
    1684      949     1683      939
     908      808     1656      809
    1674      939     1683      938
     730      830     1594     1585
     948      939      938     1683
    1666     1665      929      829
     710      810      720     1576
     728      628     1503     1502
    1682      938      947      937
    1682      948      947      938
     808      818     1656     1575
     909     1656      919     1657
    1665     1674      829      828
     928      938      929     1674
     840      830     1675     1594
     740      730      830     1594
     917      907     1655      908
    1662     1661      925      825
     930      940      840     1675
     409     1332      508      509
     830      920      930     1666
    1666      920      929      919
    1584      828      829     1593
     908     1656      808     1655
    1675      940      939      930
     530      529     1423     1432
    1576      809      819     1575
     810      909     1657      809
     830      930      840     1675
    1653      906      905      806
     818     1656      819     1665
    1665     1666      819      829
     917      908     1655      918
    1675     1666      929      829
     825      826     1671     1662
    1666      920      930      929
     920     1657      919     1666
     820      830      730     1585
    1583      828     1584      728
     709     1576     1575      809
     709      809     1575      808
     740      830      840     1594
     720      820      730     1585
     818      918     1656     1665
     910      909      919     1657
     829      839     1594     1593
    1674      839      829     1593
    1573     1582      816      817
    1585     1594      729      829
     810      910      820     1657
    1503      728      718     1584
    1575      818      819     1584
     715     1499      725     1500
     725      715     1500     1581
     738     1593      728     1512
     818     1664     1665      828
     829     1594      729     1593
    1584      829      729     1593
    1582     1663      816      817
    1675      839     1594      829
     830     1675     1594      829
     830      829     1594     1585
    1411      607      606      507
     817     1663      816     1654
    1584      819     1585      829
     305      315     1247     1248
     809     1656     1575      808
     809     1657      819     1656
     617     1412     1411      517
     827      727     1592     1583
     819     1666     1585      829
    1572      706     1573      806
     718     1584      728     1583
    1573      807     1654      806
     618     1502      628     1421
     728      628     1511     1512
     708     1494      608     1493
     809     1656      819     1575
     806      807     1654      906
     417     1340      427     1339
     718     1584     1583      818
    1672     1591      837      827
    1663     1672      826      926
     710      809     1576      709
     619     1413      519     1414
     926     1671      826     1662
     820      910      920     1657
     609      509      608     1413
    1341     1260      419      418
    1576      810      720      820
    1576     1657      810      820
     819     1656      919     1665
    1657     1656      919      819
     926     1671     1662      925
     909      908     1656      809
    1656      818      819     1575
    1576      820      720     1585
     819      820     1576     1585
     819     1666      820     1585
     830      820     1666     1585
     819     1666     1657      820
     819     1657     1576      820
     909      918      919     1656
     810      910     1657      909
     927     1672     1663      926
    1583     1582      717      817
     810     1657     1576      809
    1576     1657      819      809
    1329      505      506     1410
     909      918     1656      908
     706      806      707     1573
    1572     1653      805      806
    1430     1431      528      538
     716     1573     1582      816
     926      916     1662     1663
     808     1655     1656      818
    1655      918     1656      818
     927      926     1663      917
    1329      505      406      506
    1652     1653      805      815
     915      906      905     1653
    1652      905      805     1653
     826     1591     1672      827
    1672      837     1673      827
     729      728     1503     1584
    1672     1673      927      827
    1655      807      808      907
     915     1661      925     1662
     818     1664     1583      817
    1654      906      916     1653
     927     1673      928     1664
    1664      917      817     1655
     927     1664      928      918
     918     1664      928     1665
     927      917     1664      918
    1338      515     1329      516
    1512     1511      728      738
     918      818     1664     1665
     818     1664     1655      918
    1664      917     1655      918
    1500      616     1419      626
     807     1655      808     1574
    1652     1653      815      915
    1652      905     1653      915
     617      616     1420     1411
     706     1492      707      607
     706     1572      705      805
    1655      907      917     1654
     925      916     1662      926
    1571     1572      805      705
     419     1251     1332      418
     705     1491      606      605
    1571      815     1572      715
    1571      715     1572      705
    1338      426     1347      526
    1571      815      805     1572
     817     1655     1574      818
    1583     1592      828      728
     728     1511     1502      727
    1493      707      708     1574
     619      719     1503     1494
    1501      727      726     1582
     608      607     1493     1412
     715      615     1499     1500
     916     1654      816     1663
     827      828     1583     1592
     916     1653      816     1654
    1581      816     1662      815
     815     1581      816     1572
     816      806     1654     1653
    1583     1592      728      727
    1664      917     1663      817
     817      807     1654     1573
     816     1663      826     1662
    1655      907     1654      807
     707      807      708     1574
     715     1491     1500      716
    1349     1348      527      537
    1582      816     1663      826
     716     1491     1492      706
    1583      727      728     1502
    1493      607     1492      617
    1581      816      826     1662
    1593      828     1592      728
    1503      729      629     1512
    1575      818     1574      808
    1574     1655      808      818
     916      816     1662     1663
    1572      806      816     1653
     815      816     1653     1572
     437     1348      537     1357
    1509      625     1500      725
     818      828     1584     1583
    1089      119     1090      109
    1593      729      728     1512
    1593      729     1584      728
    1342      529      530     1351
     715      615     1500     1491
    1492      706      707     1573
     818      828     1665     1584
     818     1664      828     1583
     827     1664     1583      828
     628     1503      629     1512
     616     1411     1492      606
     727     1592      728     1511
     737      727     1510     1511
    1576      819     1585      719
    1432      540      530     1351
    1574     1573      807      817
     625      615     1419     1500
    1584     1665      829      828
     827     1673     1664      828
    1664     1673      928      828
     928     1674      828     1673
    1674      838      828     1673
    1674      838     1593      828
    1655     1654      917      817
    1575      718     1494      708
     529     1423      629     1422
     708      709     1575      808
    1575     1574      708      808
    1575      819      719     1584
    1340     1349      427      527
     717      727     1582     1583
     616     1411     1410      516
    1581     1500      726      716
     636      626     1429     1510
    1423      619      629     1422
    1491      715      705     1572
     627     1510     1429      626
    1581      716      726     1582
     717      716     1582     1501
     627     1510     1501      727
    1501     1510      726      727
    1509     1500      626      726
     518      418     1331     1340
     827     1591      727     1582
     627     1510      727     1511
     717      718     1583     1574
    1501      716     1582      726
     718     1503      618     1502
     726     1510     1591      727
     737     1591     1510      727
     715      615     1491     1490
    1411      606     1410      506
    1502      718      728     1583
    1430     1349      528      527
     519     1332     1413      518
     520     1414     1333      510
     716      717     1582     1573
     617      607     1492     1411
     726      716     1500     1501
    1585      719      720     1576
     728     1511      628     1502
     737     1592     1591      727
     827     1591     1592      727
     608      509      508     1413
     719     1585      729     1584
    1423      620     1504      619
    1575     1576      709      719
    1575      719      709     1494
     510      609     1414      509
    1501      617      616     1420
     725     1500      726     1581
    1509     1500      726      725
     705     1491      605     1490
     715     1491      705     1490
     616     1491     1492      716
    1493      607      608      707
    1347      525      526     1428
     528     1349     1430      538
    1500     1491      615      616
     627     1510      626     1501
    1491      615      605     1490
    1500     1491      616      716
    1259     1260      428      418
     717      727     1501     1582
     717      727     1502     1501
    1501      727     1502      627
     617     1501     1502      627
     617      717     1502     1501
     617     1492      717     1501
    1501     1492      717      716
    1247      415     1248      315
     717     1502     1583      718
    1412      607     1493      617
    1411      606      506      507
    1350     1349      528      538
    1410      515      505     1409
     705     1491      706      606
    1500      616      615     1419
     527     1429      627     1430
     616      606     1410     1411
    1257      426      425     1338
    1414     1413      509      609
    1257      415      416     1338
    1267      336      326     1266
     427     1349     1348      527
     415      515     1328     1329
    1329      515     1328      505
     405     1329     1328      505
     405     1329      505      406
      35      135     1022     1023
    1095     1104      226      126
     519      509     1413     1332
     405      415     1328     1329
    1330      506      406      407
     525      526     1419     1338
    1428     1429      636      626
    1349      537      527     1430
     526     1420     1419      516
    1015       26       17       16
     407      507      408     1331
    1329      415      515     1338
    1338     1337      415      515
    1338     1337      515      525
    1419      515      525     1338
     318     1260     1259      418
     425     1347      525     1338
     425     1337     1338      525
     425     1337      415     1338
    1257      415     1338      425
    1339     1340      517      417
     528     1421     1340      518
     617     1411     1492      616
     718     1574     1493      708
     517     1420     1411      617
    1088      207     1169      217
    1420      626     1429      526
     527     1340     1421      517
     628     1431      528     1430
     525     1347      526     1338
    1422     1421      528      518
     516     1411     1410      506
    1420      617     1421      627
     617     1502     1421      627
    1430      527     1421      627
    1251      418      408     1332
    1501      617     1420      627
    1501     1420      626      627
     627      626     1429     1420
    1348      427     1339      426
    1420     1421      527      627
    1096     1177      216      217
      36       46     1033       37
    1420     1429      627      527
     426     1348     1347      526
     718     1503      719     1494
    1494      709     1575      708
    1419      516     1420      616
     528     1431     1350      538
     526      516     1419     1338
    1419      515     1338      516
     319     1251     1170      309
     406     1248     1329      416
    1176     1095      225      226
     426     1266     1267      326
    1330     1411      506      507
    1411      516     1420      517
    1329      506     1330      516
    1267     1266      426      436
    1493      608      708      707
     210      220      120     1090
    1503      628      618     1502
    1423      529      629     1432
    1495     1414      609      619
    1575     1574      718      708
    1575     1584      718      818
    1494      718     1493      708
     717     1493      718     1574
    1503      628     1422      618
    1575      719      718     1584
     630     1504      629     1423
     518     1331      508     1412
     609      608      708     1494
    1339     1340      427      527
    1575      719     1494      718
     728     1503      718     1502
     728      729     1503     1512
    1575      819     1576      719
    1495      610      609     1414
     718     1583     1574      818
    1099      130      230      220
     628      528     1421     1430
    1430      528     1421      527
     529     1431     1350      528
    1494      618      608     1493
    1575      718     1574      818
     729     1503      719     1584
     628      728     1503     1512
     448      348     1286     1287
    1493      618     1412      617
     618     1502     1421      617
    1493     1502      618      617
     618     1412      608     1493
     208     1089      108     1088
    1089      209      208      109
    1414      620     1423      619
     518     1412     1413      618
     618      718     1493     1494
     618     1502     1493      718
     717     1493     1502      718
     529     1431      528     1422
    1422     1431      528      628
    1421      518     1412      517
     328      428     1268     1259
     517     1339     1330      516
     618     1421     1422      518
     630      530     1423     1432
     630     1423      629     1432
     520      610     1414      510
     618     1421      628     1422
    1422     1421      628      528
    1422      619      519     1423
    1089     1090      219      209
    1422     1341      528      529
    1341      529     1350      528
    1432      540      630      530
     519     1413      509     1414
    1503      628      629     1422
     629     1431     1422      628
     629     1431      529     1422
    1261      429     1342      430
    1422      518      528     1341
    1342      520      519     1333
     409      410     1333      509
     710      620      610     1495
    1423     1504      629      619
    1414      619     1423      519
     630      620     1504     1423
     620      630     1504      720
    1494      618      619     1413
    1513      730     1504      630
    1179     1180      329      319
     729     1503      629     1504
     719     1494      619     1495
    1495      620     1414      619
     520      620     1423     1414
     620     1495     1504      619
     630      620     1423      530
     530      620     1423      520
     529     1423     1422      519
    1495      620      610     1414
     629     1504      630     1513
     629      729     1504     1513
    1513      730      729     1504
    1504      730      729     1585
     720      730     1504     1585
      49     1035      149     1044
     419     1251      409     1332
     619     1413      609     1494
    1341      419     1332      418
     710      720      620     1495
     720     1504      620     1495
     710     1576      720     1495
     610     1495      609      709
     710     1495      610      709
     450     1360     1369      449
     449      439     1279     1360
     309     1252     1251      409
    1204      256      246     1203
    1270      429     1261      430
     119     1099      219     1090
     429      419     1341     1260
    1096     1087      116      117
    1422      619     1413      519
     310     1252      409      410
    1351     1350      429      529
     430      429     1342     1351
    1270      430     1351      429
    1126      150      250     1117
     106     1005      105     1086
     529     1342      519     1341
    1413     1332      508      518
    1261      419      429     1260
      37       46     1033       47
    1087     1096      216      217
     258     1215     1206      259
     438      428     1268     1269
     318      418     1250     1251
    1269      438      439     1278
    1341     1332      518      418
     319     1252     1251      309
    1332      419      519     1333
     317      316     1249     1258
    1332      409      419     1333
    1098     1107      229      129
    1171     1252      309      310
     318      308     1250     1169
    1167     1248      305      306
     407     1250     1331      408
    1090      120     1099      220
    1186      326      327     1267
     119     1008       19     1009
    1287     1368      448      449
     218     1170      318     1169
    1259     1258      317      417
     520     1414      519     1333
    1009     1090      119      109
     330     1270     1261      430
     226     1185     1186      236
     519     1332      518     1341
     249     1197     1206      248
    1342      429     1341      529
    1339      526     1338      516
     416     1330      417     1339
     530     1342      430      520
     308     1251      408      309
     240     1189     1108      230
    1170      308      209      309
     310      210     1171      220
     209     1171     1090      219
    1090     1171      220      219
    1089      218     1088      208
    1171      210      310      309
     310      320     1252      410
    1170     1251      308      309
    1332      409     1333      509
    1342      520     1333      420
     320      330     1261      420
    1089     1090      209      109
     319     1179     1170      318
     226     1095      225     1104
    1267     1186      337      327
     410      510     1333      509
     307      406      407     1249
    1258      326     1257      426
     318      319     1251     1170
    1251      308      318     1170
     417      418     1331     1250
    1206      259      249     1125
    1342      419     1341      429
     318      328     1178     1259
    1171     1180      319      320
    1171      320      319     1252
     320     1252     1171      310
    1284      356     1203      355
     360     1207     1288      359
    1247      415      405     1248
    1333     1414      519      509
     340      330     1270     1189
     340      330      430     1270
     420     1333      419     1252
     330     1261      420      430
    1252     1251      409      419
    1203      356      346     1204
    1277      438     1278      448
    1261      420      419     1252
     410      420     1333      510
     338     1188      328     1187
    1261      320      420     1252
     420      410     1333     1252
    1422      518     1341      519
     420     1261     1342      430
     510     1414     1333      509
    1026      138       38     1025
     418     1260     1251      318
    1260      319     1251      318
     318      319     1179     1260
    1260      319     1179      329
    1332     1333      519      509
     429     1350     1341      529
     419     1332      519     1341
    1342      419      519     1341
    1342      419      429     1261
    1367     1286      447      457
    1360      439     1279      440
    1252      319     1251      419
     419      319     1251     1260
     440      530     1351      430
     420      520     1333      510
     329      429     1260     1261
     430     1342      420      520
     319      329     1260     1261
    1261     1180      319      329
    1261     1180      329      330
     320     1180     1261      330
     320     1180      319     1261
    1252      320      319     1261
    1342     1333      419      420
    1342      420      419     1261
    1250     1259      417      418
     350     1207      349     1288
     360     1207      350     1288
    1285     1294      457      357
    1023     1032       36       35
    1027     1036      140       40
     540     1351     1360      440
     439     1351     1270      440
    1087      216     1168      217
     117     1087     1088      217
     458      358     1296     1287
    1287     1296      459      359
     347     1276     1195      337
     248     1205      258     1124
    1024     1105      127      137
     150     1045     1126      160
    1187      238     1106      237
    1197      349     1198      249
     239     1197     1198      249
     339      329     1188     1189
     258      259     1206     1125
     558     1367      557     1376
     460     1369      450      550
     460      360      450     1288
    1297     1288      460      459
    1104      126     1023      136
    1286     1287      348      358
    1359      538     1358      438
     459      359     1288     1287
    1287      359     1288      349
     558      548     1448     1367
    1297      359     1288      459
     548      448     1359     1358
     350      440     1279      340
     350     1198      340     1279
    1270      330      329     1189
      37       47     1033     1034
    1358      437     1349      537
    1041      145     1032      146
    1360     1351      539      439
    1279      340      440     1270
    1287      358     1296      359
     458     1287     1286      358
     438     1358     1359      448
     350     1279     1288      349
     458      448     1286     1287
     350     1198     1279      349
     549     1360     1359      449
    1185     1186      326      226
    1187     1106      227      237
    1369     1360      549      449
     459     1288     1369      449
      49       48     1044       58
     218      228     1179     1098
     350      440      450     1279
     440      450     1360      540
     450      550     1360      540
     448     1286      447     1367
    1178      327      317     1259
     345     1284     1203      355
     445      455     1284     1283
     548     1368     1359      448
     340     1270      339     1189
     547     1448      548     1367
     340      339     1198     1189
    1350      438     1349      538
    1360     1351      439      440
     438      437     1268     1349
     449     1359     1278      439
    1269      438     1350      439
     349      449     1278     1279
    1358     1357      437      537
    1278      438     1359      448
     348     1287     1206      358
     449     1278      448     1287
     459      449     1368     1287
     459     1287     1368      458
     458     1296      459     1287
     459     1287     1288      449
    1033       36      136     1032
     247     1196     1115      248
     448     1278      348     1287
    1339      527      517     1340
     349     1278     1197      339
    1206      259     1207      249
     249      248     1206     1125
     249      349     1207     1206
      47     1043       48       57
     348     1196     1205      248
    1250      418      408     1251
     436     1276      437     1267
     437     1357      447     1276
     447     1285      347     1276
    1348      536      537     1357
     340     1270     1279      339
    1358      437      438     1349
     349      339     1197     1198
    1197      339      338     1188
    1034       47     1043       48
    1198     1189      339      239
    1197      339     1188      239
     439      429     1350     1269
    1359      439      539     1350
    1180      229      230     1099
    1023      126     1024      136
     308      407      408     1250
     426     1266     1347      436
    1348     1267      426      436
    1248      416      406     1249
    1286      348     1205      358
     329     1179     1260      328
     349     1279      339     1198
     340      339     1279     1198
     349     1279     1278      339
     439     1351      539     1350
    1248     1257      416      316
    1359      438      439     1350
    1279     1270      439      339
    1270      339     1269      439
      18      118     1007     1008
    1359      538      438     1350
     439      339     1269     1278
     308      318     1250     1251
    1270      329     1269      339
    1270      329      429     1269
     338     1188     1269      328
     128     1107     1026      138
    1270      429      439     1269
    1270     1351      439      429
     439     1351     1350      429
    1360      439      539     1359
     449     1359      439     1360
     418     1341      428     1340
    1189      229     1108      230
     329     1179      328     1188
     527      526     1348     1339
     348      349     1206     1287
    1104     1185      226      236
    1260     1179      318      328
     426      526     1338     1339
     406      416     1330     1249
     416     1258     1257      426
     256     1122      246     1203
     436     1276     1267      336
     338      438     1278     1277
    1284      356     1285      346
     438     1358     1277      437
     438      437     1277     1268
     438     1277      338     1268
     438     1358      448     1277
     558     1367     1448      557
     338      328     1268     1187
     447     1276      347     1277
     346      356     1285     1204
    1184     1185      235      335
     345      346     1275     1194
     346     1284      345     1275
    1203     1284      345      346
    1124      257      247     1205
    1203      356     1284      346
     146      246     1122     1113
     116     1006     1015      117
     236      235     1185     1194
     235     1185      225     1104
    1357      447     1358      437
     416      415     1329     1338
    1269      329     1260      328
     338      328     1269     1268
     416     1339     1338      516
    1259     1268      327      427
    1268      437      337     1267
     335     1194     1193      345
    1367      447     1366      457
     557     1367     1366      457
    1194      335     1185      336
     348      338     1196     1197
    1206     1197      348      248
    1205      348      347     1196
    1206      348     1205      248
     445     1365     1356      446
     446     1276      436     1275
     446     1357      436     1276
    1275      346      336     1194
    1285      357     1204      356
    1376     1367      557      457
    1376      458     1367      457
     458     1286     1367      457
     547     1448     1367      557
    1194      245     1193      345
    1348     1347      526      536
    1367      548     1368      558
    1367      448     1368      548
     548     1358     1367      448
     458      448     1368     1367
     458     1286      448     1367
     216     1176     1167      316
     347     1195     1196      337
    1286     1285      357      347
    1366     1285      447      446
    1366      456     1285      446
    1185      226      225     1104
    1293      456     1284      356
    1285      456     1284      446
     345      245     1203     1194
    1113      245      235     1194
    1365      456     1366      446
    1366      546     1365      446
    1285     1294      357      356
     456     1294     1285      356
     456     1294      457     1285
     456      457     1366     1285
     526     1429     1348      536
     347     1276      346     1195
    1266      325     1185      326
    1275      346     1276      336
     336      346     1276     1195
     345     1194     1275      335
     436     1347     1348      536
     336     1185      326     1266
     426     1266      425     1347
     336      346     1195     1194
     149      249     1125     1116
     149     1116     1125      148
     347      346     1204     1195
    1197     1116      249      239
    1024      137     1025       37
     146     1032     1113      145
     236      336     1186     1195
     337      336     1195     1186
    1169      207     1168      217
     236     1185     1186      336
     236     1185      336     1194
     416     1329      516     1338
    1339      526     1348      426
    1185     1176      225      226
    1329     1330      416      516
     117     1007      107     1006
    1266      325      326     1257
    1259     1340      417      418
    1248      415     1329      416
    1095     1086      115      116
     527     1429      537     1348
    1349      437     1348      537
    1348     1429      537      536
    1169     1168      307      317
    1259      427     1258      417
    1169      217     1168      317
     207     1087     1168      217
     306     1248      405      406
    1168     1177      316      317
     336     1185     1186      326
    1338      426      425     1347
     437      436     1267     1348
     526     1429      527     1348
    1180      320      220      230
    1348      426     1347      436
     217      117     1087     1096
    1340     1341      528      518
     417     1340     1331      418
    1185      226      326     1176
    1187      328      327     1178
     407     1330      507     1331
    1350     1349      438      428
    1257     1266      425      426
    1269      328      428     1268
     318     1260      328     1259
    1340      528     1341      428
    1268     1349      427      428
    1168      316     1167      306
     226     1177      326     1176
    1176      325      315     1257
     326     1176      316     1257
      38     1025       28     1026
     318     1178      317     1259
     438     1349     1268      428
     225      325     1176     1185
    1329      506      406     1330
    1411     1330      517      507
     406     1330      407     1249
     206     1168     1167      306
    1170      308      318     1169
    1015     1096      116      117
     307      306      406     1249
     238      138     1107     1106
    1088     1087      207      217
     106     1086      206     1087
    1250      418     1331      408
    1268      427      437     1267
     328     1260      428     1259
     418     1341     1260      428
    1341      528     1350      428
     427     1348      437     1267
    1348     1267      427      426
    1168      306     1249      316
    1176      325      326     1185
     417     1330      407     1331
    1330      517     1331      417
    1249     1330      407      417
     416     1330     1249      417
     418     1341     1340      518
    1170      308     1169      208
    1349      528      527     1340
     528     1421      527     1340
    1268     1349      437      427
     427     1349      437     1348
     328     1179      318     1178
     429      428     1260     1341
     429     1350      428     1341
     429     1350     1269      428
    1350      428      438     1269
     429     1269     1260      428
    1269      328     1260      428
    1340      528      428     1349
     315     1167     1176      316
    1087     1088      107      117
     307     1168     1249      317
     207     1087      206     1168
     305     1248      405      306
    1006        7        6       16
    1258      316     1249      416
    1248      316      416     1249
    1268     1267      337      327
     216     1095     1176      226
    1258      417     1249      317
     416      417     1249     1258
    1177     1258      317      327
     127     1096     1015      117
     407     1249      417     1250
    1250     1249      417      317
    1250     1259      317      417
     107      106      206     1087
     217     1178      317     1169
     316     1176      315     1257
     307      308     1169     1250
     307     1250     1169      317
     318     1250      317     1169
     318     1259      317     1250
     318     1259     1250      418
     307     1249     1250      317
     307     1249      407     1250
     308      307      407     1250
     407      417     1331     1250
     306     1248      406     1249
     307      306     1249     1168
    1015       27     1016       17
     206      216     1167     1168
    1116      238      248     1115
    1177      326      327     1186
    1177     1176      316      326
    1005     1004        5      105
    1167      315     1248      316
     316      315     1248     1257
     217     1177      317     1178
    1177      327      317     1178
    1167     1248      306      316
     316     1248      306     1249
      17        7        8     1007
    1259      327      317     1258
     225     1176      215     1095
     316     1258     1257      416
     427     1258      426     1267
     427      327     1258     1267
     327      326     1258     1267
    1177      326     1258      327
    1175      325     1176      225
    1175     1176      215      225
    1175      315      215     1176
     315     1167      215     1176
    1175      325      315     1176
     216     1177     1168      217
    1258     1339      427      426
    1339      416      426     1258
    1339      416     1258      417
    1259      427      327     1258
    1177     1258      316      317
    1177      326      316     1258
     316      326     1257     1258
    1005        6       16     1006
    1005      105        6      106
     128     1016       28     1017
    1095      215      115     1086
     148     1043      147     1124
     219     1099     1180      220
     217     1096     1177      227
    1022      125       25     1023
    1088      208      207      108
     135      125     1023     1104
     208     1169      207      307
      36       37     1033     1024
    1088      117     1097      118
    1114     1105      137      237
     227     1186      327     1187
    1176      216      215     1095
     216      215     1086     1167
     206     1087      216     1168
     206     1086     1167      216
     146     1123     1122      246
     206     1086      216     1087
     116      216     1086     1087
     216     1087      116     1096
    1095      216      116     1096
     116     1095     1086      216
    1176     1167      215      216
    1015      117       17     1016
    1097      217     1178      227
     110      109     1009       10
     117     1088      107     1007
    1016       28     1017       18
     149     1035      148     1044
    1177      227      327     1178
    1178      227      327     1187
     227     1097      217     1096
    1042      157     1051      156
      25     1023      125     1014
    1041      146      156     1122
      36     1032       45       35
     116     1086     1005      106
    1015     1024      127       27
     128       28     1026     1017
     128     1016     1025       28
     118     1098      119     1017
      36      136     1024     1033
    1097      117      217     1096
     127      117     1097     1096
    1023      135     1022      125
    1015      117     1016      127
      28     1025       38       37
     227      127     1097     1096
     159     1044     1045      149
     128     1025     1026       28
     236     1114      237     1105
     236     1195     1186      237
    1041      146     1122      145
    1104      236      226     1105
    1096      226      227     1105
    1015       27      127     1016
      17        8       18     1007
    1017       19       29     1018
    1088      217     1097      117
    1098      128      129     1017
     337      237     1196     1187
    1043      157     1124      158
     337     1195     1196      237
    1006       17     1015      117
     207      107      206     1087
    1005      105        5        6
    1104      235     1113      135
    1122      245      145     1113
    1042      157     1043       57
    1006     1087      107      117
    1098      118      128     1017
     108     1089      118     1088
     115     1004       15     1005
    1097     1016      128      118
    1005      115      105     1086
     116     1086      115     1005
     115     1004     1005      105
    1114      237      137     1115
     115      116     1005     1014
    1014     1095      115      116
      15     1005        5        6
     116     1087     1006      117
     116     1087      106     1006
    1006     1087      106      107
    1006      106        7      107
    1006      106        6        7
    1006      106     1005        6
    1005       16       15     1014
     116      106     1005     1006
     115       15     1013     1014
    1014       15     1013       25
     125     1014     1013       25
    1042      157      147     1043
     147       47     1042     1043
    1022     1023       25       35
      26     1023       35       25
     125      115     1013     1014
     116     1006     1005       16
    1005        6       15       16
     237      247     1115     1114
    1023      135     1032       35
    1023      136     1032      135
      26     1014       16     1015
      25     1014       16       26
     127      126     1015     1096
    1113     1112      145      135
     235     1112     1113      135
    1014     1023      125      126
    1023     1104      125      126
     226     1105     1186      227
     138     1025     1026      128
    1095      126      226     1096
     245     1112      145     1113
    1096      126     1105      127
     245     1112     1113      235
    1104      235      236     1113
    1104     1105      226      126
    1023     1014       26      126
    1204      247      246     1123
      37     1034     1025       38
     136     1113     1032      135
    1204      256     1123      246
      46      146     1033     1042
     147     1123     1114      247
      35     1023       26       36
     236     1195      237     1114
     337     1186     1195      237
    1018      119     1009      120
     226      236     1186     1105
    1041       55       56       46
    1033      146      136     1114
    1042       47      147     1033
      56     1042     1051      156
    1203     1122      246      245
     136     1104      236     1113
    1196      247      347     1205
    1041       55       46       45
     247      257     1204     1205
     247     1196      248     1205
      27     1025       28       37
     136     1114     1113      236
    1041     1032       45       46
    1189     1180      229      230
     126     1024     1015       26
     148     1043     1124      158
     126     1024     1105      127
     229     1180     1179      219
      38       28       29     1026
     236      246     1195     1114
     136     1114     1105      137
    1114     1123      146      246
      46     1032       45       36
    1041      146     1032       46
      27     1024       37       36
    1115      148      147     1124
    1124     1123      247      257
     247     1204      347     1205
    1125      248      148     1116
    1041      146       46     1042
    1041     1042       46       56
      58     1043      158     1052
      56       57     1051     1042
    1042     1043       47       57
     236      237     1186     1105
     237      227     1186     1105
    1124      247      248     1205
    1042       47     1033       46
    1188      238     1197      239
    1042       47       46       56
    1042       57       47       56
    1033      147      137     1034
     237     1106     1105      137
     146     1123      147     1042
      27     1024       36       26
     146     1123     1114      147
     146     1114     1033      147
     146      147     1033     1042
     147       47     1034     1033
    1043      157      147     1124
      37     1033      137     1034
     127     1105     1106      137
      10       20       19     1009
    1034       47      147     1043
    1089     1098      218      219
     147     1123      247     1124
     246      247     1195     1114
    1204     1195      246      247
     347     1204      247     1195
     347      247     1196     1195
    1035       48      148     1044
     110     1090      120     1009
     127      137     1106     1025
     238     1197      338     1188
     147     1114     1115      247
    1124      247      147     1115
     139     1035     1116      149
     159     1044      149     1125
      60     1045       50      150
      30     1027       39       29
    1115      137      147     1034
     147     1114      137     1115
      47     1034       37       38
    1009     1008        9      109
    1115      137      138     1106
      39     1036      139     1027
    1117      140     1108      139
    1124      247     1115      248
    1088     1097      217      218
     237     1115     1106      137
     240      140      230     1108
    1024     1033      137       37
    1178      228     1179      218
    1034     1043      147      148
      48      148     1044     1043
    1125     1044      148      158
     127       27     1025     1016
    1017       29      129     1018
    1024     1025      127       27
    1024      137      127     1025
    1180     1099      230      220
     149      139     1036     1117
    1035     1034       48       38
    1197      248      249     1116
    1117     1126      150      149
      59       49     1044       58
     250     1126      249     1207
     139      138     1107     1116
     138      148     1115     1116
     138      238     1116     1115
    1097      128      127     1106
    1106     1025      138      128
    1117     1116      149      139
     139      138     1026     1107
     128     1025      127     1106
     128     1016      127     1025
     249      259     1207     1126
     128     1107      138     1106
    1196      237     1115      238
    1017     1026      128      129
    1027     1018      129       29
     150     1036      140     1117
     140       50       40     1036
      48     1043       58       57
    1187     1196      338      238
    1196     1197      338      238
    1196      248     1197      238
    1196      237      238     1187
     260      160      250     1126
    1125      148     1124      158
    1188      238      239     1107
    1089      218     1098      118
     119     1018      129     1099
     239     1108      229     1107
     119     1089     1008      109
     249     1117     1198      239
     239     1116      249     1117
     249     1126     1117      149
    1035     1026      139      138
    1116      138     1107      238
     239     1116     1107      238
     238     1116     1197      239
     239      139     1107     1116
      39     1026      139     1035
     138     1034     1035       38
    1008     1007        8      108
    1027      129     1026       29
     138     1034      148     1035
     239     1116     1117      139
    1035     1034      148       48
    1035      138     1116      148
    1045       49      149     1044
     350      260      250     1207
      39     1026     1035       38
      48     1034      148     1043
      49     1035     1044       48
    1126      259     1207      260
     250      160      150     1126
      39     1035       49       48
     138     1034     1115      148
    1034      148      147     1115
      50       40     1036       49
     129     1027      130     1018
     250      260     1126     1207
      39      139     1026     1027
    1126      159      149     1125
     259     1135     1126      159
    1180      229     1099      219
     239     1117     1108      139
    1126     1135      160      159
    1126      259      260     1135
      39     1036       49     1035
      49     1036      149     1035
    1036      139      149     1035
      39      139     1036     1035
    1045       49     1036      149
      60       50     1045       59
    1089     1170      208      209
     240     1189      239     1108
     130     1018     1027       30
     129     1108     1099      130
    1099     1108      230      130
    1098      129     1099      119
    1107      239     1108      139
     130     1027      140       40
    1117      250      240      150
    1107      129      139     1108
     240      140     1108     1117
     340      330     1189      240
     149     1126      150     1045
      30     1018     1027       29
     229     1108      230     1099
     129     1026      128     1107
      30     1027      130       40
     340      240     1198      250
    1198      240     1117      250
    1198      240      239     1117
     150      140      240     1117
      40       39     1036       49
    1008      108        9      109
    1027      140      139     1108
    1027     1036      139      140
    1117     1036      140      139
     150       50      140     1036
     129     1027      139     1108
    1170      219      319     1171
    1188      228      328     1187
    1107     1026      139      129
     328      228     1178     1187
     228     1187     1106      227
    1107      228     1106      128
     239     1189      229     1108
     129     1026      139     1027
     120     1018      130       30
    1178      228     1097      227
    1088      108      207      107
      10       19        9     1009
    1098      229     1179      219
      10       20     1009      110
     320      310     1171      220
      10      109     1009        9
     119     1089      118     1008
     218     1088     1097      118
     218     1097     1098      118
      17     1016     1007       18
     118     1089      108     1008
      17       27     1016       18
      20     1018     1009      120
      27       28     1016       18
      19     1008        9     1009
    1180      320     1171      220
     219      220     1180     1171
     119     1017      129     1018
    1170     1179      319      219
    1098     1099      229      219
    1098      128     1107      129
     228      128     1107     1098
     110      209     1090      109
     119     1099     1090      120
    1187      238     1188      228
     228      238     1188     1107
    1188     1179      328      228
     328     1179     1178      228
     228      238     1107     1106
    1187      238      228     1106
       8     1007      107      108
    1098     1097      228      128
    1099     1018      130      120
    1098      129      229     1099
     129     1108      229     1099
     119     1008     1009      109
      20      120     1009      110
     239      229     1188     1107
     229      228     1188     1107
     229      228     1107     1098
    1179      228      229     1098
    1179      228     1188      229
     329      229     1179     1188
     329      229     1188     1189
     239     1189     1188      229
     329     1180      229     1189
     329     1180     1179      229
     218     1169     1088      208
     110      210     1090      209
     210     1171     1090      209
    1171      209      210      309
     110      210      120     1090
    1089      219     1170      209
     209      219     1170     1171
    1008     1089      108      109
    1008        8        9      108
    1008      118     1007      108
     208     1089      109      108
     218     1179     1170      219
    1089      218     1170      219
    1098     1179      218      219
    1089     1088      218      118
     118      117     1097     1016
     117      118     1007     1016
      18     1016     1007      118
    1017      119       19     1018
     108      118     1007     1088
     117     1088     1007      118
      18     1016      118     1017
       7     1007      107        8
    1098     1097      128      118
    1089     1098      119      118
    1178      228      218     1097
     218      228     1098     1097
    1179      218      318     1178
    1179     1170      318      218
      18        8        9     1008
      18     1007        8     1008
    1017      118       18     1008
    1017       18       19     1008
      19       18        9     1008
    1017       18       28       19
    1017       19       28       29
      20     1018       19     1009
      20     1018       29       19
      30     1018       29       20
      30     1018       20      120
