    1679      835      834     1598
     605     1490     1409      604
    1246      314     1247      304
     669     1459      569     1468
     831     1676      841      931
     114     1084      113     1003
    1486      590     1405      600
    1408      503     1327      504
    1444      654      554     1453
     513      512     1326     1407
    1508      625      725     1499
     414     1247      404     1246
     152     1037       52     1038
     334      344     1192     1273
    1360      540      539     1351
    1416      612      512     1407
     659     1530     1539      658
    1696      853      953     1695
     180     1153     1072      179
     503      404     1327      504
    1345      534      533     1426
    1704      863     1623      873
    1258     1259      317      327
    1432      639      539     1431
    1110     1109      132      232
     244     1111     1192      243
    1607     1526      755      745
     738      638     1511     1520
    1151      188     1070      187
     807     1573      817     1574
      43     1029       33     1030
     690     1567     1558      790
     343     1200      243     1191
     652     1443     1524      642
    1019     1100      122      132
    1021      124     1012       24
     662      562     1460     1461
    1400      595      495      594
     476     1303     1384      466
    1442     1433      641      541
    1193      344     1192      334
    1648     1639      790      890
    1636      877      887     1717
    1022     1013       24       25
     763     1615      863     1614
    1184      325      225     1185
    1380      573      563     1381
    1704      863      963     1695
     832      831     1676     1595
     208      207      307     1169
    1596      732     1515      733
    1029      133     1020       33
      41       42     1028       32
    1327      404     1328      504
     704     1571      804      705
    1336     1337      414      424
    1050     1131      166      165
    1206      348     1205      248
    1138      174      274     1139
     683      682     1560     1479
     134     1102      133     1021
    1254     1173      322      323
    1384      467      477     1385
    1707     1698      966      965
     418      408     1332     1331
     983     1714      883     1723
    1211     1202      355      354
    1002     1001      102      112
    1412     1331      508      507
     980      979     1711      970
     511      501     1325     1406
     427     1349      437     1348
    1266      335     1265      435
     375     1220     1301      374
     515      514     1328     1409
     557     1447      556     1366
     726     1582      727     1591
     652     1442     1443      642
    1201      354     1282      344
     327     1186      337     1187
     601      701     1487      611
    1450      660     1531      650
    1118     1199      242      252
    1143      268      269     1224
     763     1533      753     1614
    1296     1305      369      368
     821     1658      921      911
     131     1019       31     1028
    1600     1599      846      746
    1513      730      729     1504
      90       99     1081      100
    1516      643      743     1525
     972     1713     1712      982
    1498      624     1499      614
     705     1490      605      704
     274      174     1148     1139
     425      415     1257     1338
     214     1085     1084      114
     313      413     1254     1245
     824     1589     1670      825
    1499      715     1580      714
    1607      845     1598      745
     133     1102     1101      123
     221     1172     1091      222
    1257     1256      415      425
     284      274     1228     1147
     880     1720     1711      980
    1190     1191      232      242
     244      245     1193     1112
     222     1092     1091      122
    1272      432     1271      332
    1385      467      477     1304
     483     1309      484     1390
     303     1164      313     1165
    1460     1379      562      561
    1424      521     1415      621
     690      790     1558      780
    1042      157     1043       57
    1468     1477      679      680
      90       80     1072       89
     761      762     1622     1613
      33      133     1021     1030
     413     1327     1246      414
    1089      118      108     1088
      57     1052       67     1051
    1022      124      134     1021
     166      167     1051     1060
     348     1196     1205      248
    1072      179      189     1071
    1273      333      343     1192
    1167      305     1166      205
    1312      376      476     1311
    1616      865     1617      765
     323     1264     1255      324
     603      602      702     1488
    1256     1247      414      314
    1190      231      232     1181
    1012       14       13       23
    1622     1623      862      762
    1416     1407      513      613
    1355     1364      445      444
    1572      816     1573      716
    1101     1102      233      223
    1030      134      133     1021
    1325      401      411     1244
      38     1026       29       39
     252     1119     1200      242
     213      113     1083     1092
     518     1340     1331      517
    1175      315      314     1166
     223     1092     1173      222
     226     1095      216     1176
     358     1215     1296      359
     491     1397      581      481
     825      826     1662     1581
    1667      832      831     1676
     139     1036      140     1027
     243     1192      244     1201
     354     1202     1283      344
    1080     1079       98       88
    1454     1535      664      654
    1231      287     1232      277
     664     1463      564     1462
    1586     1595      831      832
      22     1010      122     1019
    1096      126      116     1095
     524     1337      424     1346
     253     1209      353     1210
    1229      274      275     1220
     111      121     1091     1010
    1355      434      444     1274
    1498      614     1499      714
    1532      652      752     1523
    1336      514      414     1337
    1605      843      842     1596
     611      601     1406     1487
     197      296     1159      297
     117     1087     1088      217
      79      179     1072     1071
    1624      773     1633      774
     628      528     1421     1430
    1283     1364      454      444
    1247      405     1328      404
    1245      313     1164      312
     114     1085     1004      115
    1282      344      444     1273
      34       33     1021     1030
     822      812     1659     1658
     832      732     1595     1596
    1336      414     1255      424
    1264      424      324     1265
    1164      213      313     1165
    1373      555     1454      554
    1112     1111      134      234
     214      215     1085     1094
     674     1462     1463      664
     450     1360     1369      449
     340     1270      339     1189
     139     1035     1116      149
     215      205     1166     1085
    1634      775     1553      785
     356     1204     1203      256
    1463      574      564     1462
    1604      752     1605      742
    1596      732      742     1515
    1358      547      537     1439
    1373      555      554     1364
    1172     1173      222      322
    1171      220     1090      219
     244      344     1192     1193
     353      352     1200     1281
    1049     1040      154       54
    1541      772     1542      672
    1282     1283      454      444
    1012      114     1013      124
     215     1166      214     1085
     312      311     1172     1163
     613     1408      614     1489
    1255     1256      324      424
    1634      775      875     1625
    1264     1345      433      423
     724     1508      725     1499
    1288      450     1369      449
     514     1328     1327      414
     171       71     1064     1055
    1031      134     1030       34
     153     1120      143     1039
     955      855     1697     1698
     231     1181      331      321
     999     1728      899     1729
     515     1409     1328      505
     918     1664     1665      818
    1041      145     1122      155
     413     1336     1327      414
     226     1185     1186      236
    1083      102     1082      112
     222     1101      223     1092
    1254      313      323     1255
     123     1012     1011       23
     202      201     1082      102
    1031      135     1022       35
    1092     1083      212      112
     631      731     1505     1514
     724      624     1499     1498
    1338      415     1329      515
     511      501     1406      601
     612     1487      611     1406
     714      614     1499     1490
     347     1277      337     1196
    1418     1409      515      615
    1658     1649      911      811
     412     1334     1325      512
    1498      713     1489      714
     433     1353     1344      533
     522      512     1334     1335
     413      423     1335     1336
    1418      515      525     1419
    1590     1581      726      826
     751     1532      752     1523
     253     1119     1200      252
    1245      412     1244      402
    1667     1586      821      831
    1083      213     1084      113
     116     1086      115     1005
      26     1023       35       25
     431      421      331     1262
     213     1093     1174      214
    1174      214     1165      213
     424     1256      324     1265
     224     1175      214     1094
    1021      124       24     1022
     114      115     1004     1013
    1694      952      961      951
     675      676     1464     1473
     703     1489     1570      704
    1048      154      164     1129
    1163      201     1082      202
     419     1333      519     1332
    1668      932      923      933
     324      314     1255     1174
     321     1181      331     1262
     953     1686     1687      943
     863     1615      853     1614
    1326      403     1327      503
     603     1489      703      604
    1613      852      862     1694
    1203      356     1284      346
     838     1602      738     1601
    1620      769     1539      768
    1462      563      663     1461
    1384      467     1375      466
    1394      477     1313      478
     232     1100      231     1109
    1201     1202      354      344
    1192      234     1111      244
    1516     1517      744      734
    1603      850      849     1684
     530      520     1342      430
     256      266     1131     1212
     133     1102      233     1101
    1379     1298      461      471
    1334      411     1253      412
     545     1445      544     1436
     821     1667      831      921
     906      905      915     1653
     645      635     1436     1437
     295     1158     1157      195
     427      327     1258     1267
     934     1678      944     1679
     323     1182     1263      333
     133     1102      123     1021
      72       73       82     1065
     222     1092      122     1101
    1596     1515      743      733
     703     1570      803      704
    1516      634     1517      734
     823     1668     1669      833
    1099     1098      229      129
     921     1667      931      922
     804      803     1570      704
     804      803     1651     1570
     772     1623      762     1542
     150      140      240     1117
     692     1479      592      593
     824      834     1670     1589
     441      341      351     1280
     623     1498      723     1497
     824      825     1580     1589
     911     1658      912     1649
    1005      115      105     1086
     744     1526     1607      745
    1427      624      634     1426
    1208      352      252     1209
     815     1652      915     1661
     742      741     1595     1604
    1489      614     1490      604
     911      921      912     1658
     646      636     1438     1519
    1613     1604      851      751
    1688     1607      855      845
     963      953      962     1695
    1624      763     1543      764
     392     1317      393      492
     513      413     1327     1326
     808      807     1574      708
    1435      634     1426      534
     832      732     1596     1587
    1589     1590      825      725
    1408     1417      613      614
    1704      973      972      963
    1274     1275      435      335
    1432      629     1431      529
     942      842     1676     1685
    1192     1193      234      244
    1123      156     1122      256
    1111     1102      134      234
     724     1499      725     1580
     612      613     1488     1407
     228     1106     1107      128
     942     1677      943      933
    1454      654      655     1535
     721      722     1577     1496
    1091      112     1010      122
     493     1318      394      494
     754     1525      744     1606
    1613      852      851     1604
     843     1606      743     1605
     143     1120     1111      144
    1247      305      405      404
     477     1384     1393      476
     814     1580      815     1571
    1557     1556      688      678
     566      466     1374     1383
     354     1283      454     1282
     861     1613      862     1694
     615      515     1410     1409
     279      379     1224     1225
    1239     1158      295      296
     334      434     1273     1264
    1544      765     1545      775
    1478      581     1469      681
     502     1325      402      501
     725     1580     1581      825
     159      158     1134     1053
     226     1176      326     1185
     929      939     1675     1674
     928     1673      938     1674
    1402     1403      597      587
     776     1555     1546      676
     128     1025     1026       28
     480     1387     1306      470
    1303      467      367     1304
    1513     1594      729      730
    1423      620     1504      619
    1022     1021      134       34
     470     1387      469     1378
    1377     1368      558      458
     486      487     1312     1321
     858      758     1611     1610
     918      928     1665     1664
     418     1259      417     1340
     836     1590     1671      835
     386     1240      396     1321
    1462      673     1471      573
     556     1447     1446      546
     262      263     1209     1128
    1183     1264      323      324
    1713      983      982      973
     203     1083     1164      213
    1479      583      582     1398
     893     1642      793      794
    1291      353      453     1290
    1677      833     1678      933
    1352     1271      441      442
     107     1006     1007        7
     213      214     1165     1084
    1596      833     1587      733
     323      223     1173     1182
     486     1393      476     1312
     484      485     1310     1319
    1515      733      633     1516
    1405      500      490     1324
    1686     1677      843      943
     943     1677     1678      933
    1670     1661      924      824
     772     1623      872     1622
    1282      444     1363      443
    1029      133       33     1030
    1312      487      387     1321
    1390     1391      484      584
    1622     1613      862      861
     664      663     1462     1453
     444     1364      445     1283
     554      564     1373     1372
     872     1713     1712      972
     871     1712      971     1703
     474     1309      473     1390
     593     1398      592      493
    1634      884      784     1633
    1551      772     1632      782
    1606      753      743     1605
    1141     1150      277      177
    1640     1631      881      781
    1559     1550      682      782
     782     1632      882     1631
     199      198       99     1080
     650      550     1450      560
     524      624     1427     1426
     946     1680      936      945
    1390      584      484     1399
     874     1715     1706      875
    1573      707      706     1492
    1533      662      652     1532
     663     1533      763     1542
    1265      434     1274      334
     243      233     1110     1111
     882     1631      881     1640
     674     1544      664     1463
     194      294      293     1156
    1111      234     1192      233
     388      389     1314     1233
     435      335     1265     1274
     303     1245     1246      313
    1625      765     1616      764
     864      874     1625     1624
     692     1479     1478      592
     662     1451      652     1532
     675      665     1464     1545
    1317      383      393     1318
     573      673     1471     1470
     412     1326     1325      402
    1474      687      677     1475
     872      882     1631     1712
    1244      401      411      311
     223     1102      233     1183
    1643      794     1642      894
    1310      484     1319      384
     466     1383      476     1302
    1470     1551      673      683
    1461     1380      563      562
     732      731     1595     1514
     861      862     1703     1694
    1614      753     1615      853
    1103      124     1022      125
     343      344     1273     1192
    1316      392      492     1317
    1469     1460      672      671
     212      202     1082     1083
     141      231     1109      241
    1066      184       84     1075
    1039       43       44     1030
    1535      655      665     1536
    1527      645      646     1518
    1371     1362      452      453
    1291      364      354     1210
     391     1316      491      481
     483      383     1317     1318
    1012       13     1011       23
     136      137     1024     1033
    1111      133     1110      143
     651      751     1532      661
    1470      572     1389      573
     413      414     1246     1255
     133      233     1110     1101
    1201     1192      244      344
     143     1120      144     1039
    1306     1305      469      479
    1052      157     1133      167
     269     1144     1135      169
     411      311      321     1253
    1083      202     1082      102
     382     1308      372     1227
      22     1010     1019       21
     126     1104      125     1095
    1272      342     1271      442
     761     1613     1622      861
     783     1632     1551      773
     242     1190     1109      232
     244     1202      344     1193
     244     1202     1201      344
     351     1208      261      361
     383     1309     1318      483
    1145      271     1136      272
    1190     1191      242      342
    1280      441     1271      442
     244     1121      144     1120
    1373      554      454     1364
    1452      562      662     1461
    1712      881      871      971
     481     1307     1316      482
     593     1399      493      494
    1282     1283      444      344
    1301     1220      364      374
     572      573     1380     1389
    1374     1365      556      555
     168     1052     1053      158
    1227      373      372     1218
    1111     1102      234      233
     161     1046     1127      151
     875      775     1626     1625
    1137     1146      172      272
    1051     1052       67      167
     582     1469     1470      682
    1220      375     1229      374
     424     1337      425     1346
    1245      303      302     1164
     452     1371      552     1362
     533      523     1345     1426
    1517      635      645     1518
    1337     1256      424      425
     345     1202     1193      344
     664     1454      564     1463
     474      574     1391     1390
    1097      118      117     1016
     435     1275     1266      335
     464     1373      454     1292
    1112     1121      245      145
    1235     1236      292      392
    1372      454     1363      453
     122      123     1011     1020
      47     1033       37     1034
    1129      253      254     1210
    1019     1100      121      122
    1037      142       42     1038
     144     1111     1030      134
     994     1723      993      894
    1389     1308      482      483
     263     1137     1218      273
      45      145     1031     1032
      82     1064     1073       81
     679     1549     1548      669
     393     1237      394     1318
    1003      104     1004      114
      33     1020       23     1021
     233      133     1110     1111
    1120      253     1201      254
     243     1111     1110      143
    1020       23       32       33
    1039      154     1040       54
     333     1191     1192      233
     204     1165      304     1166
     228      238     1107     1106
     582     1470     1389      583
     457      467     1376     1295
    1081      199       99     1080
    1372      463     1371      563
     279     1143     1224      278
    1314      379      378     1233
     162     1055     1056       62
     269     1225      279     1224
     463     1381     1380      563
    1055      161      171       71
     173      183     1146     1147
    1581      816     1662      815
     851     1604     1685      841
    1144      180      270      170
     475     1310      375     1301
    1064      181     1073       81
    1077      195      185     1158
    1151      288     1152      188
     334      434     1274     1273
     196     1078       97      197
    1553      675      674     1472
     355     1283     1292      354
    1290      352     1209      353
    1122     1121      245      255
     564     1463     1382      574
    1313      487      387     1312
     555     1445     1454      554
    1372      463     1291      453
    1372     1371      463      453
     295     1158      196      296
    1300      364     1291      363
     165      265     1139     1130
     199      298      198     1161
     854     1697     1616      864
     244     1121      245     1112
     478      477     1313     1304
    1160     1079      188      187
    1286      348     1205      358
    1401     1402      496      596
     285      284     1148     1229
     746      747     1519     1528
    1302     1293      365      366
    1382      574     1463      575
     888     1646      898     1647
    1364     1365      445      455
     265      365     1220     1211
      79     1062     1071       78
     652      651     1523     1532
    1067      185     1068       85
     497     1403      597     1402
      99     1080       98       89
     244     1202     1193      245
     978     1710      968     1709
    1041     1050       55      155
      56       66     1050     1051
    1031     1112      144      134
     144      244     1111     1112
    1625      774     1544      764
    1056      162      172     1055
    1056     1137      173      172
     144     1112     1111      134
     384      484     1319     1318
     334      344     1273     1274
    1041      156     1050      155
    1143     1134      269      268
     640     1513     1522      639
    1688      855     1689      845
     364      264     1220     1211
    1052      167     1133      168
     183     1074     1065      182
      82     1074      182     1065
     334     1193     1184      234
    1214      368      268     1223
    1381     1300      473      474
     186      176     1069     1150
      82      182     1073     1064
    1602     1601      748      738
    1243      300     1162      299
     217     1096     1177      227
    1241     1160      288      287
    1301      364     1300      374
    1299      363      373     1300
     363      364     1291     1210
    1291      463      363     1290
    1560      683     1561      783
     584     1400      484     1399
    1373      465     1382      565
    1286     1287      348      358
     254     1130     1211      255
     236     1113      235     1194
    1437      545      546     1356
    1560      693      692      792
     474      464     1381     1300
     168     1052       68     1053
    1081     1080       99       89
     189      179     1153     1152
    1150      187      287     1151
     560     1459      559     1450
    1534     1543      763      764
     486     1312      476     1311
    1323      388      389     1314
    1080      188       88     1071
     517     1331     1412      507
    1727     1726      897      887
     899     1648     1729      889
      69     1054      169     1053
    1061      178       78     1070
    1144     1153      180      179
     488     1322      498     1323
    1174     1183      323      324
     758     1619      757     1610
      70     1063       79       69
     458     1286     1287      448
    1268      327      337     1187
    1381     1462      574      573
     379     1225     1306      369
     189      190     1081     1162
    1184     1265      334      324
    1451      651      652     1532
    1222      367     1223      377
    1201      353     1200      343
    1202      345     1203      355
    1095      126      226     1096
     430     1342     1261      420
      69       68       59     1053
     229     1108      230     1099
      70      160     1054       60
    1140     1141      176      276
      78       77     1061     1070
     794      694     1562     1561
     260     1216      360      270
    1062      179     1071      178
    1628      767      768     1619
    1063     1062       79       69
     398      399     1242      299
     268      267     1214     1223
    1133      267      268     1142
      70     1054     1063       69
    1207      359      360     1216
    1706     1625      875      865
    1720      979     1711      980
     770     1540     1621      769
     847     1690      857     1609
    1676      842      841     1685
    1063      170     1144      169
    1297      459      460     1378
     480      570     1387      470
    1693      949     1692      849
    1695      863      853     1614
     416      415     1248     1329
     294     1238     1237      284
     471      371     1298      461
     464     1381     1300      463
     338      438     1278     1277
     675     1472     1463      674
    1296      468     1305      368
     556      546     1365     1366
     380     1225     1306      379
    1386      568      468     1377
    1206      258      259     1125
    1443      553      653     1444
     888     1638     1647      889
    1672     1673      937      927
    1728      898      998      899
     857     1700     1619      867
    1622     1703      872      871
     888     1719     1718      878
     586     1402      596     1483
    1410      505     1329      506
    1725     1644      895      896
    1704     1713      972      973
    1648      900      899     1729
     853      753     1606     1605
    1718      887      987     1727
    1608      845     1607      745
     858     1701      859     1620
     804      814     1652     1571
    1306     1387      469      470
     390      300      290     1243
      86     1078       87       96
     467      468     1295     1304
    1707     1716      975      976
     605     1490      615     1409
    1497      713     1488      613
     380      370     1306     1225
     573     1471      574     1390
    1301     1302      365      375
    1522      649      749     1531
     755     1527     1608      745
    1239      286     1158      296
     759     1539      659     1530
     998     1728      999      989
    1144      269     1225      279
     599     1486      600      699
     866     1708     1707      966
     880     1630     1639      780
     619     1413     1414      609
     765      755     1536     1617
     790     1639     1648      789
    1517      645      745     1518
    1548      669     1539      668
     466      467     1375     1294
     555     1445     1364      545
    1423      619      629     1422
     554     1454      564     1453
     885      785     1635     1634
     760      670     1540      770
     888     1719      878     1638
    1188     1179      328      228
     788     1556      688     1557
    1566      788      688     1557
    1398      482      582     1397
     748     1611     1530      758
     869     1702      870     1711
    1198     1189      339      239
    1567     1558      790      789
     689     1558      679     1477
     855     1608     1689      845
     483     1398      493     1317
     997     1726     1727      987
     865      965     1707     1706
     659      658     1539     1458
     554     1454     1373      564
    1565     1556      688      788
     167      267     1142     1141
    1629     1638      879      779
     988      997     1727      987
     886     1645      896     1726
     871      971      961     1703
     773      673     1552     1543
    1589      735     1590      725
    1720      989      979      980
     840     1684      850     1603
     923      823     1669     1660
     890     1720      980      990
    1696     1697      864      964
    1698     1617      855      865
     703     1489      704      604
     753     1534      763     1615
     655     1526      645     1527
     779     1639     1630      780
     946     1681      937      936
     925      916     1662      926
     790      880     1639      780
    1322      387      397     1241
    1322      487      387     1313
    1707      966      975      965
     855     1607     1608      845
    1710      969      869     1711
     119     1008       19     1009
    1366      457      456     1375
     978      987      988     1718
     645     1437     1436      545
     362      363     1299     1290
    1291      463     1290      453
    1517     1436      645      635
    1618      866     1627      766
     524      525     1346     1427
     857      867     1619     1618
    1342      520     1423      519
    1609      757     1610      747
    1598      745     1599      735
     658      657     1538     1457
    1462     1471      574      573
    1476     1477      679      579
     680      580     1477      590
    1017     1026      128      129
     347     1286     1205      357
     357      457     1295     1294
     767      757     1537     1538
     687     1484     1565      688
     579     1395      479     1386
     324      325     1175     1184
     905      914      915     1652
     880      980     1711      970
    1554      675     1545      775
     766      756     1537     1618
    1616      855      755     1617
    1635      775     1626      875
    1635      775      875     1634
     635     1428      625     1427
    1184     1185      225      235
    1423      529      629     1432
     540     1432      539     1351
    1142     1143      178      278
     288     1232     1151      278
    1575      818      819     1584
    1546      776      676     1545
    1572      716      706     1491
     812     1569      813     1650
    1107      239     1108      139
     359     1215      369     1216
    1674      939     1675      839
     260      250      350     1207
     479     1387      469     1306
    1304      368      367     1223
     845     1680     1689      945
     432     1352      431     1343
    1689      856      855     1698
     845     1688      945     1689
     754     1607      755     1616
     857     1700      858     1619
     730     1594     1585      830
    1571      715     1572      705
    1417      524     1336      523
     859      860     1693     1612
     350      450     1288     1279
     897     1646     1727      887
     924     1669      824     1660
     959     1693      960      950
    1355      545      535     1356
    1513      740     1594      730
     858      859     1611     1620
     378     1223      368     1304
    1672      826      827     1663
    1573      817     1654      807
     720     1504     1495      719
     306     1248      406     1249
    1572     1581      716      715
    1603      840      839     1594
     653     1453      654     1444
     756      746     1528     1609
     566     1455     1464      565
    1577      712     1568      711
     520      620     1423     1414
     890      880     1639      790
     936     1672     1681      937
     153      163     1047     1128
     308     1170      318     1251
     162     1136      262     1137
     427     1349     1348      527
    1467      579     1468      569
     370     1297     1306      369
    1093      113      213     1092
     145     1121      144     1112
     490      400      390     1324
     170     1135      270     1144
     529     1423      629     1422
     717      727     1502     1501
      48     1034      148     1043
    1079       97       98       88
     390      400     1243     1324
    1351      540     1432      530
      59       60     1054     1045
    1304     1295      367      368
     588      587     1403     1394
    1684      849     1683      949
    1605      852     1604      842
    1449      549      548     1368
     340     1189     1198      240
    1368     1359      448      449
     545     1445     1364      544
     678     1547     1548      778
     169     1053     1134      168
     959     1702      960     1693
    1693     1702      960      860
     916      906      915     1653
     840     1684      839     1675
    1626      866      766     1627
     936      935     1671      926
     544     1444      554     1363
    1679     1598      834      844
    1583     1664      828      827
    1499      715      714     1490
     927     1672      926      936
     647     1520      747     1519
    1419     1418      515      615
     459     1368     1377      458
     640      740     1513      730
     404      405     1328      504
    1437      535      545     1356
     618      718     1494     1503
     539      529     1431     1350
    1495     1414      609      619
     927      827     1672     1673
     868     1709     1628      867
     788      888     1638     1647
     888     1646      887     1727
    1576      819     1575      809
    1600      837      737     1601
    1562     1553      684      685
    1607      845      844     1598
     908     1655      808      907
     914      814     1661     1652
     815     1652     1661      814
    1580      815     1661      814
     709     1576     1575      809
     918      928     1664      927
     613     1407      513     1408
    1502     1583      728      727
    1039      144     1030       44
     136     1024       36     1033
    1022      124       24     1013
     167      157     1133     1132
     539     1350     1431      538
    1099     1090      220      219
    1422     1341      528      529
     360     1207     1288      359
     108      107      207     1088
    1340      527     1421      528
     529     1423      519     1342
     650      640     1522     1441
     526      525     1419     1428
    1261      419      319     1252
      59     1054     1053      159
    1666      920      930      929
    1619      857      757     1610
     614     1408     1409      604
    1431      539     1440      639
     617     1421     1412      517
     540      640     1432      630
     146     1042     1033       46
     309     1171     1170      319
    1197     1196      348      248
    1187      228     1178      227
     330      430     1261      420
     540     1441      539     1432
    1214     1133      258      257
     710      809     1576      709
     640      639     1522     1441
    1180      320      319     1171
    1041     1042       46       56
      90       80      180     1072
     467      367     1304     1295
    1630      779      879     1639
    1419      515     1338      516
     169     1134     1143      168
    1088     1087      207      217
     513     1408     1417      613
    1508      635      735     1509
     647     1529     1528      747
     448     1277      348     1278
     435     1356      436     1275
    1186      326      327     1267
     618     1493      608     1494
    1248      316      416     1249
    1441     1360      539      549
    1441     1522      649      639
    1441      540     1360      550
    1023      126     1024      136
     349     1206      359     1207
     210     1090     1171      220
     249      248     1206     1125
     603      503     1408      504
    1176      216      215     1095
    1035     1026      138       38
     810      910     1657      909
     315     1256     1257      325
    1260     1251      318      319
     325     1256     1257      425
     627     1510     1511      637
     731     1586      821      721
     354     1283     1282      344
    1292      455      454     1283
    1341      529     1350      528
    1440     1359      548      549
     437     1348      537     1357
     513      613     1417     1416
    1345     1354      534      434
    1296      359      369     1297
      53     1039       54     1048
     329      429     1261     1270
    1143     1134      268      168
    1359      538      438     1350
     517     1340      417     1339
    1033      147      137     1034
     255     1212     1131      265
     366      356     1212     1213
     556     1375      456     1374
    1031     1022      134       34
    1256      325      324     1265
    1012      124     1013       24
     336     1275     1276      346
    1620     1539      758      768
     104      105     1085      204
    1175      215      214     1094
     549     1360     1359      449
      30     1027       39       29
    1054      160      159     1045
     335     1184      325     1265
    1274      445      345     1283
    1370      562     1371      462
    1375      467     1376      457
     744      644     1526     1517
    1423     1504      629      619
    1287      348     1206      349
      59       49     1045     1044
     204     1085     1166      205
    1094     1175      215      225
     106     1086      206     1087
     559     1449     1368      549
     149      148     1125     1044
    1501      727     1502      627
     617      607     1411     1412
     508      607     1412      507
     425     1338     1347      525
    1431      628     1512      638
     364     1211      354     1210
      11        1        2     1001
    1374     1373      555      565
     197      187     1079     1160
    1020       33       32     1029
     146     1123      156     1122
    1002      103     1083      102
    1251      309      408      308
      58     1044       59     1053
     127       27     1016     1015
    1115      137      147     1034
     112      111     1091     1010
     450      440     1360     1279
     420     1261      320     1252
    1084     1085      104      114
    1026      138       38     1025
     325     1184      324     1265
    1084     1093      114      113
    1268      337      338     1187
     206     1087      216     1168
    1192     1193      334      234
    1184      325     1175      225
     206     1086     1167      216
      73     1066       83     1065
     255     1130     1211      265
    1104      225      125     1095
     355      365     1212     1211
    1068       76     1069      176
    1457      558      658     1448
     257      267     1133     1132
     432     1262     1271      332
      45     1031       44       35
    1270      330      329     1189
    1422      518     1341      519
    1353     1272      443      433
    1014       15     1013       25
    1049      155      154     1040
     612      622     1416     1415
     418     1341     1340      518
      50     1036     1045       49
    1161      188     1080      189
     180     1144      179     1063
    1143     1142      268      278
    1288     1207      349      359
     420      520     1333      510
     332     1190      232     1181
     516     1411      506     1330
    1097     1106      228      128
     629      729     1504     1513
    1053     1054      169      159
     207      107      206     1087
     228     1098      218     1097
    1381      474      473     1390
    1309      484     1318      483
    1253      322     1262      422
    1010       21       12       11
    1097     1088      117      118
     540     1351     1360      440
    1180     1171      319      219
      12     1001        2     1002
    1101      123      223     1092
     212      112     1082     1091
     522     1415      512     1416
     332     1262      331     1181
     211     1163     1172      311
      22       21     1019       31
     592      492     1398     1397
     394     1238      294      295
    1010      121     1019       21
    1101      132     1100      232
     414      404     1328     1327
    1437      635      636     1518
     703     1569      803     1570
    1407      602      503      603
    1047      162      163     1056
    1095     1104      226      126
     302      301     1163      202
    1001      111     1010       11
    1103      224      124     1094
       3     1002       12        2
     374     1219     1220      364
    1037     1028      142      141
    1023     1104      125      126
     355      255     1202     1211
    1006       17     1007        7
     264     1139      164     1138
    1002     1001        2      102
     102        2     1002        3
     135     1103     1022      125
      22       31     1019       32
    1083      102      103      202
    1031       35     1022       34
    1120      243      244     1201
    1021      124      123     1012
      13     1002       12        3
    1021     1012       23       24
     362      462     1290     1299
    1012       24     1013       14
    1001      101        2      102
    1001      101      102     1082
    1343      521      421     1334
    1271      341      342     1190
    1001        1        2      101
     471     1298      472     1379
    1255      424      423     1336
    1271     1190      342      332
    1038      143     1039      153
    1094      225      215     1095
     927     1663     1672      827
     222     1092      212     1091
    1082      201      101      102
     514     1328      414     1337
     374      274     1220     1219
      41     1028      131       31
      22      122     1010     1011
     332     1191      232     1190
    1082      111      101      201
    1091      112      122     1092
    1010     1019      121      122
     212     1083     1082      112
     132     1109     1100      232
    1120      243     1119      143
     324     1174     1183      224
      14     1013     1004       15
    1353      433      443     1354
     313      312     1254     1173
     111     1010       11       21
     123     1093      223     1092
     612     1406     1407      602
     206     1086      205     1167
    1082      111     1001      101
     332     1191     1190      342
     402      401     1325     1244
     212     1164      202     1083
     101       11     1001        1
     143     1029       43     1030
     181     1145      171     1064
     213     1093      223     1174
    1127      261      251     1208
      12       11        2     1001
     101      111     1001       11
     111      211     1091      121
    1010      121     1091      122
    1003      103     1002        3
    1092     1011      122      123
     112     1011     1010      122
    1092      112      212     1091
     114      214     1085     1094
     142     1029     1038      143
    1031      135      134     1022
     112     1011      122     1092
      32     1019     1020      132
    1082      111     1091      112
     112     1001      102     1082
      13     1003     1002        3
     117     1007       17     1016
     125     1094      115     1095
      12      112     1002     1011
    1173     1174      323      313
    1020      133     1101      123
    1118      142     1109      141
    1118     1037      142      141
     544     1354     1363      444
    1337      514     1328      515
     132     1100      122     1101
      22     1010       12     1011
    1001     1010       12       11
      12     1010      112     1011
      12     1001      112     1010
     112      111     1010     1001
    1082      111      112     1001
      12     1001     1002      112
    1083      102      112     1002
     181     1073      182     1064
    1145     1146      272      172
    1038      142      143     1119
     131     1028      141     1109
     301      201     1163      202
    1010       22       12       21
     141     1028      131       41
     143      142     1110     1119
      21      121     1019       31
     111     1010       21      121
      22     1019      122     1020
      43       33       34     1030
     151      152     1127     1118
    1265      424      425     1346
     142     1029     1028       42
     366     1294     1293      356
     472      473     1389     1380
    1380     1461      563      573
     385     1310      485     1319
     121      131     1019       31
     222     1091     1100      122
    1219     1138      274      264
    1037      142     1028       42
     134     1021     1030       34
     142     1028     1109      141
    1136      171      271     1145
     323     1182      322     1263
     232     1100      222     1181
     232     1182      233     1191
    1020     1101      122      123
    1226     1235      382      282
    1136      161      261      171
      22     1019     1020       32
     131     1109      141      231
     172      171     1136     1145
     222     1091      221     1100
      33      133     1020     1021
     312     1173      322     1254
     264      364     1210     1211
      44       43       34     1030
    1334      521      421      511
     523      533     1344     1425
    1181      222      221     1100
     131      221      121     1100
     121      221     1091     1100
     143      144     1030     1039
    1209      352     1200      353
      42     1029     1038      142
      41     1028     1037      141
    1020     1019      122      132
     433     1272      333     1263
     133     1029      143     1030
    1029      133      132     1020
    1111      133      143     1030
    1110      132     1101      232
     253     1200      353     1209
    1037       42     1028       41
     142      132     1110     1109
     142     1029     1110      132
     143       43     1039     1030
     143     1111     1030      144
    1191     1182      233      333
      32       42     1028     1029
    1100      232      222     1101
     145     1112     1031      135
    1038     1119      143      153
    1111      233     1192      243
    1214      257      357     1213
     142     1029      143     1110
     342     1272     1271      332
     135     1103      134     1022
      22      122     1011     1020
    1181     1100      231      232
    1101     1102      223      123
    1101     1092      122      123
      82     1065      182     1064
    1239      385      395     1238
     131      231     1100     1109
     134      133     1111     1030
    1100     1101      222      122
    1514      631     1433      632
      22     1020     1011       23
     121     1100     1091      122
    1047      162     1056       62
      42     1029       33       43
    1019      131      121     1100
     131      231      221     1100
    1181     1100      221      231
      32       31     1019     1028
    1020       23       22       32
     132     1101      122     1020
    1174      223      323     1183
     323      223     1182     1183
      44     1031     1030       34
     244      144     1111     1120
    1118      241      242     1199
     165     1050       65     1059
     143     1038     1039       43
    1020      123     1011       23
    1182     1183      233      333
    1020      123     1021      133
      41       32     1028       31
     142      132     1109     1028
     132      131     1109     1028
    1019      131      132     1028
      32     1028     1019      132
      32     1028      132     1029
     142     1029      132     1028
    1101      132     1110      133
     133     1101      132     1020
    1019      131     1100      132
    1100      131     1109      132
     132     1020       32     1029
      42     1029       43     1038
     143     1029     1038       43
     133      132     1110     1029
    1110     1029      143      133
    1112      135      134     1031
    1004      104        4        5
     634     1508     1517      734
     113      123     1011     1092
    1002        3      103      102
    1020      123       23     1021
    1183     1182      323      333
     232     1110      233     1101
     332     1182     1191      333
    1123      257      247     1124
    1265      424     1346      434
    1366      547     1357      447
    1290      463     1299      462
     324     1174      224     1175
     236      336     1186     1195
    1129     1138      164      163
    1265     1264      424      434
    1012      114     1003       14
     114     1004     1003       14
    1102     1093      124      224
     226      216     1177     1176
    1012      114      113     1003
     235     1193     1112      234
     234     1112     1111      244
    1110      243      143     1119
      14     1004     1003        4
      42     1029       32       33
     153     1120     1119      143
     244     1111      243     1120
    1137      163      263     1128
    1120     1111      243      143
     444      434     1273     1274
     643     1435     1444      644
    1264      333      334     1183
    1210      354     1291      353
      28      128     1016     1017
    1228      373     1219      374
     235     1193      234     1184
    1111     1102      233      133
     134     1102     1111      133
     446      346     1285     1276
      44     1040      144     1031
    1220      264      265     1211
     155     1121     1122      255
     247     1196      248     1205
    1056      162     1137      172
    1280      341      351     1199
     162     1136      172     1055
     265     1140      165     1139
     352     1289      351     1280
    1040       55     1049      155
    1021     1102      123      124
      34       33       24     1021
    1201      343     1282      353
    1031      144     1030      134
      44      144     1030     1031
      35     1031       44       34
    1178      227      327     1187
    1104      235      135     1103
     116      126     1014     1095
    1114     1105      137      237
    1088      107      207     1087
     124     1102      134     1021
     225     1094      125     1095
    1104     1103      125      225
    1104      235     1113      135
     115     1004       15     1005
    1031      145      144     1112
    1196      348     1205      347
    1014      126      125     1095
    1112     1103      134      135
      22     1011       12       13
    1103      235      225     1104
      24       33       23     1021
    1096     1015      116      126
    1114      237      137     1115
    1012       14     1013      114
    1221      375     1220      365
    1094      224     1175      225
    1121      244      144     1112
     353     1281     1200      343
    1210      354      353     1201
     253      353     1201     1210
     257     1133      157     1132
     355     1203     1202      255
      24     1021     1022       34
     164       64     1049     1048
    1130      264     1211      265
    1231      276      286     1150
    1277      338      348     1278
     456     1365     1374      455
    1201      344      343     1192
     184     1075     1066      183
     263     1138      264     1129
     154     1039     1120      153
    1210      264      254     1129
     244     1202      245     1121
    1246     1165      304      303
    1084     1085      204      104
     234     1193     1112      244
     135     1103      125     1104
    1014      125     1023       25
    1498     1417      614      613
     324      314     1174     1175
     424      414     1255     1256
     324     1264      334     1183
     264     1130      254     1129
     240      330     1189      230
    1022     1023       25       35
     127     1097      117     1016
    1011     1002       12       13
    1088      207     1169      217
      13     1012     1003       14
     117      107     1088     1087
    1022      125     1013       25
    1003      104      103        4
    1014     1023       26       25
      24     1013       15       25
      13        4     1003        3
      14     1004        4        5
      34     1022       24       25
      34     1022       25       35
    1096     1105      227      127
    1022      125       25     1023
    1246      404      414     1327
     216      215     1086     1167
     124     1102      224     1103
    1103     1102      134      124
    1103      124      134     1022
     215     1175      214     1166
    1023       36     1032      136
     213     1093      214     1084
    1022      125      124     1013
    1191      342     1272      343
    1014       25       16       15
     135     1023     1022       35
    1003        4      103        3
     113     1011      112     1092
     444     1364      454     1363
    1258      326     1257      426
    1353      433     1354      533
    1004      114      104     1085
     614      714     1489     1490
     324     1256     1175      325
    1004      104        5      105
     213     1093     1084      113
     316      216     1167     1176
    1330      517      516     1411
    1012       24       14       23
      22     1011       13       23
    1004      104     1003        4
      13       14     1003        4
    1337      415      414     1256
      15     1004       14        5
    1012     1093      114      124
     123      113     1093     1092
     114      104     1084     1003
     203      104      103     1084
    1083     1084      103      113
    1083      203      103     1084
     113     1084      103     1003
      24     1013       14       15
    1093      214     1084      114
    1102      223     1093      224
     224     1094     1093      124
    1083      113      112     1092
    1174      314      214     1175
    1012     1093      113      114
     114       14     1013     1004
     150     1036      140     1117
    1021      123       23     1012
     115     1085     1004      105
     113      103     1002     1003
     113     1003     1002       13
    1011      113     1002       13
    1012      113     1011       13
    1012     1003      113       13
    1012      123     1011      113
     113     1002      112     1011
    1083     1002      112      113
    1083      103     1002      113
     124     1094     1013      125
     314     1166      304     1165
     123     1012     1093      113
     123     1012      124     1093
    1102     1093      123      124
    1102      223      123     1093
     213     1083      212     1092
    1083      213      203     1084
    1084      104      103     1003
     522      422     1335     1334
    1094      215     1085      115
    1082      212     1091      211
    1246      304      403      303
    1083      202      103      203
     313      213     1173     1174
     223     1093      213     1092
    1245      413     1246      313
     124      114     1013     1094
    1094      114     1013      115
     626     1501      627     1510
     204     1165      303      304
    1005      105        5        6
    1086      215      205     1167
    1094      215      115     1095
     222     1173     1182      322
    1094      115     1013      125
    1103     1094      125      225
    1103      224     1094      225
     224      214     1093     1094
     114     1094     1085      115
    1004     1085      104      105
    1331      517      417     1330
     424     1264     1345      434
     115     1004     1013       15
     235     1184      234     1103
     729     1584     1593      728
     312     1173     1172      322
     518     1340     1421      528
    1255     1256      414      314
     603      504     1408      604
     214      114     1093     1094
    1094      114     1093      124
    1103     1094      124      125
    1165      204      214     1166
     206      305     1167      205
     414     1247     1328      404
    1174      214      224     1175
     214     1093     1174      224
    1264      433     1273      333
    1194      346     1195      246
    1193      344      334     1274
    1256      325     1265      425
    1166      205      305      304
     324     1256      314     1175
     544      543     1363     1354
     245     1193     1112      235
    1246      314      304     1165
     215     1167     1166      205
     204     1085      214     1166
     204      105     1085      205
     412      411     1253     1244
    1175      315     1256      314
     215      315     1175     1166
    1499      615      715     1490
    1283      345     1274      344
     314     1166      214     1175
     315     1167      305     1166
     215     1167      315     1166
     105      115     1085     1086
    1256      315     1175      325
     315     1247      314     1166
     315      305     1247     1166
    1418     1337      525      515
     242      241     1109     1190
     213     1165      203     1084
     738     1593     1592      728
    1174     1093      223      224
    1084      204      203      104
     203     1165      303      204
    1084      204     1165      203
    1084      204      214     1165
    1084     1085      214      204
    1336      524      514     1337
     234     1183     1192      233
    1166      205      304      204
    1523      642     1524      742
     505     1409      504      604
     343      333     1191     1192
    1337     1328      414      415
     864     1624      764     1615
     616      606     1410     1411
     324     1256     1255      314
     142     1109      242     1118
     444     1273      344     1274
     412     1325     1244      402
    1246      304      404      403
    1255      414     1246      314
    1258      326      426     1267
     722     1497     1578      712
    1165      314      214     1174
    1165     1166      214      314
    1246     1247      404      304
    1451      562     1460      662
    1082      211      111      201
    1245     1326      412      402
     224      225     1103     1184
     413     1336      414     1255
     605     1410      505     1409
     313     1245     1254      312
    1264     1263      433      333
     531      521     1424      621
    1407     1326      513      503
     931     1676      932     1667
     432     1272      433     1263
    1254      322     1263      323
     211     1172      221      311
     323     1173      322     1182
     334     1264     1273      333
     616     1410      606     1491
     727     1592      728     1511
    1248      415      416     1257
     236     1194      336     1195
     447     1276      347     1277
    1247      305      404      304
     424     1337      414     1256
     414      314     1247     1246
    1256      315     1247      314
     505      605     1409      604
     407     1330     1331      417
     314     1247      304     1166
    1247      305      304     1166
     512     1406      502     1407
    1274      345     1193      344
    1355      445     1274      444
     234     1102     1183      233
     621      711      611     1496
     224      324     1175     1184
    1410      515      505     1409
     217      117     1087     1096
    1490      614     1409      604
     316      326     1257     1258
     224     1184     1175      225
    1345      433      533     1354
    1330      416      417     1249
    1517      635     1518      735
     345      245     1193     1202
    1256      315      415     1247
     517     1421      518     1340
     415      405     1328     1247
     415     1247     1328      414
     235     1112      135     1103
    1598      734      744     1517
    1256     1247      415      414
     444      445     1274     1283
     434     1345      433     1264
     331      231     1190     1181
     371     1307      471     1298
     425     1256      415     1337
     335     1193      334     1274
     836     1590     1591      826
     335      325     1185     1266
     323      333     1263     1264
    1255      424      324     1264
     315     1256      415     1257
    1167      315      305     1248
     305      315     1247     1248
    1086      215     1085      205
    1339      526     1420      527
    1185     1176      325      225
     447      547     1357     1358
    1268      437     1277      337
     552     1442      551     1361
    1097      117      217     1096
    1248      416      406     1249
     646      645     1446     1437
    1034     1043      147      148
    1119     1110      243      242
     335      334     1265     1274
    1266     1265      325      425
    1257      325      425     1266
     523      524     1345     1426
    1182     1263      333      332
    1183      333      323     1264
    1183      224      234     1184
     453      443     1363     1362
    1274      345     1275      335
     234     1102      134     1103
    1266      335      325     1265
     539      538     1359     1350
    1168      217     1177      317
     135     1104      136     1113
    1103     1184      225      235
     322     1262      332     1181
     444     1283     1274      344
     453     1362      452     1281
     424     1345     1346      434
    1413     1332      508      518
     455     1364      454     1283
     254     1130      255     1121
    1373     1364      454      455
    1337      514      515     1418
     806      816     1654     1573
    1283     1202      345      344
     416      426     1257     1338
    1104      235     1185      236
    1193      335     1184      235
    1285      347     1276      346
    1201      343      243     1192
     963     1705      973      964
    1528     1527      656      646
    1272      443     1273      343
     525     1346     1427      535
    1362     1353      443      543
    1272      343     1273      333
     436     1266     1347      435
     893     1642     1641      793
     435     1265      425     1346
    1274      335     1193      345
     455      555     1373     1364
    1210      264     1129      263
     376      366     1221     1222
    1537     1456      656      666
     407      507     1331     1330
     233     1183     1192      333
      45      145     1040     1031
     155      145     1122     1121
     636     1438     1429      536
     554     1364     1363      454
     435      436     1266     1275
    1417      524      523     1426
    1266     1265      425      435
    1372      554     1363      454
     445     1275      435     1274
    1355      445      435     1274
    1274     1275      345      445
    1294      456     1293      356
    1267     1276      437      337
    1112      234      134     1103
     235      234     1112     1103
     234      224     1103     1184
     223     1183      233     1182
     335     1193     1184      334
    1183     1184      234      334
     222      232     1181     1182
     724      624     1508     1499
    1507      624     1508      724
    1372      554      553     1363
     374     1228      274     1219
    1191     1272      332      333
     242     1109     1110      232
     734     1507     1508      724
     551      451     1370     1361
    1380      462     1371      562
     435     1274      434     1355
     435      434     1346     1355
     435     1265     1346      434
     435     1265      434     1274
    1354      443     1363      444
    1165      213      313     1174
    1191      242     1110      232
     421      411     1334      511
    1586      731     1595      732
    1201      344     1282      343
     232     1110     1191      233
    1514      631      641     1433
    1191      243     1192      233
     545      544     1364     1355
    1364     1445      554      544
    1507      634     1516      734
     213     1092      212     1173
     453     1291      454     1282
    1173      223      323     1174
    1183      324      224     1184
     421     1253      422     1334
    1119     1118      142      242
    1244     1163      312      302
    1174      323     1255      324
    1253     1172      322      312
    1282      444      454     1363
     343      344     1282     1273
    1183     1174      223      224
     223     1102     1183      224
     335      334     1184     1265
     751      741     1604      841
    1345      433     1354      434
     413     1254      423     1255
     211     1172     1091      221
    1183      334      234     1192
    1102      224      234     1183
    1102      224     1103      234
     334      333     1273     1192
    1183      333      334     1192
     625      624     1427     1418
    1184      334     1183      324
     757     1529     1528      657
     222     1182     1181      322
     413     1245      403     1326
     343     1191      243     1192
     424     1256     1265      425
    1264      434     1265      334
     324     1264     1265      334
     453      443     1362     1281
    1496      622      722     1497
     242     1110      243     1191
     343      443     1282     1281
     752     1614      852     1605
    1424      521      531     1343
    1191      343     1272      333
     545     1365      445     1364
     625     1499     1418      615
    1353      442      443     1272
     443      442     1281     1272
     322      332     1182     1181
     322     1263     1182      332
     623     1506     1507      633
     405      505     1328      504
    1409     1408      504      604
    1362     1443      553      552
    1506      733      633     1515
    1282      444      443     1273
    1182      332      232     1181
    1164     1163      212      202
     473     1390      483     1389
     422      322     1262     1263
     322     1262     1263      332
     412     1245      312     1254
     523     1425     1344      522
    1272     1281      443      343
     512     1335      412     1334
     532     1344     1353      533
    1345      524      534     1426
    1191     1110      243      233
     443     1272     1273      433
     413     1245     1246      403
    1307      482      481     1388
     442     1361     1280      441
     434      433     1273     1264
    1182     1101      233      223
     222     1182      223     1101
     222      232     1182     1101
     232     1101      233     1182
     312     1163      212     1164
     742     1515     1524      743
    1263     1262      432      332
    1272      332      333     1263
    1272     1263      432      332
     636      635     1509     1518
    1388      571     1379      572
     433     1272     1273      333
    1589     1508      725      724
    1118      241     1109      242
     227     1097      217     1096
     232     1182     1191      332
     453      454     1363     1282
    1218     1137      272      273
     431     1271      441     1352
     446     1357      436     1276
     142     1109     1110      242
    1119      242      142     1110
    1298      462      362     1299
    1516      643     1525      644
    1516     1435      643      644
    1371      452      462     1290
     353      354     1282     1201
     241      151      251     1118
     141      241     1109     1118
     343     1273     1282      443
    1595      731      741     1514
     161     1127      251      151
     154     1129     1120      254
    1586      731      831     1595
    1460      571     1379      561
    1541      772      762     1542
    1712      881      971      981
    1587      823     1578      723
     723     1588     1587      823
    1499      614      615     1490
    1335      422     1344      423
     733     1507     1516      734
     635      636     1509     1428
     635      625     1508     1427
     472      473     1380     1299
    1244      311      411     1253
    1352      441     1361      442
    1290      452      352     1281
    1262     1343      431      421
     342     1281     1280      442
     863     1624     1623      873
    1362      542     1443      552
     552      542     1442     1361
     342     1281     1272      343
     611      511     1415     1406
     332     1262     1271      331
     241      331     1190      341
     332      331     1190     1181
     342     1280     1271      442
     582     1397      482     1388
    1272     1281      342      442
     825     1662      815     1581
     241      231     1109     1190
    1397      481      482     1388
     572     1461     1380      573
     552      542     1443     1442
     551      451      461     1370
    1506      722      732     1505
     341     1280      441     1271
    1407      602     1488      612
    1280      341      342     1271
    1191     1272      342      332
     421     1253     1262      422
    1415      612      611     1406
    1181     1262      321      322
    1271      341     1190      331
    1271     1190      332      331
    1190      231     1109      232
     221     1181      231      321
     713     1498     1579      714
     614      624     1418     1417
     212     1163     1082      202
     703      802      803     1569
     241      231     1190      331
    1164      213     1173      313
     421      321      331     1262
    1262     1271      431      432
     431      331     1271     1262
    1262      321     1253      421
     222      223     1182     1173
     441      341     1271      431
     431      341     1271      331
     812     1577     1568      811
    1164      312      313     1173
    1173     1092      212      222
     533      534     1435     1426
     775     1544     1553      675
     432     1271      431     1352
     442     1352     1271      432
     442      432     1271     1272
     442     1353      432     1272
    1353     1272      433      432
     423      424     1264     1345
     442     1353     1352      432
     213      223     1173     1174
    1244      311      312     1163
     211      221     1091      121
     422     1263     1262      432
     421      321     1253      411
     223     1092      213     1173
     413     1335     1254      412
     905      904      914     1652
    1264      423      433     1263
     323     1264     1263      423
    1262      321      322     1253
     312      322     1253     1254
     323     1264      423     1255
    1586      822     1577      722
     831     1586      821      731
    1336      424      423     1345
     413      423     1336     1255
    1418      514      515     1409
     822      823     1659     1578
    1246      403     1245      303
    1334     1253      411      421
     514     1417      614     1418
    1253      311     1172      312
     313     1174      323     1255
    1082     1091      111      211
    1255      424     1264      423
     221     1172     1181      321
    1164      203      202     1083
     402      303     1245      403
    1172      222     1181      322
    1244      301     1163      302
     612     1415     1416      512
     413     1255      313     1254
    1254      422     1253      412
    1164     1083      212      213
     212      213     1173     1164
    1253     1244      312      412
    1254      323      423     1255
     423     1254     1263      323
     301      311     1244     1163
     321     1172     1181      322
     311     1172      221      321
     402      302     1245      303
     413     1255     1246      313
    1254      322     1253      422
     513     1326     1327      503
     402      403     1245     1326
    1407      502     1326      503
     423      422     1263     1254
     422      322     1263     1254
    1173      313      323     1254
    1335      422     1254      412
    1172      212     1091      222
     212     1173      222     1172
     212     1173     1172      312
     211      212     1091     1172
     221      222     1181     1172
    1253      311      321     1172
    1253      321      322     1172
    1164      303      203     1165
     213     1164      203     1165
     311      301      211     1163
     301      201      211     1163
     211      201     1082     1163
     212      211     1082     1163
     211      212     1172     1163
     312     1163     1172      212
    1253      412      312     1254
     612     1487     1488      712
    1335      422      412     1334
    1334      411     1325      511
    1435      533     1434      543
     412      422     1253     1334
     312      311     1244     1253
     821      822     1667     1658
    1407      503     1408      603
    1164      303      302      203
    1164      302      202      203
     302     1163     1164      202
     312     1163     1164      302
     312     1245      302     1164
     531      521      431     1343
     212     1164     1173      312
     303      313     1164     1245
    1245     1244      312      302
    1255      314     1246      313
    1165     1246      314      313
    1165      313      314     1174
    1255      314      313     1174
     303      313     1246     1165
     673     1462      663     1461
     402     1244     1245      302
     413      403     1246     1327
    1246      404     1327      403
     413     1326      403     1327
     412     1244      312     1245
     612     1496      712     1497
    1407     1406      502      602
     511      411     1325      501
     413     1335      412     1326
    1335      512     1326      513
     401      301     1244      302
     402      401     1244      302
    1244      301      401      311
    1487     1406      612      602
     413     1326      412     1245
     413      412     1254     1245
     602     1487      702     1488
     733     1516     1515      743
    1325      411      412     1244
    1334      411      412     1325
    1325      401      402      501
    1325      411      401      501
    1588      723      733     1507
     724     1498     1499      714
     612      622     1497     1416
     521      522     1415     1334
     530      520     1423     1342
    1343      422      522     1334
    1415      622      621     1496
     603      602     1488     1407
    1415      621      611     1496
    1676      832      932     1667
     711      712     1487     1496
     512      502     1326     1407
    1496      622     1497      612
    1598     1517      745      735
     614     1498      613     1489
     611      711     1487     1496
     633      733     1507     1516
     511      601     1406      611
    1591      837     1592      737
     822      823     1578     1587
    1352      432      532     1343
     413     1335      423     1254
    1426      624     1507      623
    1262      422     1343      421
     802     1649      801      901
    1497     1498      713      613
     902     1650      802     1649
    1659      812      912     1658
     713     1570     1489      714
     713     1489     1488      613
     723      724     1579     1498
     711     1568      701     1487
    1502      718     1503      728
     722     1587      822     1578
     514     1408     1417      513
     461     1289     1298      462
    1424      622     1505      621
     602     1487     1488      612
    1642      783     1641      793
    1723     1722      883      983
    1433      542      642     1434
     612     1406      512     1407
     505     1409     1328      504
     403      404     1327      503
    1415      621      521      611
    1415      521      511      611
    1334      521      511     1415
     521     1343      522     1334
    1344      522     1343      422
     422     1343      421     1334
    1219      364     1210      264
    1589      734     1508      724
    1487     1496      712      612
     522     1415     1416      622
     522      512     1335     1416
     543     1434      542     1353
    1336      514     1327      414
    1588      733      734     1507
    1588     1507      734      724
     623     1417     1498      613
    1488     1487      702      712
     627     1510      637     1429
    1571     1490      715      705
    1335      422      423     1254
    1435      633      634     1516
     433      533     1344     1345
    1496     1497      722      712
    1498      624      614     1417
    1406      601      502      602
    1489     1408      614      604
    1345      524      424     1346
     623      624     1498     1417
     603      613     1488     1489
    1581      716      726     1582
     603     1489     1488      703
     704     1490     1571      705
     614     1499      615     1418
    1334      511     1325      512
    1662     1653      816      916
     622      623     1497     1416
    1451      651     1532      661
     623      624     1507     1498
    1588      723     1507      724
    1584     1585      729      829
     623      613     1498     1497
    1580     1581      815      715
    1406     1487      601      602
    1336     1417      514      524
    1496     1487      611      612
    1496      612      611     1415
    1496      622      612     1415
     612     1497      712     1488
    1478     1479      582      592
    1335      413      513     1326
    1336      424     1345      524
     502     1406     1325      501
    1406      601      501      502
    1326     1325      402      502
     402      403     1326      502
     512      511     1325     1406
     512     1406     1325      502
    1326      512     1325      502
     412      512     1325     1326
    1326     1335      412      512
     502      403     1326      503
     612     1415      512     1406
    1415      511      512     1406
    1415      511     1334      512
     522     1415     1334      512
     129     1108     1099      130
    1407      602      502      503
     842      852     1604     1685
     406     1330      407     1249
    1419      625      525     1418
     513     1327      514     1408
    1335      512      513     1416
     513      512     1407     1416
    1407     1408      613      603
     513      503     1327     1408
    1336      424      524     1337
     514     1327     1328      504
    1677      933      942      932
     942     1686      842     1685
    1407      503      513     1408
     824     1661     1660      814
    1419      625     1418      615
    1336      413      513     1335
    1336      413     1327      513
    1336     1327      514      513
     742      642     1524     1515
     603     1408     1489      604
    1679      845      835     1598
     921     1667      922     1658
    1352      531     1343      532
     514     1327      504     1408
     622      522     1415     1424
    1605      742     1524      743
    1336      514     1417      513
     751     1523     1604      741
    1426      624      634     1507
    1409      514     1328      504
     716      616     1500     1501
     706      806      707     1573
     616     1492     1491      606
     827     1591      727     1582
    1417     1418      514      524
    1337      524      514     1418
     514     1408      504     1409
    1419      615     1410      616
    1417      624     1418      524
    1650      812      802     1649
    1446      645      545     1437
     525      524     1337     1418
    1346      524     1337      525
    1346     1337      425      525
    1570      814     1651      804
     920      910      919     1657
    1500     1491      615      616
    1435      533     1354      534
    1345      533      534     1354
    1417      623     1426      523
    1436      535     1437      635
    1528      646      656     1447
     524     1427      534     1426
     524      624     1418     1427
     635     1427     1508      634
     525     1347      425     1346
    1407      613     1488      603
     612     1416      613     1407
    1347     1346      535      435
     635      535     1428     1427
    1128     1119      253      252
    1023     1032      135      136
    1521     1440      648      649
    1590      836     1591      736
    1590     1599      836      736
    1500      616      615     1419
     643      642     1443     1434
     415     1337     1328      515
    1600      847      837     1601
     722      712     1577     1496
    1499      624      625     1418
    1517     1508      735      734
    1576      819     1585      719
    1598      734     1517      735
     617      717     1502     1501
     704     1489     1490      604
     602     1487      701      702
     514      614     1408     1409
     514      614     1409     1418
     614     1418      615     1409
    1490      614      615     1409
    1278      339     1269      338
     615     1410      605     1409
     634     1436     1517      635
    1611      749     1530      759
    1578      723     1579      713
     514     1417     1408      614
    1568      702      701     1487
     614      624     1499     1418
     803     1569      813     1570
     603     1408      613     1489
     536     1347      535     1356
     639     1441      539     1440
     620      630     1504      720
    1516      644      744     1517
    1516      634      644     1517
    1431     1440      538      638
    1416      623      613     1417
    1416      623     1497      613
    1506      733     1507      633
     612      613     1497     1488
     612     1416     1497      613
    1651      814     1652      804
    1569     1568      802      812
     714      704     1489     1490
     921      922      912     1658
     823     1668     1659      923
     822     1659      823     1668
     634     1436      644     1517
     603      702      703     1488
    1575      818     1574      808
     704     1490      605      604
     614     1498     1489      714
    1570      704     1489      714
    1571     1570      804      814
    1687      843     1678      943
     714     1490      715     1571
    1651      914      904     1652
    1650     1569      802      812
    1580      825      815     1581
    1660     1579      823      824
     419     1251     1332      418
    1580     1661      824      814
    1680      835     1679      845
     713     1498     1489      613
     724     1499     1580      714
     738     1593      728     1512
    1580      815     1571      715
    1676      831      841     1595
     632     1505      732     1514
    1580      815      825     1661
    1437     1428      535      536
     711      712     1568     1487
    1588     1579      723      724
     813     1579     1660      814
    1588      823      723     1579
    1659      812      813     1650
     534     1346      535     1427
     821     1667      921     1658
    1419      516     1420      616
    1656     1655      808      908
     714     1570     1571      814
    1603      750      749     1612
    1569      703     1488      713
    1570     1579      813      814
    1570      813     1651      814
     803      813     1651     1570
    1650      913     1659      912
     814      815     1652     1571
    1651      814      914     1652
     926     1662      826     1663
    1651      813     1660      814
    1597      743      733     1596
    1574      818     1583      817
    1672      837      937     1673
     825     1670     1671      835
     714     1580     1571      715
     714     1580      814     1571
     862      852     1695     1694
     825      826     1671     1662
    1598     1599      835      735
     833      843     1597     1596
     716     1573     1582      816
     718     1584      719     1503
     724      714     1580     1579
     814     1579      824     1580
    1673     1672      837      827
     804     1571      805      705
     816     1653     1662      815
     724     1498      714     1579
    1414      620     1423      619
     934     1679      944      935
     814     1579     1580      714
    1570     1579      814      714
     987      996      997     1726
     704     1570     1571      714
     704     1490      714     1571
     704     1570      804     1571
     804     1652      805     1571
     808      907     1655      807
    1508     1509      735      725
     834     1589     1598      835
    1652      815      805     1571
     835      845     1599     1598
     722     1578     1577      712
    1577     1578      812      712
     913     1650     1651      903
    1580     1661      825      824
     902     1650      903      803
     715     1491      615     1500
     804     1651      904     1652
     812     1649      912     1658
    1517      645     1526      745
    1676      941      841      931
    1668      932      922      923
    1588     1589      834      824
    1636      877      876     1627
     833     1597      733     1596
    1579      724      824     1580
    1568      712      702     1487
     833     1677      843     1596
     914     1661      915     1652
     843     1677      842     1596
     804     1652      904      805
    1660      913      923     1659
     915      924      925     1661
     926      916     1663      917
     832      833     1587     1596
     823     1579     1588      824
    1579      724     1588      824
     833      733     1597     1588
     822      832     1667     1668
    1650     1569      803      802
     814     1579     1660      824
    1660     1661      924      914
     924     1661      915      914
    1578      813     1659      812
     904     1652      905      805
     701      711     1487      611
    1650     1651      903      803
     734      735     1589     1508
     824     1661      924     1660
     911     1649      902      901
    1660      914      923      913
    1667      932      922     1668
     842      742     1605     1596
     811     1577      721      821
    1659      813      823     1660
    1570      713     1579      714
     802     1568      702      801
     721     1577      711     1496
    1651      814     1660      914
    1660      814     1661      914
     903     1651      904      804
     812      712     1578     1569
    1659      922     1658      912
     803     1651      903      804
     722     1497      723     1578
    1596      732      733     1587
     913      813     1650     1659
    1660      914      924      923
     842     1604      841     1685
     931     1667      932      922
     423      523     1344     1335
     812     1568      802     1649
    1570      703     1569      713
     812      712     1569     1568
    1570      713      813     1579
     812      712     1568     1577
    1649     1568      802      801
    1604      742     1605      842
     811     1577      711      721
     701      801     1568      711
     602     1487      601      701
    1667     1676      831      931
     902     1649      802      901
     822     1587     1668      823
    1577     1578      822      812
    1578     1659      822      812
     713      703     1488     1489
     701      801      702     1568
    1497      723      713     1498
    1497      723     1578      713
     803     1569     1650      813
    1586      822      821     1577
     813     1579      823     1660
     721     1586      821     1577
     902     1650      803      802
     811     1649      901      801
     911     1649      901      811
    1488      702     1569      712
    1569      712      702     1568
     802     1569      702     1568
     822      922     1658     1659
    1650      903      913      912
     722     1578      822     1577
    1659      922      913      923
    1577      712      711     1496
     713      723     1579     1498
     703      702      802     1569
    1488      702      703     1569
    1685      941      851      841
     803     1650     1651      813
    1570     1569      813      713
     713     1578      813     1579
     812     1578      813     1569
     914      913     1651      904
    1508      735     1589      725
     834     1679     1678      934
    1579     1578      823      723
    1579      813      823     1578
     811     1577     1568      711
     713     1569      813     1578
    1569      712     1578      713
     713      712     1578     1497
    1488      712      713     1497
    1488      712     1569      713
    1570      703      713     1489
     811     1568      801      711
    1649     1568      801      811
     812     1568     1649      811
     822     1659     1668      922
    1586      832      831     1667
    1651      813     1650      913
    1586      822     1667      821
    1659      823      813     1578
     721      711      621     1496
    1668      922     1659      923
     832      932     1667     1668
     831     1667      931      921
     821     1658      911      811
    1658     1577      811      821
     822     1658      821     1577
     822      812     1658     1577
     812     1577      811     1658
     812     1649     1658      811
     822     1667      922     1668
    1659      913      922      912
    1595      731      831      741
     722      732     1586     1587
    1667      822      922     1658
     911      912      902     1649
     912     1650      902     1649
     812     1649     1650      912
     913      903     1651      904
    1650      912      902      903
    1627      876     1708      877
     912      812     1659     1650
     823     1659     1660      923
     913      813     1659     1660
    1651      813      913     1660
    1660      913     1651      914
     722     1587     1586      822
    1587      832     1586      822
     822      832     1668     1587
     853     1606      843     1605
    1685      942      941     1676
    1685     1676      941      841
     732      832     1586     1587
    1515      642     1524      643
    1354     1273      444      434
    1424      532     1433      632
     532      432     1344     1343
    1598      744      745     1517
     545     1436      544     1355
     834      835     1670     1589
     535     1347      435     1356
     543      553     1444     1363
    1580      725     1581      715
    1435      634      534     1436
     722      723     1587     1578
    1514      741     1595      742
     732     1595      742     1514
    1506     1505      732      632
    1586      822      832     1667
    1586      722     1577      721
    1515      632      732     1514
    1505      731      732     1514
     723      733     1587     1588
    1587     1668      823      833
     442      542     1362     1361
    1435      534      544     1436
     832      842     1676     1677
    1463      664      665     1544
    1596      742     1605      743
     543      533     1434     1353
    1515     1516      643      743
    1696      863      853     1695
     642      632     1515     1514
    1514      641      642     1433
     833     1677     1668      933
    1425     1344      532      533
    1595      741      841     1604
     653     1534     1525      654
    1677      932     1668      933
     643     1524      743     1525
     761     1613      861      851
    1525     1516      644      744
     751     1604      851      841
    1534      664      764     1535
    1685      941      951      851
     862     1614     1695      852
     832     1677     1676      932
     935      835     1670     1679
    1344      432     1263      422
     652     1524     1533      752
    1586      732     1595      832
    1451     1532      662      661
    1595      831      841      741
    1462     1453      663      563
     623     1507      723     1498
    1587      833      823     1588
     733      833     1587     1588
     832      932     1668     1677
    1677      942     1676      932
     443     1273      444     1354
    1598      744     1607      745
     743     1516     1525      744
     744     1517     1526      745
     832     1668     1587      833
     632      622     1506     1505
    1443      642      542     1434
     543      643     1444     1443
     552     1452      562     1451
     953     1696      963      954
    1624     1543      773      774
    1687     1678      944      943
     934     1679      935     1670
     546      536     1356     1357
     844     1597     1678      843
    1463      665     1464      675
    1626      765     1545      766
    1336      513     1417      523
     754     1616     1535      764
    1508      624      625     1499
    1598      734      834     1597
    1677      833      843     1678
     524     1427     1346      534
     943     1677      843     1678
    1289      451      351     1280
     732     1595     1596      742
    1362      543     1363      553
    1676      942      941      932
    1676      932      941      931
    1695     1686      953      952
    1596     1677      842      832
     952     1686      953      943
     833     1668     1669      933
     842      942     1676     1677
    1596      833     1677      832
     843     1605      743     1596
     832     1596     1595      842
     742     1595     1596      842
     742     1595      842     1604
    1595     1604      841      842
    1595      842      841     1676
     832      842     1595     1676
     832     1677     1668      833
    1624     1543      774      764
     942     1677     1686      943
     444      544     1364     1363
    1669     1668      923      933
    1661     1670      925      825
    1597      733      734     1588
    1670      924      925      934
    1669      833      933     1678
     754      854     1616     1615
    1615      854     1616      864
     851      852     1685     1604
     765     1536     1545      766
    1615     1696      854      864
     863     1615      864     1696
    1588      833      834     1597
    1589      825     1580      725
    1493      607      707     1492
     635     1508      735     1517
     964     1697     1706      965
    1661      924      925     1670
     755     1526      655     1527
     977     1717      987     1718
    1607     1526      754      755
    1589      735     1598      835
    1435      634      644     1516
    1669      823      824     1660
     924      923      933     1669
     924      923     1669     1660
     924     1670     1669      934
    1588      734      834     1589
     824     1589     1580      724
    1670      934      925      935
     823     1588      833     1669
    1588     1589      824      724
     924      824     1669     1670
     823     1588     1669      824
     823     1668      923     1669
     825     1661     1670      824
     934     1669      933     1678
     943     1678      934      933
     924     1669      933      934
     943     1678      944      934
     551      461      561     1370
     544     1445      554     1444
     668     1458     1467      669
    1588     1597      834      734
    1597      744      844     1598
    1699      956      957      966
     444     1355     1364      544
     423     1345      523     1336
    1535      755      765     1616
    1436     1427      535      635
     837      827     1591     1592
     734      735     1598     1589
     717     1492     1573      716
    1687      844     1678      843
     789      779     1639     1638
     606      605     1410      506
     874      873     1633     1624
     836     1599     1590      835
    1512      628     1511      638
    1664      917     1663      817
     607      707      608     1493
     746     1599      745     1518
     743     1516      744     1597
     844      744     1607     1598
    1618     1627      767      766
    1626      876     1627      776
    1669      834      833     1678
     837     1592      737     1601
    1518     1509      636      736
    1580     1499      725      715
    1641      782     1560      783
    1534      664     1543      764
    1572      806      805      706
    1590      725      726     1581
     844      834     1678     1597
    1609      746     1528      747
     844      845     1679     1598
    1597      833     1678      843
     952      852     1686     1685
    1714      874     1633      884
    1680     1679      945      845
     945     1679     1688      845
     945     1679      944     1688
     684     1472      674     1471
     935     1679      944      945
     935     1679      945     1680
    1426      633      634     1435
     955      855     1698     1689
    1598      834      844     1597
     935     1680      835     1679
    1680     1599      835      845
     727     1511     1502      627
    1516      734      744     1597
    1534      764      754     1535
     565      555     1454     1373
     397     1241     1240      297
     845      745     1599     1598
     751      752     1613     1604
    1535      765      665     1544
     843     1686     1605      842
    1438     1437      546      536
     845     1599      745     1608
     747     1609      757     1528
     544     1435     1354      534
    1355      544     1354      534
    1507      624      634     1508
    1669     1670      834      934
    1670     1679      834      934
    1679      835     1670      834
    1669      834     1678      934
    1597      734      744     1598
    1597      843      743     1596
    1507      624      724     1498
    1364      544      554     1363
     625      615     1419     1500
     834      833     1678     1597
    1589      835     1670      825
     734     1589     1598      834
     818     1664     1583      817
     433     1273     1354      434
    1589      725     1580      724
    1632      882      872     1713
     872     1631      871     1712
     533      633     1426     1435
     535     1346     1355      435
    1588      734     1589      724
     824      834     1669     1670
     824     1588     1669      834
    1669     1588      833      834
    1696     1687      954      953
     662     1532     1541      661
    1508      625     1509      725
    1525      644     1526      744
     861     1613     1694      851
     442     1353     1362      542
    1355      434     1354      444
    1597      733     1516      734
    1582     1583      827      817
    1506      732      733     1515
     762      763     1542     1623
    1688      845      844     1607
    1688      845     1679      844
    1688      844     1679      944
     844     1678     1679      944
    1687     1678      844      944
    1688     1687      844      944
    1679      844      834     1678
    1348      436     1267      426
    1424      522      532     1425
    1597      733      743     1516
     734     1507      634     1508
    1447      656      556     1446
    1515     1514      732      742
     723     1507      724     1498
    1508      625      635     1509
    1435      543      544     1354
    1461      572     1380      562
    1451     1370      562      552
     592     1398      582     1397
    1435     1434      643      543
    1447      646      656     1446
    1451      561      562     1370
     376      276     1231     1222
     953     1687      944      943
     676     1474      576     1473
     634     1508      635     1517
    1457      557      558     1448
     442     1353      443     1362
    1427      624      625     1508
     525     1346      535     1347
    1355      545      445     1364
    1518      736     1599      735
    1444      553      554     1363
    1417      624     1426      623
    1417      624      524     1426
     643     1434     1515      642
     534     1427      634     1426
     533     1425      633     1434
     645     1518      635     1437
    1547     1466      668      667
     635      535     1437     1428
     544     1444     1363      543
    1527     1526      645      745
     644      634     1435     1436
    1537      757      657     1538
     496      486     1320     1321
    1302      366     1221      376
    1411      606     1410      506
     524     1427     1418      525
    1347     1266      425      435
    1445      645     1436      545
     623      633     1507     1426
    1435      643      633     1516
    1353     1352      542      442
    1282      443      453     1281
    1347      435      425     1346
    1349     1348      527      537
    1354      543     1363      443
    1354     1353      543      443
    1514      731      641      631
     522      521     1415     1424
     673      663     1542     1461
    1435     1444      544      543
     642     1514     1515      742
    1443      553     1444      543
     544      644     1435     1436
    1436     1427      635      634
    1436      534     1427      634
     634      624     1427     1508
     536     1428      535     1347
     794     1562      784     1561
    1290      453      452     1281
     463     1380     1371      563
    1470      573     1389      583
    1509      626     1510      726
     544      534     1355     1436
    1355     1354      544      444
    1445      644     1444      544
     534      535     1355     1436
    1517     1518      745      735
    1356     1347      435      436
     625     1427      525     1418
    1625     1624      774      764
     674     1462      574     1463
     565      665     1464     1463
    1454      665      565     1463
     644     1445     1526      645
     644      645     1526     1517
     644     1436      645     1517
     644     1436     1445      645
     622     1424     1415      621
     433     1273      443     1354
    1346      534     1355      434
    1346     1345      534      434
    1345      524     1346      534
    1444      644     1435      544
    1436      535     1355      545
     534     1427      535     1436
     556     1446     1365      546
    1591     1600      737      736
    1463     1544      665      675
     996     1726      897      997
     664     1453     1534      663
    1448      648     1439      548
    1437      636     1428      536
     523      524     1336     1345
    1603      849      839     1684
     315      415     1248     1257
    1436     1437      535      545
     534     1346     1355      535
     535      525     1428     1427
     539     1432      529     1351
     710      810     1576      809
     825     1670      925     1671
     646     1518      636     1519
    1428      525      535     1347
    1411      606      506      507
     206     1168     1167      306
    1349      537      527     1430
     523      513     1417     1416
    1417      623      523     1416
     523     1335      513     1416
    1335      523      522     1416
     632      631     1505     1514
     423      523     1335     1336
    1336     1335      513      523
    1355      434      534     1354
     623     1497     1506      622
    1524     1533      753      653
     551      651     1451      561
    1281      443     1362      442
     654     1453     1454      554
     542     1353     1362      543
     245      255     1202     1203
    1299      473     1380      463
     721     1505      722     1496
     542      541     1442     1361
    1343      521      431      421
    1262      432     1343      422
     443      543     1363     1362
    1434     1425      532      533
    1435      543     1354      533
     543     1353     1354      533
    1445      644      544     1436
     542     1352     1361      442
     978      977      987     1718
     643      653     1524     1525
     552      652     1452     1451
     423     1344     1263      422
    1442      641      651      551
    1604     1523      742      741
     632     1433      642     1434
    1506     1497      722      622
    1296     1215      369      359
    1613     1614      862      852
    1443     1434      542      543
     643     1434     1443      543
    1506      722     1505      622
     563     1452      663     1461
     633     1507      634     1516
     542     1433     1442      541
    1524      643      642     1443
    1372      564     1381      563
     564     1453     1462      563
    1372     1453      564      563
    1434      532     1353      533
     643     1444     1525      644
     561     1451     1460      661
    1605     1524      753      743
     542      543     1362     1443
    1443      543     1362      553
     532     1425     1434      632
    1433      532     1434      632
    1524     1525      753      743
    1515      643     1524      743
    1344      523      522     1335
     633      643     1515     1516
    1514     1433      642      632
     644     1526      654     1525
    1344      523      423     1345
     543     1435     1444      643
    1596      742      743     1515
     992     1721      982      991
    1506     1507      733      723
     723     1506     1587      733
    1506      732     1587      733
     722     1506      732     1587
     722      723     1506     1587
     723     1497      722     1506
     723     1497     1506      623
     623     1507     1506      723
    1335      422      522     1344
    1344      533      523     1345
     433     1344      423     1345
     433     1344     1263      423
     522      521     1424     1343
    1435      533      633     1434
    1426     1507      634      633
    1435      633      643     1434
    1343     1352      431      531
     643      633     1515     1434
     461      371     1298      361
     433     1353      432     1344
     433      432     1263     1344
    1262      432      431     1343
    1362      542      552     1361
    1344     1343      432      422
     522     1416     1425      622
    1425     1416      623      622
     623      622     1506     1425
     623     1425     1506      633
    1239      386      385     1230
     641      741     1514     1523
    1424      631      531      621
    1425      633     1426      533
    1426      523     1425      533
    1426      523      623     1425
     523     1416      623     1425
     522     1416      523     1425
     623      633     1426     1425
     531     1433      631     1424
    1433      632      631     1424
     431      531     1352      441
     561      651     1451      661
     663      662     1542     1461
     631     1505      721      621
     621     1505      721     1496
    1505      622      722     1496
    1424     1505      631      621
    1425      622     1506      632
     541      641      631     1433
     621      622     1505     1496
    1434      633      632     1425
     642     1434     1515      632
    1515      633      632     1434
     632      633     1506     1425
     751      752     1604     1523
    1425      522      622     1424
     632      622     1505     1424
    1424      631     1505      632
    1586     1505      732      722
    1505      722     1586      721
     731     1505     1586      721
     731     1505      721      631
    1586      731      732     1505
    1425      622      632     1424
    1614     1695      863      862
     742     1523     1514      741
     742      642     1514     1523
    1424     1425      532      632
     641     1523     1514      642
    1515     1506      732      632
    1515      633     1506      632
     572     1460      562     1461
    1343      522     1344      532
     532      522     1344     1425
     531      541      631     1433
    1514      731      741      641
     572     1380      472     1389
    1361     1442      551      541
     541      641     1442      551
    1460     1461      672      662
    1361     1352      541      441
     541     1352      531      441
    1433     1352      531      541
     542     1352     1433      541
     542     1352      541     1361
    1364      455      445     1283
    1442      542     1443      642
     663     1452     1533      662
    1523      642      641     1442
     641     1442      642     1433
    1442      542      642     1433
     661      751     1532      761
     532      531     1343     1424
    1343      522      532     1424
     532     1424     1433      531
    1352      532     1433      531
    1352     1433      532      542
    1433     1434      532      542
     532     1434     1353      542
    1352      532     1353      542
    1352      432     1353      532
     532      432     1353     1344
    1478      681     1469      682
     662      672     1542     1461
    1478     1559      682      692
    1523     1442      652      642
     863     1695     1704      862
    1442      641     1523      651
     641      741     1523      651
     782      772     1632     1631
     651     1523     1532      751
     752      652     1524     1523
     863     1696      963     1695
    1299     1380      472      462
     651      741     1523      751
    1643      795      794      894
     982     1721      981      991
    1703      962      961     1694
     661     1532     1541      761
     761     1532     1613      751
    1442     1451      551      651
     555     1445      554     1364
    1451      561     1460      562
    1543      663      763     1542
    1442      552      551     1451
    1310     1391      484      474
     552      551     1370     1361
    1124      158      157     1133
    1614     1533      753      752
     652     1452      653     1443
     554     1453      564     1372
     563      562     1452     1461
     883     1641      882     1722
     851     1694      861      951
     962     1695      952     1694
    1524      653      753     1525
     761     1532      762     1613
     761     1532     1541      762
     693     1479     1560      692
    1381      564     1462      563
     573     1470     1471      583
     564     1462      574     1381
    1479      682     1560      692
    1200      242      243     1191
     272     1227      372     1218
     373     1299      372     1218
    1308     1317      482      483
     582     1478     1469      682
     161     1127      261      251
    1302      476      376     1311
    1389      573     1380      473
     794     1561      784     1642
    1613     1614      852      752
    1461      672      572     1460
    1445      654     1454      554
    1451     1370      552      551
    1451      561     1370      551
     451     1361      551      541
     564      574     1382     1381
     492     1397      491     1316
     755     1526     1527      745
    1373      554     1372      454
    1470      683     1471      583
     962      952      961     1694
     581     1397      491      591
     644     1445     1444      654
    1461      673      672     1542
     673     1551      672     1542
    1210      353     1291      363
     395      385     1320     1319
    1372      464     1291      463
    1453      554     1444      553
     772      872     1632     1631
     552     1443      553     1452
     562     1451     1452      662
     644     1526     1445      654
    1442      651     1523      652
    1452     1451      652      662
    1523      652     1524      642
     764     1615     1616      864
     491     1316      391      392
    1453      664      564     1462
    1623      862      872     1622
    1631      882      881     1712
     763     1533     1614      762
     492     1397      591      491
    1613      762     1614      752
     762     1533     1614      752
    1613      762      862     1614
     752      753     1614     1605
     664     1535      665     1544
    1696     1697      854      864
    1480      684      694     1561
    1451      662     1460      661
    1460      662     1541      661
     652      653     1524     1443
     775      675     1545     1544
    1452      652     1533      662
    1607      755     1608      745
    1643      795     1562      794
    1442     1443      552      652
    1442      652      552     1451
    1444     1445      554      654
    1442      651      652     1451
    1546     1627      766      767
    1281      452     1280      442
    1379     1380      472      572
     644      654     1444     1525
     853     1686      953     1695
     763     1542     1533      762
    1452      662      663     1461
    1379      562     1380      572
     563     1453      663     1452
     654     1526      655     1535
     552     1443     1452      652
     384      484     1318     1309
    1445     1526      655      654
     663     1533     1542      662
     662     1542      762     1533
     662     1533      762     1532
    1541      662      762     1532
    1541     1542      762      662
    1541      672     1542      662
    1460      662      672     1541
    1613      752      852     1604
    1372      554     1453      553
    1372     1453      563      553
     563      553     1453     1452
     245     1121     1202      255
     793     1561     1560      693
    1550      772      782     1631
    1041     1122      156      155
     468      368     1295     1304
     374     1229     1220      274
     764      765     1535     1544
     868     1628      768     1619
     766     1617      756     1618
     781     1550      782     1631
    1295      368     1296      358
     707      717     1574     1493
     896     1644      895      796
    1535     1526      655      755
    1446      545     1365      546
     546      545     1365     1356
     788      789     1566     1647
    1365      555     1364      545
     460      550      560     1369
    1356      446      436     1275
     363      463     1299     1290
     463     1371     1290      453
    1290     1371      463      462
    1454      664      564     1453
     465     1383      466     1302
     682     1551     1470      683
     363      353     1291     1290
     752     1524     1605      742
     557     1375      556     1456
     568     1385     1376      567
     864      865     1706     1697
     755     1527      655     1536
     664      665     1454     1463
    1635      785     1554      775
    1696     1615      853      863
     664      764     1535     1544
    1607      755     1616      855
    1373      565     1382      564
     466     1374      465     1293
     565     1463     1382      564
    1278      438     1359      448
    1607     1526      744      754
    1205     1214      357      358
    1634     1643      784      884
     643     1444      653     1525
    1382      574      575     1391
     664     1543      764     1544
     765     1536      665     1545
     484      485     1319     1400
    1610      748      848     1601
    1518      645      646     1437
     555     1445      655     1454
     646     1527      656     1446
    1454     1463      565      564
    1373     1454      565      564
    1618      767     1619      757
     855     1617     1616      865
     560      570      470     1378
     653      643     1443     1444
    1454     1535      665      664
    1372     1381      464      463
     573     1471     1390      583
     595     1401      495      496
     673      663     1543     1542
    1534     1525      753      653
    1472     1463      575      675
    1471     1462      574      674
    1534      653      753     1533
    1524      643     1443      653
     754     1607     1616      854
    1681     1690      847      846
    1534      764      763     1615
     577     1385      567     1384
    1454      655      665     1535
    1384      466      566     1383
     576     1383     1384      566
     645     1526      655     1445
     666     1546     1537      667
     658     1458     1449      558
    1538      757      657     1529
    1589     1590      835      825
     865      866     1626     1707
     645      655     1446     1445
    1620      868      768     1619
     868     1628     1619      867
     129     1027      130     1018
     572      672     1461     1470
     754      755     1535     1616
    1452      663      653     1453
     675     1544      665     1545
    1553      674     1552      684
     674      675     1544     1463
    1643      795      895     1644
    1391      574      575     1472
     575      574     1463     1472
     575     1463     1464      675
    1553      684     1552      784
    1622      862      872     1703
     653      553     1453     1444
     863      763     1624     1615
     653      654     1525     1444
     763     1534      753     1533
     763      663     1534     1533
     763     1614      863     1623
     754     1526      744     1525
     599     1485      589     1486
     673     1462     1543      663
    1543     1462      664      663
    1543      664     1534      663
     763     1543     1534      663
     864      863     1624     1615
     864     1624     1625      764
     653      663     1534     1453
    1452      553     1453      653
     682      683     1470     1479
    1443      553     1452      653
    1695      852     1686      952
     965     1697     1698      955
    1533      663     1534      653
    1452      663     1533      653
     652     1533      653     1452
     652     1533     1524      653
     654     1535      664     1534
     654     1534      664     1453
    1454      654      664     1453
     653     1534      654     1453
    1445      654      655     1454
     777     1546     1547      767
     852      853     1686     1605
     697     1564      696     1483
     952     1686      942     1685
     654      754     1535     1534
     654      754     1534     1525
     754     1534     1525      753
     654     1526      754     1525
     654     1526     1535      754
     855     1608      755     1617
     753     1534     1615      754
     854     1606     1615      754
    1538      768     1619      758
     754     1616      764     1615
    1534     1615      754      764
    1390      584     1399      583
    1606      753     1615      754
     954     1688     1697      955
     854     1607     1616      855
    1625     1544      765      764
    1697      855     1616      865
     979      969     1711      970
    1544      765      775     1625
     884     1633      883     1642
     866     1707     1698      966
    1607      755      855     1608
    1626      876      866     1627
    1697      855      865     1698
    1544      765      665     1545
    1535     1536      665      765
     764     1616     1535      765
    1626     1617      765      766
    1616     1617      755      765
     765     1617     1536      766
    1718     1727      988      888
    1535      755      655     1536
    1535     1536      765      755
     755     1526      754     1535
     864     1625     1616      764
     565     1464      575     1463
    1562      684      694     1481
     892     1641     1640      792
    1546     1627      767      777
    1626      865      765     1617
     965      865     1698     1697
     886      876     1635     1636
    1646      787     1565      788
    1625      765      775     1626
     775      765     1545     1626
     885     1635      875     1634
     862      962     1703     1694
    1704      972      962      963
    1552      773      774     1633
     566      556     1455     1374
     865      765     1625     1626
    1616      765     1625      865
     864     1616     1625      865
     874      864     1625     1706
    1614      753      853     1605
    1688      955      945     1689
    1377     1458      558      559
    1697      865     1706      965
     988      978     1718     1719
     864     1697     1616      865
    1725      885      886     1716
     871      872     1712     1703
    1686      852      842     1685
     865     1698      866     1707
     996     1725      896     1726
     864     1705      874     1624
     864      865     1625     1706
     973     1714      873     1713
     873      874     1714     1705
     964     1706      974      965
     864     1697     1706      964
    1723     1722      893      883
     977      877     1718     1709
     955     1688      855     1689
    1686      843     1687      943
     782     1640      792     1559
     974     1706      975      965
    1711      969      979     1710
    1376     1377      558      458
    1466      568     1457      567
    1691      858      958     1692
    1558     1639      779      780
     773      673     1543     1542
    1685      942      951      941
     752     1523     1524      742
     886      887     1726     1717
    1697     1688      855      955
     963     1696      964      954
     984     1723      993      994
     897     1646      797      798
     896     1645      796      797
     896     1645     1644      796
    1623      773      763     1542
     773     1543      763     1542
     866     1699      867     1708
    1725      885      895     1644
     982     1712      981     1721
     964     1697      965      955
     974     1715      984      975
    1642      783      793     1561
    1697      854     1616      855
    1688     1607      854      855
    1697     1688      854      855
     854     1688      844     1607
     763     1614     1623      762
     884     1634      885     1715
     952     1686      943      942
    1694      952      951     1685
    1624      763      764     1615
     853      753     1615     1606
     954     1687      944      953
     945      955     1688      954
    1696      954     1697      964
     964      954     1697      955
     945      954     1688      944
    1687     1688      844      854
     852     1695      853     1614
     852     1695     1686      853
     954     1687     1688      944
    1687     1688      854      954
     954     1688      854     1697
    1696      954      854     1697
    1687      954      854     1696
     744     1525      743     1606
     761     1613      851      751
    1695     1696      963      953
    1606     1525      743      753
    1686      852     1605      842
    1604     1523      752      742
     743      744     1606     1597
    1712      972      971     1703
    1686      853      843     1605
     852     1614      853     1605
     951      952      942     1685
    1694      852      952     1685
    1533     1524      753      752
     752     1605      852     1604
     844     1607      744     1606
     752     1524      753     1605
    1694      852     1695      952
    1645      897      797      896
    1694      851     1685      951
    1686      843     1677      842
     942     1686     1677      842
     862     1695     1704      962
    1640      782      882     1631
    1694      852      851     1613
    1694      852     1685      851
     751     1532     1613      752
    1613     1532      762      752
     752     1532      762     1533
     872     1713      882     1712
    1623     1614      863      862
    1623     1614      862      762
     652      752     1533     1532
     872      972     1712     1703
     743     1606      843     1597
     844      744     1597     1606
    1606      854     1607      754
    1606     1607      744      754
     763      753     1615     1614
     853     1696      854     1615
    1687     1696      854      853
    1622      762      862     1613
    1623      863     1704      862
    1686     1687      843      853
    1687     1686      953      853
    1696     1687      953      853
     844     1606     1597      843
     843     1687      844     1606
    1606     1687      844      854
     844      854     1607     1606
     853     1687     1606      854
     854      853     1615     1606
     843     1687     1606      853
     754     1525     1606      753
    1704     1623      872      873
    1704      963      962     1695
     872     1704     1703      862
     883      783     1641     1642
     492     1317     1398      482
    1623      862     1704      872
     761     1541     1622      762
    1715     1706      975      974
    1485      689     1476      589
     863      763     1623     1624
    1560     1641      792      782
     861     1703      961     1694
     582     1469      572     1470
     894     1642      893      794
     862     1695      962     1694
    1704      873     1713      973
     596     1402      597     1483
     281     1235     1226      282
     895     1724      994      894
    1704     1705      973      963
     871     1622     1703      861
    1703     1622      862      861
     871     1703      961      861
     861     1694      961      951
     962      953      952     1695
     963     1696     1705      964
     864      863     1705     1624
     863     1696     1705      963
     863     1696      864     1705
    1705     1706      974      964
     881     1631      871      781
    1705      873      874     1624
     874     1706      974     1705
    1705      863      873     1624
    1705      864     1706      964
    1705     1696      864      964
     971      962      961     1703
     874      864     1706     1705
     862      962     1704     1703
     971      972      962     1703
     972     1704      962     1703
     872     1704      972     1703
    1633     1642      783      883
    1704      863     1705      963
    1560      683     1551      682
     973     1705      974      964
    1631      772      872     1622
    1704      863      873     1705
     793     1641      892      792
     691      791     1559      692
    1289     1290      352      362
    1643     1562      784      794
    1704      873      872     1713
     581      571     1469      671
     887      877     1637     1718
     972     1712      981      982
     772      773     1623     1542
     983     1722      883     1713
    1704     1713      872      972
     891     1640      791      792
     892     1641      882     1640
    1704      873      973     1705
     976     1708      876     1717
     874     1706     1715      974
    1622     1623      762      772
     761     1541      771     1622
    1713     1632      882      883
     797      697      698     1565
     795     1643      895      894
     772     1551     1542      672
    1632      872      882     1631
    1712      881      981     1721
     771     1631      871     1622
     582      581     1469     1478
     892     1721      992      991
    1712      982      882     1721
     793     1560     1641      792
     781     1631      871      771
    1154     1235      281      282
     671      661     1541      761
     771     1622      871      861
     881     1640      791      891
     761     1622      771      861
     565     1464     1383      575
     693     1560      793      792
    1631      881      871     1712
    1644     1635      886      885
    1631      872      871     1622
     873     1632      872     1713
    1550      672      772     1541
    1712     1713      882      982
    1553     1544      674      675
    1631     1622      771      772
     772     1622      771     1541
     471     1307      481     1388
    1541     1622      762      772
    1559     1640      791      781
    1391     1472      575      585
     872     1623      772     1632
     872     1623     1632      873
     382     1307     1226      372
     992     1722      892      893
     992     1722      893      993
     772      773     1551     1632
     685      585     1472     1481
     794      695     1562      694
    1472      574      674     1471
     774     1553     1552      784
    1625     1624      874      774
     774     1624      874     1633
     781      791     1559      691
     682     1550     1551      782
    1559      682      681     1478
     692     1479      682     1478
    1624      763     1623      773
     584     1391      484     1400
    1722      992      982      983
    1721      881      981      891
     885     1715      985     1724
    1721      992     1722      892
     682     1551      672     1470
    1643     1724      895      894
     698      798     1565     1566
     874     1634      875     1625
     972     1712      971      981
     892     1640      891      792
    1725     1644      886      885
     885     1635      886     1716
     891      892      991     1721
     883      783     1632     1641
    1713      982      972      973
     881     1721     1640      891
     892     1721      891     1640
     892      882     1721     1640
     881      882     1640     1721
    1712      882      881     1721
     798      797      698     1565
     974     1714      973      983
    1713     1722      982      983
    1561      684      784     1552
    1721      891      981      991
     984     1715      985      975
     873      883     1632     1713
    1722     1641      882      892
    1721     1722      882      892
     987     1726     1727      887
     883     1642     1641      893
     883     1632      882     1641
    1722      992      983      993
    1722     1641      892      893
    1722      993      983     1723
    1721      992      982     1722
    1721      982      882     1722
     982     1713      882     1722
    1553      784     1634      785
     774     1633      874     1634
    1480      684     1481      694
      89      189     1080     1071
     973     1714      974     1705
     774     1543     1544      764
    1714      874      974     1705
    1699      866     1698      966
    1714      883      873     1713
     873     1714      973     1705
    1714      983      883     1713
     973      983     1714     1713
     983     1723      993      984
     875     1625     1626      865
     985      984      994     1724
    1713      883      882     1722
    1725      985      995     1724
    1625      774      874     1634
     591     1478      592      691
    1724      884      885     1715
     884     1642      883     1723
    1643      894      884     1724
    1724     1643      885      884
    1398      583      483     1399
     884     1643      784     1642
     995     1724      994      895
     783     1632      773     1633
     984     1714      884     1715
    1714     1633      883      884
    1633      784      783     1642
     874      875     1706     1625
     975     1715      875     1706
     974      874     1714     1715
    1480     1479      693      593
    1643     1562      795      785
     995      985      994     1724
    1561      783      793     1560
    1725     1724      995      895
     595      594     1481      694
     984     1723      994     1724
    1625      774      775     1544
    1724     1723      994      894
    1727     1646      898      888
     784     1561      783     1642
     974     1714      984     1715
     974     1714      983      984
     984     1714      983     1723
    1715      984      985     1724
     884     1642      784     1633
    1551      673      773     1542
     884     1723      984     1724
      81     1073       82       91
    1643     1634      785      885
    1641     1632      882      782
    1716     1635      876      875
    1562      694      684     1561
     682      672     1551     1550
     491     1397      481     1316
    1633      873     1632      773
     886     1716     1635      876
     790     1558     1639      789
    1480      583      593     1399
    1562      684     1481      685
     785      775     1635     1634
     784     1562      684     1561
     873     1623      773     1624
    1469      672     1470      682
     483      493     1398     1399
     682     1559     1560      692
    1715      884      984     1724
    1643     1634      885      884
     885     1634      875     1715
    1562     1553      685      785
    1402     1393      486      487
    1553      675     1472      685
     773     1552      774     1543
    1551      673     1552      773
     685     1481     1472      684
     874     1634     1715      875
    1391      574     1472      584
     774     1543      674     1544
     893     1723      894      993
    1141      177      277     1142
    1725     1724      895      885
    1724     1643      895      885
    1725      885      985     1724
     574      584     1391     1390
    1634      784      774     1633
    1625     1634      775      774
     884      874     1633     1634
     885     1643      895     1644
     996     1725     1726      986
     884      894     1723     1724
    1714     1633      873      883
     873     1633     1632      883
    1633      783     1632      883
     893     1722     1641      883
     873     1623     1632      773
     884      874     1715     1714
    1634      874     1715      884
    1552      784      783     1633
    1561     1552      784      783
    1714      874      873     1633
     783      773     1552     1633
     774      784     1552     1633
    1138      273      263     1219
     781     1559      681      691
    1480     1481      584      594
    1562      695      685     1481
    1462      673      573     1461
    1555     1554      676      776
     474     1391      484     1390
    1480     1481      594      694
    1722     1723      893      993
    1723      883      893     1642
    1723     1642      893      894
     685      675     1473     1554
     582     1397     1478      592
     772     1623      773     1632
    1551     1552      783      773
     573     1462      563     1381
    1461     1462      563      573
    1321      497      397      496
    1714      884      883     1723
     984     1714     1723      884
     884      894     1642     1723
    1643      894     1642      884
     584     1471     1480      583
     794     1642      793     1561
     594     1400     1481      584
    1481     1400      585      584
    1553      685      785     1554
    1643      794      784     1642
    1391     1472      585      584
     998     1728      899      999
    1626      776      766     1545
     785      784     1634     1643
    1472     1481      585      584
    1643      785      795     1644
    1624      763      773     1543
     571      561     1460      661
     772     1551      773     1542
    1633      873      773     1624
     445     1284      446     1275
    1390     1471      584      583
     877      878     1637     1718
    1543     1462      674      664
     784     1553      684     1562
    1480      684      584     1481
    1552      674     1471      684
    1309     1310      484      474
    1543     1544      664      674
     584      574     1472     1471
     584     1471     1472      684
    1480     1471      584      684
     282     1236      382     1227
    1391      575     1392      585
    1553      774     1634      784
     774     1543     1552      674
    1552      673      674     1543
     674     1462     1543      673
    1471     1462      674      673
    1552      673     1471      674
     775     1544      774     1553
     774     1544      674     1553
     774      674     1552     1553
     775      774     1634     1553
    1643      785     1644      885
    1391      584      585     1400
     365      364     1220     1211
    1470     1551      672      673
    1149     1230      285      275
     294      394      393     1237
    1308      473      483     1389
     571     1460     1469      671
    1230     1311      385      375
    1464      676      576     1473
    1237      384      394     1318
    1068      186      185     1149
     274     1138     1139      264
    1699      966      957      967
    1446      545      546     1437
     776     1554      676     1545
    1562      784      785     1643
    1553      784      785     1562
     565     1383     1382      575
    1480      583     1479      593
     565      575     1382     1463
    1472      574     1463      674
     575     1473     1392      585
    1395      578      588     1394
    1482      586     1483      686
    1482      595      695      596
     468     1296      469     1377
     687     1483     1564      697
     794      795     1562      695
     584     1480      594     1399
     574     1471      584     1390
    1308      383     1317      483
     595     1400     1481      594
    1068     1077      185      186
    1230      375      385     1229
     388      488     1313     1314
     497      487     1321     1322
    1381      573      574     1390
     294     1237     1156      284
     294      194      195     1157
     572     1470     1461      573
     582      572     1389     1470
    1553     1472      684      685
    1553     1472      674      684
    1648      800      899      900
    1302     1383      476      475
    1720      880     1639      890
     675     1464      575     1473
     187      177     1070     1151
     396     1240      296      297
     509     1413      508      608
    1060     1141      167      177
     889     1720      879     1639
     687     1475     1556      677
    1563      685     1554      785
     699     1567     1566      689
     695      595     1482     1481
     597     1483      696      596
     696     1563      795      695
    1483     1482      696      596
    1475      587     1484      588
    1402      486     1321      487
     688     1475     1484      588
    1484      688      588     1485
    1401      486      496     1402
     685      585     1473     1472
    1472     1473      575      585
    1472      675      575     1473
     685     1473      675     1472
    1472      684     1481      584
     673      683     1471     1470
     694     1561      793      693
     893     1641      892      793
     584     1480     1399      583
    1478     1397      591      592
     695      595     1481      694
    1562      695     1481      694
    1317     1318      393      493
     693     1480      694     1561
     584      594     1400     1399
     594     1480      593     1399
     595     1400      585     1481
     573     1470     1461      673
    1470      672     1461      673
     782     1632     1551      783
    1641      782      882     1640
     782      792     1560     1559
    1550      672     1551      772
     671     1460      672     1541
    1479      683     1470      583
    1316     1235      391      392
     683      673     1471     1552
    1550      772     1631      771
     781      681     1550      771
     693      694     1480      594
     593      693     1480      594
    1559     1478      681      691
    1561      683      684     1552
     782     1631     1640      781
    1560      782     1551      783
    1641     1632      782      783
     782     1641      792     1640
     793      783     1641     1560
     694     1561      794      793
     682     1479      582     1478
    1280      341     1199      342
     581     1478      591      681
     483     1318      493     1399
     363     1209      353     1290
     683     1552     1561      783
    1551     1552      683      783
     693     1561     1560      683
    1389      573     1390      583
     881     1640      781      791
     382     1236      392     1317
     781     1550     1631      771
     683     1471      684     1552
     582      682     1470     1479
    1480      583      683     1479
     691     1478      592      692
    1389     1390      483      583
    1550      671      672     1541
    1551      683     1560      783
     591     1478      691      681
     582     1479     1470      583
    1551      673      683     1552
    1551      782     1560      682
     583     1471     1480      683
    1480     1471      684      683
    1561     1480      684      683
     693     1561      683     1480
    1479      583     1398      593
     593     1399     1398      493
    1370      562      552     1371
     353      354     1291     1282
    1291      354      454     1282
     693     1479      692      593
    1550      772     1551      782
     361      351     1289      451
     693      683     1560     1479
    1480      683      693     1479
     571     1469     1388      581
    1136     1055      161      171
     295      285     1157     1158
     582      482     1389     1388
    1397      481     1316      482
     371     1217      372     1298
     272     1217      372     1226
    1316      382     1235      392
    1398     1389      483      583
     382     1308     1317      482
    1479     1398      592      593
    1469      672      572     1470
     771      671     1541      761
    1460     1469      572      571
    1460      672      572     1469
     782     1640     1559      781
     691     1559     1478      692
     582     1397      581     1478
    1478     1397      581      591
     681      671     1550      771
     771      671     1550     1541
     771     1550      772     1541
     671      571     1460      661
     671     1460     1541      661
     481      571      471     1388
     581      571      481     1388
     681      581     1469      671
    1559      792     1560      692
     682     1469      672     1550
    1550     1469      672      671
     681     1469     1550      671
     682     1469     1550      681
     781     1550     1559      782
     682      782     1560     1559
     562     1380      462     1379
    1317      493      393      492
     471      472     1307     1388
    1138      174     1147      274
     791      792     1559      692
    1559     1640      792      791
     682      681     1550     1559
    1559      681     1550      781
     492      482     1398     1397
     593      583     1398     1399
     374      474     1310     1309
     272     1227     1218      273
    1048      154     1049      164
     483     1390     1399      583
    1145      182      172     1064
     152     1038      153     1119
    1236      393     1317      383
    1226      381     1307      382
    1226     1227      372      272
    1155     1146      282      182
    1291      454     1372      453
    1316      382     1317      482
     492     1397     1316      482
    1147      273      274     1228
     592     1397      591      492
    1479     1398      582      592
     271      281     1226     1145
    1208      252      352     1199
     251      252     1208     1199
     441     1280      451     1361
     467     1385     1376      468
    1217      271      371     1226
     461      361     1289      451
    1217      371      372     1226
    1398     1389      482      483
     628     1431      528     1430
    1388     1469      572      582
     291      281     1154     1235
     571     1469      572     1388
    1317      483     1398      482
     291      381      281     1235
    1317     1398      493      492
     582     1388     1389      572
     582      581     1397     1388
    1388      581     1397      481
      71       81     1064       72
     581     1469     1388      582
    1310     1319      385      384
     483     1318     1317      493
    1316      382      392     1317
     164      165     1139     1130
     493     1398      592      492
    1390      484      483     1399
     483      484     1318     1399
    1151      288      278     1152
    1382     1383      465      475
     462     1370     1289      452
    1371     1452      563      562
     451     1289     1370      452
    1309      474      484     1390
     485     1391     1392      585
     491     1316      392      492
    1319     1400      494      484
    1382      574     1391      474
    1138      273      274     1147
     582     1389     1398      583
     582     1389      482     1398
     165      175     1058     1139
     382     1308      383     1317
    1236      382      383     1317
     173     1147     1146      273
     393     1318      394      493
      72     1064       82       81
     285     1157     1148      284
    1322     1321      497      397
    1146      182     1145      282
    1235      282     1154      292
     382     1236     1235      392
    1137     1138      263      163
     381     1316     1307      382
     282     1155     1154      292
     272      282     1146     1145
     382      383     1308     1227
    1073      181      191       91
    1236      383      382     1227
    1236      393      392     1317
     382     1307     1308      482
    1316     1317      492      482
     441     1280      351      451
    1307      382     1316      482
     294      293     1156     1237
    1156      184      194     1157
    1316     1235      381      391
     382     1308     1307      372
    1155     1156      283      183
     172     1055     1064       72
    1065       83     1074      183
    1235      381     1226      382
    1154     1155      282      182
    1236      383     1227      283
     192     1073      191       92
    1235     1154      291      292
    1074     1075       93      193
    1055       71     1064       72
     181      182     1145     1064
     391     1235      291      292
     381     1316      391      481
     382      372     1226     1227
     374     1301     1310      474
    1238      285     1157      295
     162     1136     1137      172
    1155      183     1146      182
    1128      162     1137      163
     342      242     1200     1191
    1155      192     1154      292
    1154      191      291      192
     381      481      471     1307
     361     1298      362     1217
    1371      553      552     1362
     381     1316      481     1307
     381     1235      291      391
     164     1058     1139      165
    1154      192      291      292
    1127     1208      251      252
    1316      382      381     1235
     172      171     1064     1055
     282     1236     1155      292
     383      283     1237     1228
    1400      594      494     1399
     172      272     1136     1137
    1065      183      182     1146
     394     1238     1237      294
     281     1154      282     1145
    1237      283      284     1228
     391     1235      292      392
    1136      171      172     1055
     183     1075     1074      193
    1037      142      152     1118
     254     1202      255     1211
     162       62     1046     1055
      53     1038     1039      153
     167      267     1133     1142
     571      471     1379      561
     473      573     1380     1381
     182     1065      172     1064
    1073       92      192     1074
      89     1080       98       88
      82       83       92     1074
    1155      193     1156      183
    1157     1238      294      284
    1226      282      382     1227
      62     1055     1056       72
    1156     1237      293      283
    1388      571      471     1379
     283     1236     1155      282
    1460      572     1379      571
    1127      251     1118      252
    1073      192      191     1154
     273     1138      263     1137
      53       43       44     1039
     282      283     1227     1146
      73     1066       74       83
     361     1217      362     1208
    1046       62       61     1055
      52     1037       42     1038
    1145      271      272     1226
    1058       64     1049      164
     198     1079       98     1080
      42       51     1037       52
     181      271      171     1145
      62       71     1055       72
      82       92     1073     1074
     173     1146     1137      273
      91     1073       92      191
    1073      181       91       81
    1145     1154      282      182
    1073     1154      191      181
    1049      154     1130      164
    1047     1038      153      152
     173     1146      172     1137
     281      381     1226     1235
     181     1154     1145      182
    1379      471      461      561
      82     1073       92       91
      72     1065     1064      172
     562     1379     1370      561
    1235     1236      282      292
     173     1066     1065      183
     164      154     1130     1129
    1058       65      165     1049
     252     1209     1200      253
    1056     1065       72      172
    1136      171      261      271
     281      191     1154      181
    1226      282      272     1145
    1226      282     1227      272
     291      191     1154      281
     553     1452     1371      552
    1137      272     1136      262
    1155     1146      283      282
    1055     1046      161       61
    1235     1236      382      282
      72       82     1064     1065
    1146      283     1227      273
    1065     1146      172      173
    1065      182      172     1146
    1155      183      283     1146
    1065      183     1146      173
      52       42       43     1038
     183     1074      182     1155
    1074      192      182     1155
     182      192     1154     1155
    1073      192     1154      182
     181     1073     1154      182
    1073      192      182     1074
      82     1074     1073      182
    1037      142     1038      152
    1145      272     1136      172
     283     1236      282     1227
     262     1137      263     1128
    1075       94       93      193
     181      281      271     1145
     151     1127      251     1118
     174     1058      175     1139
    1138      173     1137      273
     362     1218     1299      363
     264      164     1139     1130
     173     1065     1056      172
    1146      182      172     1145
      71       81      171     1064
     171       81      181     1064
     486     1312      386     1321
    1145      172      171     1064
     152     1119      252     1118
     181     1154      281     1145
     281      282     1226     1145
    1146     1227      272      273
    1006        6     1005       16
     272      282     1227     1146
    1067      175     1068      185
      53     1038       43     1039
     472     1298      462     1379
    1056     1055      172       72
    1065     1066       83      183
    1370      462     1371      452
    1037      141     1118      151
    1055       61      161       71
    1060      177      176     1141
    1048      153      154     1129
     162     1046      152     1127
     441     1361      451      541
     153     1119     1120      253
    1140      166      176     1141
     242      241     1190     1199
     152      142     1119     1118
     162     1128     1127      152
     241      141      151     1118
     262     1209      362     1208
    1371     1380      463      462
    1137     1146      272      273
    1047       62     1046      162
     553     1452      563     1371
      65       64       55     1049
    1047      162     1128      163
      65       55     1050     1049
     166     1060      176     1141
     376      366     1222     1303
     152     1037     1118      151
    1046     1037      152      151
     274      273     1219     1228
     351      341      251     1199
    1047      152       52     1038
    1150      176     1069      177
     267      266     1222     1141
     138     1034      148     1035
      63       53       54     1048
     155     1131     1050      165
    1038      142     1119      152
    1209      352      362     1208
    1065     1056       72       73
    1065      173     1056       73
    1121      145     1040      155
    1119      252     1118      242
    1067     1076      185       85
    1118      241     1199      251
      62       71       61     1055
      41      141     1037       51
      42       41     1037       51
    1060     1061       77      177
     151     1046       51       61
    1460      572      562     1379
    1046       52     1037       51
    1037      141      151       51
    1046       52       51       61
    1199      241     1190      341
     244     1202      254     1201
     152      153     1128     1119
     151     1046     1037       51
    1077       95       86       85
     254     1202     1121      255
    1057       63       73       64
     161     1055      162     1046
    1046      151      161       61
      83     1075     1074      183
    1127     1046      152      151
    1046       62       52       61
    1047     1046       62       52
    1220      264     1139      265
      86     1077     1078       96
    1047     1038       53      153
    1047     1038       52       53
      52     1038       43       53
    1047       52       62       53
    1040     1041       55      155
    1040      145      144     1031
    1047      152      162     1046
    1047     1046       52      152
    1046     1037       52      152
    1057     1056       73       63
    1131     1130      265      165
    1057       64      164     1048
    1047     1128      162      152
    1047      153     1128      152
    1128     1137      162      262
     351     1199      352     1280
     251     1208      261      351
    1372      553      563     1371
    1371     1452      562      552
     251      241     1199      341
    1281     1362      452      442
     381     1307      471      371
     471     1379      472     1388
    1136     1055      162      161
     162     1128      262     1127
    1136      262     1127      162
    1136      161      162     1127
     162     1046     1127      161
    1136      161     1127      261
    1136      262      261     1127
    1379      461     1370      561
     244     1202     1121      254
     262     1209      252     1128
    1208     1209      252      262
     262      263     1218     1209
     152     1119     1128      252
     152      252     1128     1127
    1128      252      262     1127
    1282      443     1363      453
     342      341     1199     1190
    1118      251     1199      252
     342     1199      242     1190
     342      352     1280     1281
     342     1199     1280      352
     353     1291      453     1282
     152      252     1127     1118
    1120     1119      243      253
     177      187     1150     1151
    1136      261      262     1217
     251     1208      351     1199
     374     1229      274     1228
    1382      465      464     1301
     461      451     1289     1370
    1380     1371      563      562
    1120      253      243     1201
     352     1209     1200      252
    1039       54     1040       44
     463     1380     1299      462
     453     1363      553     1362
     362     1209     1290      352
     361     1289      351     1208
     362     1209     1218      363
    1221      375      275     1220
     472     1298     1299      462
    1200     1119      243      242
    1370     1371      552      452
    1281      452      352     1280
     371      361     1217     1298
     562      462     1370     1379
     153     1119      253     1128
     371     1307     1298      372
     261     1217     1208      262
     452     1361     1280      442
     473      573     1381     1390
    1208     1289      351      352
     351     1208      352     1199
    1388     1379      472      572
    1388      472     1389      572
     371     1226      271      281
     381     1226      371      281
    1226     1307      381      371
    1226     1307      371      372
    1122      255      245     1203
    1379      462     1370      461
    1365      555      455     1364
     244     1121     1120      254
    1380      472      462     1379
     262     1218     1217      362
    1136     1217      262      272
     461      361     1298     1289
     262     1208     1127      252
     253     1119      243     1200
     262      261     1127     1208
     272      271     1217     1226
    1136      271     1217      272
    1136      261     1217      271
    1217      261      361      271
    1217      361      371      271
     261      361     1208     1217
    1201     1200      243      343
    1388     1307      482      472
     472     1307      482     1308
     472     1308      482     1389
    1388      472      482     1389
    1307     1308      472      372
     165     1140      175     1139
    1389      573      473     1390
    1299      372      472     1308
    1307      472     1298      372
     471     1298     1307      472
     263     1210      363     1209
    1281      342      352     1200
     472     1299     1298      372
     461     1289      462     1370
    1379     1298      462      461
    1218     1217      372      272
     262     1217     1218      272
     262     1137      272     1218
     262     1137     1218      263
    1300     1219      374      364
     445     1365      446     1284
     452     1289      352     1280
    1309      373      473     1308
    1309      473      483     1308
     452     1362     1361      442
     472     1308      473     1299
     472     1308     1389      473
     362      462     1289     1290
     361      362     1289     1208
     452     1362      552     1361
    1370      452      552     1361
     451      452     1370     1361
     451     1280      452     1361
     451     1280     1289      452
    1217     1218      372      362
     361     1298     1289      362
     254      253     1201     1210
    1290      353      453     1281
     343      342     1200     1191
     252     1209      253     1128
    1218     1219      363      263
    1033      147     1034       47
     263      363     1218     1209
    1371      453      553     1362
    1299     1218      362      372
    1299      362     1298      372
     342     1200     1199      352
    1200      252     1199      352
     353      343     1282     1281
     253     1200      243     1201
    1281      342     1200      343
     462     1289     1290      452
    1290     1289      352      452
    1298      462     1289      362
    1217      362      372     1298
    1289      362      352     1208
     463     1299      473     1300
     262      362     1217     1208
    1210      254      354     1201
     254     1202      354     1201
     252     1199      242     1200
    1200     1199      242      342
    1132      256     1123      257
     453      353     1282     1281
    1290      352      353     1281
    1209      263     1210      253
    1209      263      253     1128
     244      254     1120     1201
     262     1209     1218      362
    1228      273      283     1147
     169     1143     1062      168
      54       55     1049     1040
     165     1131     1140      265
     164     1138     1057      163
     175      275     1148     1139
    1211      254      354     1210
    1211     1202      354      254
     253     1200     1201      353
     264      263     1210     1219
    1372     1363      553      453
    1372      453      553     1371
     463      473     1380     1381
    1371      453      452     1290
    1220     1219      264      364
    1212     1293      355      356
    1372     1381      463      563
    1222      277     1231      377
     373     1227      383     1228
     363     1219      364     1210
     155      165     1049     1130
    1210      264     1211      254
    1219      273      373     1228
    1302      466     1303      476
    1150      186      286     1159
    1218      273     1219      263
    1138     1147      173      273
    1300      363     1219      364
     373      273     1227     1228
     373      363     1218     1219
     193      194      293     1156
    1018      119     1009      120
    1067     1068       75       85
     363      263     1219     1210
    1195      336     1276      346
    1210     1209      353      363
     362     1209      363     1290
    1300      464     1291      364
     355      455     1292     1283
     446     1276      436     1275
     335     1185      336     1266
    1211      355      365     1292
    1381      463      473     1300
     157      257     1123     1124
     383      384     1318     1309
    1315     1306      379      380
    1121     1040      154      155
    1138      263      264     1219
    1129      154     1120      153
     363     1299      463     1300
    1291      363      463     1300
    1318      484     1319      494
     383     1309      373     1228
     483      473     1309     1390
    1309      374      373     1228
     383      373     1309     1308
     383     1309      483     1308
    1121      154     1120      254
     365      375     1220     1301
    1184     1185      235      335
     275     1140     1149      276
     187     1150     1069      177
     280     1225      380     1234
     355     1202     1283      354
    1374      466      456     1293
     464     1373     1372      454
    1382      465     1373      464
    1039     1040      144       44
     484     1391      485     1400
    1309      374     1228      384
     464     1373     1292      465
    1067     1076       85       84
     474     1300      473     1309
     298     1160      198     1161
     687      677     1556     1555
     196     1159     1078      197
    1301      364     1220      365
     266     1222      276     1221
     475      485     1310     1391
    1078       87       97     1079
    1320     1239      385      395
     465     1383     1382      565
    1212      356      355     1203
    1383     1374      465      466
     164     1057     1048      163
     464     1300     1291      463
     364     1211     1292      354
     373     1300     1219      374
    1382      464     1381      474
    1381      574      474     1390
     473     1299      373     1300
    1299      363     1218      373
    1381      574     1382      474
    1292     1283      454      354
    1292     1301      465      365
    1291      364     1292      354
    1291     1292      454      354
    1300     1301      464      364
     464     1301      465     1292
    1211      355     1292      354
    1291      464     1372      454
     564      464     1373     1372
     564     1381      464     1372
     464      564     1382     1381
    1373      564     1382      464
     355      345     1283     1202
     364     1301     1292      365
     364     1211      365     1292
     364     1301      464     1292
    1291      464     1292      364
    1291      464      454     1292
     465      455     1373     1292
    1373      455      454     1292
    1214     1133      257      267
     445      446     1356     1275
    1356     1357      436      446
    1202      345      245     1203
     356     1294     1213      366
      26     1024       27       36
    1304      478      378     1313
      63       54       64     1048
    1221     1220      275      265
    1058      165       65     1059
    1221      365     1220      265
     276      176     1150     1141
    1032      135     1031       35
    1122      145      245     1121
    1194      336     1195      346
      85     1076       95       94
     577     1385      477     1394
    1052      157      158     1133
     366     1212      266     1213
     155      154     1121     1130
    1129      253     1120      254
      44       45     1040     1031
    1124     1133      157      257
     157     1132     1123      257
      55     1040       45     1041
      54       45     1040       44
    1056      163      173     1137
     259     1134     1125      258
     164     1130      264     1129
    1138      164      264     1129
    1129     1128      253      263
     263      253     1129     1210
     153     1128      253     1129
     153      253     1120     1129
    1058       64       65     1049
    1618      756     1537      757
    1130      155      255     1121
    1130      154     1121      254
    1130      154      254     1129
      55     1050     1049      155
      64       54     1049     1048
      53     1039       44       54
    1120      154      144     1039
    1120     1121      144      154
     163     1138      263     1129
    1048     1039       54      154
     254      264     1211     1130
     264     1139      265     1130
     163      162     1137     1056
     163     1138      173     1137
    1048     1049      154       54
     164     1139      174     1138
    1240      286     1159      287
    1131      266      166     1140
     186     1158      185     1149
     154      155     1049     1130
      63       64     1057     1048
     274     1139     1220      264
    1048      153     1039      154
      53      153     1039     1048
    1131      155     1122      255
    1047      153       53     1048
     155      145     1040     1041
    1040      145       45     1041
     200     1081     1162      199
    1121      145      144     1040
    1121     1040      144      154
    1039      154      144     1040
      57      157     1052     1051
    1077       95       96       86
     196      186     1078     1159
      87     1078       97       96
      82       73       83     1065
    1067      175       75     1068
    1146      183      283     1147
    1140      275      175     1139
     153     1129      163     1128
      64       54       55     1049
    1229     1148      274      284
    1134      158     1125      258
     197     1159      187     1160
      54     1040       45       55
    1131     1130      165      155
     163     1129      263     1128
    1212      265      255     1211
     177      167     1142     1141
     174     1148     1067      184
    1047     1048       53       63
    1047       53       62       63
    1047       63       62     1056
      62       63       72     1056
      63       73       72     1056
    1066      174     1067      184
    1129      164     1048      163
     294      194     1157     1156
     266      366     1222     1221
     384     1228      284     1229
    1068     1077       86       85
      84     1076       94     1075
      84      184     1076     1075
    1067     1148      185      184
     173     1056       73     1057
    1047      163       63     1056
    1057     1056       63      163
    1057      163       63     1048
    1047     1048       63      163
     153     1048     1047      163
     153     1129     1048      163
    1147      184     1066      183
    1123      156      256     1132
    1057     1138      173      163
    1056     1057      173      163
     155     1050     1049      165
     165       65     1050     1049
    1130      165     1049      164
    1057     1058       74      174
    1058       64      164     1057
     165     1058     1049      164
    1220     1139      275      265
     255     1130      265     1131
      92       93      192     1074
     377     1304      367     1223
     255     1130     1131      155
     473     1299     1308      373
    1147     1066      173      183
    1149      185     1068      175
    1146     1147      283      273
     375     1310     1229      374
     374      375     1310     1301
     193     1075     1156      183
    1148      274      284     1147
     265     1221     1140      275
     265      275     1140     1139
    1058      174     1067       74
    1061      167       67     1052
    1140      166     1141      266
    1140      266     1141      276
     156      155     1122     1131
     155      156     1050     1131
     277      287     1151     1150
     196     1158      186     1159
    1312     1303      476      376
    1212      266     1131      265
    1135     1054      160      159
     174     1057      164     1138
    1058     1057      164      174
     284     1148      184     1157
     173      174     1147     1138
     386      286     1231     1230
    1149     1068      176      175
    1059     1068       75      175
     284     1156      184     1147
    1312     1321      387      386
    1155      283     1156      293
    1236      393      293      392
    1059      176     1068      175
     196      296     1159      197
    1057       74     1066      174
     174     1058     1067      175
     173     1057      174     1138
     164     1139     1058      174
    1147     1156      184      183
     395     1319      394     1238
     174      184     1147     1148
     297     1159     1240      296
     193      194     1075       94
    1066      174       74     1067
     174      175     1148     1139
    1147      184      174     1066
    1147      174      173     1066
     173     1057     1066      174
     175     1148      185     1067
     174     1067     1148      175
    1229     1148      275      274
      85     1076       94       84
     173     1057       73     1066
     173       73     1065     1066
    1058      175       75     1067
    1153      290      289     1234
      74       64       65     1058
    1057       64       74     1058
    1057       64       73       74
    1057       74       73     1066
    1140     1149      176      175
    1239     1240      296      396
     277     1150     1151      177
    1058     1059       65       75
    1058       75       65       74
    1058     1067       75       74
    1066     1075       83      183
    1058     1059       75      175
    1140      175      176     1059
     165     1140     1059      175
     165     1059     1058      175
    1140      275     1149      175
     175      275     1149     1148
    1149     1148      185      175
    1231     1150      286      287
     194      184     1075     1076
     356     1213     1204      256
      82       83     1074     1065
     290     1234      380      390
     495      485     1400     1319
    1067      184      185     1076
     285      385     1238     1229
    1067      184     1076       84
     393      383     1237     1318
    1138      273     1219      274
      84     1075       94       93
      83     1066       84     1075
    1147      283     1156      183
    1156     1075      184      183
      83     1075       93     1074
     386     1231      376     1230
      83     1075       84       93
      83       93       92     1074
     295     1158      195      196
    1066      184     1067       84
    1076      184     1157      194
      84     1067       75       85
      74     1067       75       84
    1066     1067       74       84
      83     1066       74       84
    1074       93      192      193
    1155      192      292      193
     383     1228     1237      384
     494      484     1400     1399
    1074      193      192     1155
     183      193     1074     1155
    1076      194       95       94
     194     1076     1075       94
    1293      456      455     1284
    1236     1237      393      383
    1236      293      393     1237
    1156      284     1237      283
     193     1156     1075      194
    1156      184     1075      194
    1236      283     1237      383
     373     1308      372     1299
     376     1222     1221      276
    1149      286      285     1230
    1228      374     1229      384
    1157     1148      184      185
    1076      184      185     1157
     876     1716     1707      976
     293      294      393     1237
     357      457     1286     1295
    1153     1162      190      189
     494     1319      394      395
     185     1157     1148      285
    1149      285     1148      275
     185      285     1148     1149
     478     1386      468     1305
    1301      464      474     1300
    1147      174     1148      274
    1318      484      494     1399
    1076     1157      195      194
    1076      195       95      194
     166     1132     1051      167
    1076      185      195     1157
    1322      387     1321      397
     476     1392     1311      475
    1220      375      275     1229
    1219      274     1220      264
     284      283     1156     1147
     275     1230      285     1229
     395      495      494     1319
     374      474     1309     1300
    1224      378     1233      278
    1728      889     1719      888
     374     1301      474     1300
      57     1051       67       66
     383      384     1237     1318
    1382      464      474     1301
     375     1221      275     1230
     275      375     1230     1229
     285     1230      385     1229
     275      285     1148     1229
    1155      193      292      293
     274     1139      275     1220
    1148     1139      275      274
    1310      384     1229      374
     598     1403      597      498
     475      485     1311     1310
    1238      385     1319      384
    1304     1313      377      477
     484     1391     1310      485
    1302     1293      366      466
     396     1240      297      397
     283     1228     1227      273
     283      383     1227     1228
     383     1309     1228      384
    1157      294     1156      284
    1155      193      293     1156
    1148      284      184     1147
     127     1105     1106      137
    1228      283      284     1147
     593     1399      494      594
     493     1318      494     1399
    1156      284      184     1157
     294     1238     1157      295
    1229      284      274     1228
     285      284     1229     1238
     285     1157      284     1238
     295      294      195     1157
    1302      365      375     1221
    1238      384      284     1229
    1236      293      292      392
     292     1155      293     1236
    1155      283      293     1236
    1236      283      293     1237
    1218      273     1227      373
     385      384     1238     1229
    1237     1228      284      384
    1068      186     1069       86
    1076      185     1077      195
    1218      273      373     1219
     373      363     1219     1300
     295      395      394     1238
    1237     1238      394      384
    1238     1237      284      384
     288     1232      287     1151
    1400     1391      485      585
    1301     1382      475      474
    1301      475     1310      474
     475     1382     1391      474
    1310      475     1391      474
     486      386     1320     1321
    1310      385     1229      384
     375      385     1229     1310
     395     1320      495     1319
    1320      485      495     1319
    1227     1308      372      373
    1308     1227      383      373
    1310      484      384     1309
    1310     1309      384      374
    1318     1319      394      494
     384     1319      394     1318
    1238     1319      394      384
     495     1400      494     1319
     473     1300      373     1309
    1309     1300      373      374
    1395     1314      489      479
      77      177     1070     1069
    1400      495      494      594
    1311      485      385     1310
     375     1311      385     1310
     375      475     1311     1310
    1395      589      579     1396
     395      385     1319     1238
    1382      475      465     1301
    1382      575     1383      475
    1383      575     1392      475
     475      575     1392     1391
    1382      575      475     1391
    1233      379      378     1224
     476     1384     1383      466
     475     1392      485     1391
    1152      288      278     1233
    1311     1392      485      475
     497     1403     1402      487
    1401      486      485     1320
    1078     1069       86       87
    1320      385      485     1319
     567     1385      577     1466
    1311      386      376     1230
     586      587     1402     1483
     377     1313      387     1312
     386     1311      385     1230
    1401     1320      495      496
     287     1231     1232      387
     100       99     1081      199
     588      587     1394     1475
     595      585     1401     1482
     667     1457      657     1456
     585     1401     1400      595
    1401      495     1400      595
    1401      485     1400      495
     495     1401      485     1320
    1157      285      185     1158
     585     1392      485     1401
     585      485     1400     1401
    1630      869     1629      769
     566     1374     1455      565
    1482      586     1401      596
    1562      695      795     1563
    1457      558      557     1376
     599     1485     1404      589
    1294     1295      357      367
    1320      486      485     1311
    1383     1392      476      475
     476     1392      486     1311
    1069      186     1078       86
     486     1392      485     1311
     568     1377      569     1458
    1320      485      385     1311
     576     1465      577     1474
    1401     1392      485      486
    1401      486     1320      496
     587     1393      586     1402
      78     1071       79       88
     376     1312      377     1231
     299     1242      289     1243
     100      199     1081      200
    1297      370      460      360
     357     1295     1214      367
     396     1320      395     1239
     386      396     1320     1321
    1152      289      288     1233
     369     1305      469     1306
    1301      465      365     1302
     465     1293      365     1302
    1301      475      465     1302
     465     1383     1302      475
     187     1159     1078      186
    1239     1158      285      295
    1313      487     1312      477
    1214      367      368     1223
     468      478     1305     1304
    1404      588      598     1403
    1302      376      375     1311
     475      476     1302     1311
     475     1302      375     1311
    1134      259     1215      258
    1450     1459      659      660
     465     1293     1302      466
    1078     1079       97      197
     277      276     1231     1150
     387      397     1241     1240
     497     1322     1403      487
     496     1320      396     1321
     696     1563     1482      686
     395     1239      296      396
    1630      870      770      780
     597     1403      497      498
     785     1563      795     1644
     387      377     1231     1232
     377     1232      387     1313
    1293      365     1212      355
     368      268     1223     1224
    1240      286      386     1239
     580      579     1477     1396
    1468      679      669     1549
     589     1486     1477      590
    1557     1558      679      689
     287     1232     1241      387
    1157     1158      185      195
     126      127     1015     1024
    1239      286      386     1230
    1320      386      385     1239
     156     1131      256     1132
     387     1321      397     1240
    1068     1077      186       86
     378      377     1304     1313
    1104      235      236     1113
    1305      378      368     1304
    1233     1232      378      388
     377     1313     1312      477
     368     1215     1296      358
     396     1320      495      395
     388      488     1314     1323
    1322      487     1321      387
     285     1239      385     1230
    1296      469     1305      468
     680     1477      679     1558
     295     1239      395     1238
     177     1061     1142      167
     187      186     1078     1069
     488     1313      478     1394
     496     1320      495      396
    1233     1232      278      378
     868     1700     1619      858
     487     1313     1394      477
    1240      287     1241      387
    1222      276     1231      277
     375     1311      376     1230
     375      376     1221     1230
     188     1079     1080       88
    1312      387      377     1231
     277     1222      276     1141
    1222      266      276     1141
    1537      667     1538      657
    1115     1106      237      137
    1238     1239      285      295
     285      286     1239     1230
     388     1313      378     1314
    1240     1231      287      387
      85      185     1077     1076
    1240      286     1231      386
    1231      386      387     1240
     386     1321      387     1240
    1238      385      285     1239
    1320     1311      385      386
     486     1311     1320      386
     486     1311      386     1312
    1311     1312      376      386
     386     1312      376     1231
    1231     1312      387      386
     397      396     1240     1321
     496      396      397     1321
     386     1239      396     1240
     386     1239     1320      396
     185     1158      285     1149
    1158      286      285     1149
    1323     1242      388      398
    1068      185     1077       85
    1239      286      296     1240
    1051      157     1052      167
     395     1239      295      296
    1239      286      285     1158
    1231      287      277     1150
      88     1070       87       78
     436     1275     1276      336
     166     1131     1140      165
    1405      499      489     1404
      88     1070       78     1071
    1149      186      286     1150
      95      195     1077       96
      76     1060     1069      176
    1240      286      287     1231
     277      287     1232     1151
     376     1303     1222      377
    1142      267      268     1223
     296      286     1159     1240
    1151      287     1160      187
    1158      286     1159      296
    1158     1159      196      296
    1059      166     1060      176
     197     1159     1160      297
     287     1150      286     1159
    1149      176      186     1150
     275     1140      276     1221
     187      186     1069     1150
    1059     1060       76      176
      96      195     1077      196
     297     1241     1240      287
    1061      167      168     1142
     170     1135     1144      169
      97     1079       98      197
      75     1068       76       85
    1059       76     1068      176
    1059       76       75     1068
    1141      176     1150      177
     297     1241      287     1160
     196      195     1077     1158
      80       79     1072       89
    1076     1077       95      195
      85     1077       95     1076
    1402      487     1321      497
     267      277     1142     1141
    1068       86       76       85
     196       96       97     1078
     196       96     1078     1077
    1241      287      288     1232
     186      286     1158     1149
    1230      276      376     1221
     187      186     1150     1159
     287      187     1150     1159
    1225      379     1224      369
    1078     1159      187      197
    1078     1069       87      187
    1078      187     1079      197
    1050      166     1059      165
    1090     1009      110      109
      77      177     1069     1060
    1060      177     1069      176
      66      166     1060     1059
      59     1054       69     1053
    1060      167     1061      177
     378     1223      278     1224
     466      467     1294     1303
    1070       78     1071      178
     187      177     1069     1070
    1070       77     1061      177
     339     1189     1188      239
     279     1152     1143      278
     159     1044     1125      158
     297     1160      287     1159
      56     1051       57       66
    1149     1150      286      276
    1140      266      276     1221
    1149      176     1150      276
    1068       76       86     1069
    1078      187       87     1079
     275      276     1230     1221
    1079      187       87     1070
     187     1069       87     1070
     297      287     1240     1159
      66       67     1060     1051
      67       77       76     1060
    1159      287      187     1160
    1062       69      169     1053
      67     1051      167     1060
    1143     1152      178      278
     186     1077     1078       86
     176     1069     1068      186
     176      186     1068     1149
    1302     1303      376      476
    1159      286     1158      186
    1131      266     1140      265
     157      156     1123     1132
     266     1221     1140      265
     257     1123     1204      256
    1196      248     1197      238
     166     1141      167     1060
     170     1135      260      270
      60      160     1054     1045
     169      159     1134     1053
      89     1080       88     1071
     489     1396      479     1315
    1242      389     1233      289
    1151     1152      278      178
    1161      288      188     1152
     288      287     1160     1151
    1149      176      276     1140
    1141      276      277     1150
    1230     1149      286      276
    1230      276      286     1231
    1230     1231      376      276
    1059      166     1140      165
    1305      378     1224      368
     275     1149     1230      276
    1312      377     1303      376
    1077     1158      185      186
     196     1158     1077      186
     196      186     1077     1078
     257     1213     1214      267
     146      145     1032     1113
    1050      156      166     1131
    1059      166      176     1140
     236      237     1186     1105
    1303      467     1384      466
     266     1131     1132      256
    1194     1275      336      346
     587     1474     1393      577
     277     1151     1232      278
     277      177     1151     1142
     277     1142     1151      278
     377     1231     1232      277
     457      458     1295     1376
     136     1114     1105      137
    1108     1107      229      239
     259     1134     1135      159
    1113      245     1194      246
     355     1212      255     1211
    1215      268      258     1214
    1213     1212      266      256
      58     1043     1044      158
    1194      245     1203      246
     266      267     1132     1141
     148      248     1124     1115
      68       77     1061       78
    1122      245      145     1113
     588     1485     1476      589
    1035      148     1116      149
    1142     1223      268      278
     269      369     1225     1224
     379     1305      378     1224
    1069       77       87     1070
    1069       77       86       87
    1069       76       86       77
    1203      345     1194      346
    1051      157      167     1132
     166     1141     1132      167
      76       77     1069     1060
      66     1060       76     1059
     167     1132      267     1141
     335      235     1194     1185
    1161     1080      198      199
      66       76       75     1059
      65       66       75     1059
    1050       66       65     1059
    1050      166       66     1059
    1293      455      465     1292
    1214     1213      367      267
     146     1123     1122      246
    1050     1051      166      156
    1050       66      166     1051
      66     1051     1060      166
    1043      157      147     1124
    1041       56       55     1050
      55       56       65     1050
    1041       56     1050      156
      56       66       65     1050
      66       67       76     1060
     160     1126      260     1135
    1044     1043      148      158
      67     1061       77     1060
    1212      365     1221      265
      68     1052       58     1053
      67      167     1061     1060
      56     1051     1050      156
     466     1303     1294      366
     138      148     1115     1116
    1126     1135      160      159
    1051      157     1132      156
    1187      227      237     1106
    1024       37     1025       27
     256     1213     1132      266
    1052     1133      158      168
     258     1214     1205      358
    1222     1213      267      367
    1144      280     1153      279
     375     1302     1221      376
     236     1194      246     1113
    1132     1131      266      166
     166      266     1132     1141
    1268     1277      338      337
     127     1105      227     1106
     159     1125      149     1126
    1051     1132      166      156
     156     1131     1132      166
     259     1135     1126      159
    1035     1034      148       48
    1061      167     1052      168
     169     1134      269     1143
      59       60       69     1054
    1160      188     1151      187
     699     1566      698     1485
     559     1377      459     1368
    1293     1374      465      455
     566      666     1464     1455
    1374      465      565     1383
    1375      466      456     1374
    1270     1351      439      429
      67       58     1052       57
     255      256     1131     1212
     167     1133      168     1142
     679     1548     1467      669
     167     1133      267     1132
     366     1212     1221      266
    1196      237      238     1187
     360     1216     1297      370
    1302      366      376     1303
     266     1212     1221      265
    1215     1214      258      358
     256      255     1122     1203
    1212      365      265     1211
    1340      527      528     1349
     428     1341     1260      429
     366      365     1212     1293
    1131      255     1122      256
     156     1131     1122      256
     339     1269      338     1188
     466     1294      456     1293
    1204      257      256     1213
    1709      877     1718      878
    1213      267     1132      266
    1374      455      555     1373
     366      365     1221     1212
    1212      256     1203      255
    1212     1213      356      256
     355     1212     1203      255
     257      267     1132     1213
     256      257     1132     1213
    1203      356      346     1204
    1204     1123      246      256
    1204      246     1203      256
    1194      346      246     1203
     465      455     1374     1373
     668     1458     1457      568
    1540     1549      669      769
    1206     1215      358      359
     447      446     1276     1357
    1116      138      139     1107
    1169      217     1168      317
    1175     1176      215      225
     468     1295     1296      458
     779      778     1629     1638
    1212      356     1203      256
     466     1294     1293      366
    1394     1393      587      487
     346      345     1194     1275
    1276      347     1277      337
     365     1293      465     1292
     365     1293     1292      355
    1293      455     1292      355
    1214      367     1295      368
     376     1222     1231      377
    1366      546     1365      446
    1365      456     1366      446
     437      447     1277     1276
     116     1086     1005      106
    1374     1365      555      455
    1293      456     1374      455
     366     1293     1212      356
    1294      456      457     1375
     588     1484      598     1403
    1394      587     1403      487
    1243      390      389     1234
    1232      377      378     1313
    1161     1160      198      188
    1286      358      357     1295
    1553      675      685     1554
     588      589     1476     1395
     456     1365      556     1374
    1717      887     1726      987
     465     1373     1374      565
    1301      475     1302      375
     366      365     1302     1221
    1303      367     1222      377
     357      367     1214     1213
     356      357     1204     1213
    1303     1304      377      477
     356     1294      357     1213
     327     1258      326     1177
     795      796     1563      696
    1401      586     1402      596
     776     1545     1626      775
    1645      786     1644      796
    1556     1475      678      677
     277      267     1222     1141
    1222      267     1213      266
     366     1222     1213      266
    1302      366     1303      466
    1303     1384      467      477
    1054     1135      170      169
    1312      477     1303      377
    1312      477      476     1303
     476     1384     1303      477
    1215     1214      358      368
    1303      467     1304      477
     239     1117     1108      139
     366     1294     1213      367
     366      367     1213     1222
     366      367     1222     1303
     366     1294      367     1303
    1303      467     1294      367
    1216      369      370     1225
    1296      369      469     1297
    1303     1304      367      377
    1222     1223      277      377
     377      277     1232     1223
    1223      277     1232      278
     277     1223     1142      278
     277      267     1142     1223
      70       80     1063      170
     267      367     1214     1223
    1222      267     1223      367
    1222      267      277     1223
     248      258     1125     1124
     357      257     1204     1213
     759     1540      659     1539
     378      377     1223     1304
    1664      917      927     1663
     270     1216      360      370
    1070      178     1071      188
     437     1276     1277      337
     868     1700      867     1619
    1294      457     1295      467
    1294     1375      457      467
    1519      646      647     1438
     478     1385      468     1386
    1393      577      477     1394
    1063      180     1144      170
     136     1105     1024      137
    1294      467     1295      367
    1287     1206      358      359
     498      398      399     1323
     466     1375      456     1294
     358     1214      357     1295
     389     1324     1315      390
     467     1385      468     1304
     349     1279      339     1198
     467     1376     1295      468
     667      677     1547     1466
     557     1375      567     1376
    1465      577      567     1384
    1243      400      300      399
     248      258     1206     1125
    1294      367      357     1213
    1257      426      425     1338
    1306      470      469     1297
     128     1107      138     1106
    1374      555     1455      565
     468     1305      368     1304
    1295     1296      458      358
     258      158     1124     1133
     148     1043      147     1124
    1205      258      358     1206
    1195      346     1204      246
      15     1004        5     1005
    1205      358      357     1286
    1206      259      359     1207
    1204      257      357     1205
     357      257     1214     1205
     329      330     1180     1189
     188     1079       88     1070
    1196      337     1187      338
     600      500      590     1405
     370      460      470     1297
     188       88     1071     1070
    1225      370     1306      369
    1216      369     1297      370
    1184      325     1185      335
    1437      536     1356      546
     565      555     1455     1454
     645     1527     1446      655
    1374      555      556     1455
     578     1385      577     1394
    1135      269      259     1216
    1376     1295      468      458
     359      369     1297     1216
     460     1369      450      550
    1205      258     1124      257
     188      288     1160     1151
    1162      300      200      299
     368     1214      358     1295
    1134      158     1133      168
    1324      400     1243      399
     666     1465      667     1456
    1562     1563      795      785
     586     1393      486     1402
     458     1295      358     1286
     457     1286     1295      458
    1378      459      469     1297
     340      430      440     1270
     350     1207     1198      349
    1196      237     1115      238
     340      350      250     1198
    1216     1215      369      269
    1306     1297      469      369
    1305     1386      468      469
    1404      498      499     1323
    1063      179     1072       79
      80     1063     1072       79
    1385     1304      478      468
    1296      469      369     1305
     397     1322      398      497
     360      359     1297     1216
    1305      478      378     1304
     468     1296     1295      368
    1178      218      217     1097
    1394      477      478     1385
    1385      477      478     1304
    1197      339      338     1188
      79      179     1071     1062
    1234     1315      379      380
     168     1142      268     1143
     270      370      280     1225
    1296      369     1215      368
    1232      377     1223      378
    1232     1223      278      378
    1234      389     1315      390
    1224     1233      279      278
     279      379     1233     1224
     288     1232     1233      388
     489      488     1323     1314
    1152      289     1233      279
    1152     1233      278      279
     279      289     1233     1234
    1314      389      379     1233
    1396      480      479     1315
      60       50     1045       59
     470     1378      469     1297
     657     1448     1447      557
    1458      658     1539      668
     500      400      490     1324
    1279     1270      439      339
     370      470     1306     1297
    1369     1360      549      449
     748      747     1610     1529
    1396      490      480     1315
     500      499     1405      599
     369     1305     1306      379
     660      570     1459      670
     888      878     1637     1638
     599      499     1405     1404
    1620      859      759     1621
     459     1296     1297      359
     688      689     1476     1485
    1234     1315      380      390
     660     1459      659     1540
     459     1296      469     1297
     498      399      499     1323
    1437      535     1356      536
    1529      657     1538      658
    1369      449      549     1368
     169      179     1062     1143
    1405      500     1324      499
     797     1564      697     1565
     290      300     1162     1243
     290      300      200     1162
    1241     1322      398      397
     160     1135      260      170
    1063      179      180     1072
    1458     1459      569      669
    1439      637     1438      537
     860      770     1621      870
    1366      456     1285      446
     555     1446     1445      545
    1342     1333      519      419
     258     1133     1124      257
     470      570     1387     1378
     269      259     1215     1134
     126      136     1105     1024
    1144      180      280      270
     460     1378      470     1297
     380      480     1306      470
     380      470     1306      370
     650      750      660     1531
     129     1027      139     1108
    1269      438     1350      439
     557     1367     1366      457
    1207      259      359     1216
     259     1215      359     1216
     259     1215     1216      269
    1135      269      270     1144
     189     1080      199     1081
     188     1079     1070      187
     489     1324      490     1315
    1125      158     1124      258
    1214      258     1205      257
     268     1133      258     1214
     360      260      350     1207
     260     1216     1207      360
     260      259     1207     1216
    1135      259      260     1216
    1198      240      239     1117
     250      160      150     1126
    1113     1112      145      135
      58     1044     1053      158
     235     1112     1113      135
     130     1018     1027       30
     126     1024     1105      127
     258      158     1133     1134
     350     1207      349     1288
     458     1296      459     1287
    1063     1144      179      169
     249     1197     1206      248
    1287      359     1288      349
     439     1351     1350      429
     326     1258      316     1177
      59     1054      159     1045
    1297      360      460     1288
     360     1207      350     1288
    1288     1279      450      449
     440      430     1351     1270
    1106     1097      228      227
     259     1134      159     1125
      50       49     1045       59
    1134      159     1125      158
     269     1134     1135      259
      79     1071     1072       89
    1279      440     1270      340
     269      169     1135     1134
    1135      169     1054      159
    1053     1044      159      158
      70       60     1054       69
    1061     1052       68      168
    1106     1025      138      128
     328     1260     1179      329
      58     1043      158     1052
    1043      157     1124      158
    1134      169     1135      159
     219      209     1170     1089
    1126     1125      249      259
    1126      259      260     1135
     340      330     1189      240
    1053     1052       58      158
     237     1106     1105      137
      68       58       59     1053
      59     1044      159     1053
    1062       68     1053      168
     279     1143      269     1224
    1224     1215      368      268
    1135     1216      260      270
    1133      267     1214      268
      59     1045      159     1044
    1063     1054      169       69
     270      269     1225     1144
    1025      137     1106      138
      50     1045     1036      150
    1189      330     1180      230
    1270      329      339     1189
      69       68     1053     1062
     168     1062      169     1053
     159     1125     1126      259
    1026       29     1027      129
     240      140      230     1108
     378     1223     1224      368
    1053      158     1134      168
    1214      368     1215      268
    1063     1062       69      169
      80     1063      180     1072
      68       58     1052       67
    1061       68     1052       67
      68       67     1061       77
      79     1071       89       88
      79     1062       78       69
    1063      179     1062      169
     269     1215     1224      268
      99      198       98     1080
    1079       97       88       87
      68      168     1062     1061
    1161      288     1160      188
     268      168     1133     1142
    1134      168     1133      268
    1134     1133      258      268
    1215     1134      258      268
     269     1134     1215      268
    1143      268     1224      278
    1224      268     1223      278
    1143     1144      269      169
     179     1144     1143      169
     279     1144     1143      179
     279     1144      269     1143
     379     1305     1224      369
    1305     1224      369      368
    1224     1215      369      368
     269     1215      369     1224
    1079     1070       87       88
    1216      369     1225      269
    1054      170     1063      169
      70     1063     1054      170
      70      170     1054      160
    1054      160      170     1135
     190       90      180     1072
    1225      379      380     1234
    1153      190      180     1072
    1135      269     1216      270
    1216      269     1225      270
    1216     1225      370      270
    1152     1153      289      279
    1152      178     1071      179
    1161      188      189     1152
    1144      279     1153      179
     399     1243     1242      299
     280     1225     1234      279
    1323      399      389     1242
     188      178     1071     1152
    1142      178     1151      278
    1243      390     1234      290
     298      299     1242     1161
    1151      188     1152      178
    1070      177      178     1151
     178      177     1142     1151
     178     1061     1142      177
    1070     1061      178      177
     198     1160     1079      188
    1061      168     1062      178
     168     1143     1062      178
    1062      179      178     1143
     168     1143      178     1142
    1061      168      178     1142
    1070      178      188     1151
      69     1062       78       68
    1062       68     1061       78
     288      289     1242     1233
    1153      279     1152      179
     279      179     1143     1152
    1143      179      178     1152
     299      200     1162      199
     189     1162     1081      199
     288     1242      388     1233
      78     1062     1071      178
    1061      178     1062       78
    1153     1234      289      279
    1153      190     1072      189
    1070       78       77       87
    1242      289      288     1161
     398     1322      498      497
     298      398     1242      299
     388     1314      378     1233
     200     1081      190     1162
      70     1063       80       79
    1063      179       79     1062
      80      180     1063      170
     100     1081       90      190
      89     1072      189     1071
      90       89     1081       99
     388      389     1233     1242
     289      299     1243     1162
     190       90     1072     1081
    1081       90     1072       89
    1144     1225      280      279
     199      299      298     1161
    1144      270      280     1225
    1080      188     1071      189
     189     1162      199     1161
    1161      188      198     1080
    1243     1234      389      289
     189      188     1071     1152
     189      179     1152     1071
    1144      180     1153      280
     198     1079     1080      188
     200     1081      100      190
     298      288     1160     1161
    1242      389      289     1243
    1072      179     1153      189
    1234      280      290      380
    1162      299      199     1161
     297     1160      197      198
     197     1160     1079      198
     197     1079       98      198
    1161     1080      199      189
    1323      389      388     1242
    1225      379     1234      279
     297     1160      198      298
    1241     1160      297      298
    1241      397      298      297
    1241      288     1160      298
    1323      399     1242      398
     288     1232      278     1233
     390     1324     1243      389
    1403     1322      497      498
    1242      299      289     1161
     290     1162      190     1153
     298     1242      288     1161
    1234      389      379     1315
    1241      398     1242      298
    1241      398      388     1242
     189      190     1072     1081
      89     1072     1081      189
      89      189     1081     1080
    1243      290     1234      289
     398     1322     1323      498
    1241     1322      388      398
    1305     1314      378      478
     399     1243      389     1242
    1404      488      498     1323
     889      989     1720     1729
    1386     1387      469      479
    1162      290     1243      289
     290      200      190     1162
    1241      388      288     1242
     389     1314      379     1315
    1153      280     1234      279
    1404      499      489     1323
    1243      399      300      299
     390      400      300     1243
    1162      290      289     1153
    1153     1162      189      289
     289     1162      189     1161
     189      289     1161     1152
    1161      289      288     1152
    1314     1313      378      478
    1233      389      379     1234
     280      370      380     1225
     279     1233      379     1234
     289      389     1233     1234
    1323     1324      389      399
     399     1324      389     1243
    1161      299      289     1162
    1241     1242      288      298
     189     1153      289     1152
    1153      180      190      280
    1153      280      190      290
    1234     1153      290      280
     398     1322      388     1323
     388     1232      378     1313
     388     1313      387     1232
    1241      388      387     1232
    1241     1232      288      388
    1315     1314      379      479
    1241     1322      387      388
     388     1322      387     1313
    1241      397      398      298
     389     1323      489     1324
    1477     1486      690      590
     379     1314     1305      479
    1387     1396      480      479
    1395     1314      478      488
     488     1395     1394      478
    1315     1314      479      489
     499      400     1324      399
     499      399     1324     1323
     486      487     1393     1312
     668     1466      678     1467
     479     1305      469     1386
    1386      479      478     1395
    1476      689      679     1477
    1387      479      480     1306
    1315      480      380      390
    1305      379      378     1314
     489      490     1396     1315
     570     1387      569     1468
     500      400     1324      499
    1648      889      890     1729
    1395      488      489     1314
    1405      499     1324      489
    1486     1567      689      690
    1314     1313      478      488
     388     1322      488     1323
    1386      568      578     1385
    1395      489     1404      589
     480     1306      479     1315
     479     1306      379     1315
    1566      799      789     1567
     389     1314     1315      489
     489      499     1324     1323
     389     1324      489     1315
    1396     1395      489      479
    1403      488     1394      487
     487      488     1394     1313
     487     1322      488     1313
     388     1322     1313      488
    1403     1322      488      487
    1403     1322      498      488
    1404     1403      498      488
     588     1484     1403      587
    1564      686     1483      687
     589     1405     1404      599
    1483      696     1482      686
     698      688     1484     1485
     600      500     1405      599
    1314      478     1305      479
     479      478     1305     1386
     579      589     1477     1396
     490     1396      580      590
     699     1567     1486      700
     599     1486     1405      600
     479     1314      478     1395
     389     1323     1314      489
     680      690     1558      780
    1404      488     1323      489
    1404      488      489     1395
     379      479     1305     1306
    1386     1385      578      478
     480     1306     1315      380
     578      577     1475     1394
    1401      595      596      496
    1315     1324      490      390
     568     1466      578     1385
     580     1396     1477      590
    1727      888      898     1728
    1485      699      689     1486
    1486     1567      690      700
    1315      490      480      390
    1395      578     1386      579
    1396     1405      490      489
     490     1405     1324      489
    1485      689      589     1486
     786     1555      776     1554
     589      489     1404     1405
     590      500      490     1405
     590     1405      490     1396
     890      800     1648      900
    1476     1557      679      689
     699     1486      600      700
    1401      486     1402      586
     876     1707     1708      976
    1387      579      479     1386
     566     1456      567     1465
    1395     1386      578      478
     578     1385     1394      478
    1395      578     1394      478
    1395      578     1476      588
     890     1720      880      980
    1485      588     1404      589
    1395      588      488     1394
    1486      590      600      690
     688     1566     1557      689
    1486      690      600      700
     689     1567     1558      690
    1468     1387      569      579
    1546     1545      676      666
     889     1719     1638      879
    1554     1545      776      775
    1630      769      779     1549
     769     1540      759     1539
    1635      776     1626      775
     680      690     1477     1558
    1477     1396      589      590
    1395      589     1476      579
    1475      687      688     1484
    1476     1475      588      578
     779     1548     1549      769
     879     1710     1719      878
     759     1539     1530      758
    1402      587      597     1483
    1395      578      579     1476
     680     1477      690      590
    1387      579     1396      479
     770     1549     1540      769
     888     1647      898     1728
     589      590     1396     1405
    1396      489      589     1405
    1395      489      589     1396
     490     1396      480      580
    1387     1396      580      480
    1486      590      589     1405
    1486     1405      589      599
     599      598      499     1404
    1458      659     1459      669
     667      677     1466     1465
    1387      580      570      480
     598     1403      498     1404
     967     1708      976      977
    1484      587      597     1403
    1476      678      679     1557
    1527      645     1446      646
    1701      968      868     1700
    1386      579      569     1387
     569     1377     1386      469
     776      777     1555     1636
    1476      589     1477      579
     650      750     1522      740
    1402     1403      587      487
     497      597      596     1402
    1383     1464      576      575
    1468     1459      569      570
     579     1395     1396      479
     580     1387      579     1396
    1549      769     1548      669
    1383      576     1392      575
     599      699      698     1485
    1486      689     1477      690
     689     1558     1477      690
     598      498      499     1404
     787     1555      786     1564
     496      486     1321     1402
    1537     1456      667      657
    1404      589      588     1395
     699     1567      689     1486
    1484      597      598     1403
    1401      595     1482      596
    1553     1554      785      775
     588     1403      488     1394
    1476      689     1477      589
     689     1486     1477      589
    1482      585     1401      586
    1393     1392      586      486
     757      767     1619     1538
     457     1375     1366      557
     599      699     1485     1486
     586      585     1473     1482
    1448      548      547     1367
    1563      685      686     1554
     497      596      496     1402
     869     1701      868     1620
    1691     1682      948      947
    1645      887     1646      897
    1482      585     1473      685
     688     1557     1476      689
    1557      688     1476      678
    1466     1465      567      667
     576     1392     1393      476
    1393     1392      486      476
    1393      477      476     1312
     788      888     1637     1638
    1413     1412      508      608
    1404      588      488     1395
    1404     1403      488      588
    1565     1564      697      687
     686     1555      786     1554
     588      688     1476     1485
     698     1566      688     1485
    1485     1566      688      689
    1564     1555      687      787
    1466     1465      577      567
    1476      678     1475      578
     699     1566     1485      689
     898     1646      897      798
     599      698      598     1485
     599      598     1404     1485
     598      588     1404     1485
    1394     1393      487      477
    1393      487      477     1312
    1466     1385      577      578
     869     1710      879     1629
     588     1475     1394      578
     698     1484      598     1485
     575      576     1392     1473
     795     1644     1563      796
     676      675     1545     1554
     686      586     1483     1474
     598     1484      588     1485
    1473      586     1482      686
    1537      756     1528      757
    1636      777     1555      787
     695     1482      685     1481
     595      585     1482     1481
    1482      585      685     1481
     767      867     1628     1627
    1384      576     1393      476
     587     1393     1402      487
     686      786     1563     1554
     685     1554     1473      686
    1474      586     1483      587
     758      757     1538     1529
     568     1458      569     1467
    1385      467     1376      567
     686     1555      676     1474
    1540      669      659     1539
     650      640     1441      550
     576     1383      476     1384
    1644      785     1635      885
    1392     1383      476      576
     496     1402     1321      497
    1473     1392      586      576
     687     1484      697     1565
     586     1392     1393      576
     798     1566      698      699
     575     1464      576     1473
    1484     1483      597      587
    1546     1537      767      766
     586     1392     1401      486
    1476      678      688     1475
    1476     1475      688      588
    1438     1437      646      546
     995     1725      896      996
     586      585     1392     1473
    1401      585     1392      586
    1482      586      596     1483
     696      686     1483     1564
     658     1457     1538      668
     667      567     1457     1456
     430      520     1342      420
     677     1465      577     1466
    1474     1393      586      587
     576     1393      586     1474
    1473      586     1474      576
    1474      587     1483      687
     869     1710      868     1701
    1474     1555      677      687
     667     1465      567     1456
    1269      329      429     1260
     688     1475     1556      687
     786     1563     1644      796
     556     1366      456     1375
     698     1565      688     1566
     777      877     1637     1636
     799     1647     1648      899
    1474     1555      676      677
    1565     1484      698      688
    1646      797      798     1565
     696     1482      695      596
    1562      685     1563      785
    1562      685      695     1563
    1563      685      695     1482
    1563     1482      695      696
    1482      685     1473      686
    1482      685      686     1563
    1474     1473      676      686
     676     1473     1554      686
     597      697      696     1483
    1553      675     1554      775
    1473      675      676     1554
     675     1545     1464      676
    1473      586      686     1474
    1555      777     1556      787
    1548     1557      678      778
     779     1548      769     1629
    1728      888     1647      889
     787     1564     1645      797
     587      687     1475     1484
    1474      587      687     1475
     587     1483      687     1484
     897     1646      898     1727
    1025      137      138     1034
     759      769     1539     1620
     686     1555     1554      676
     796     1564      696      697
     995     1725      986      985
    1565      787      687     1556
     985     1716     1725      986
    1536     1537      656      666
     757     1538     1619      758
    1635     1554      776      775
     895     1644      795      796
     876     1635     1626      875
     688     1475      678     1556
     787     1555      687     1556
     867     1627     1708      877
    1483      687      686     1474
     687     1555      686     1474
    1565     1556      687      688
     697     1484      698     1565
     788     1557     1566      789
     797     1564      796      697
     318     1179     1178      328
    1647      788      798     1566
    1564      686      687     1555
    1563      686      696     1564
     598     1484      697      597
     597     1484      697     1483
     687     1483      697     1484
     598     1484      698      697
     878      879     1629     1638
    1648     1639      890      889
    1645     1564      786      796
    1630      779      769     1629
     787     1564      786     1645
     886     1636      887     1717
     759      859     1612     1621
    1645     1564      796      797
     995     1725      996      986
    1556      777     1637      787
    1645     1726      897      896
    1717      887      987     1718
    1645     1636      786      787
    1636      877     1637      887
     887      787     1646     1637
    1555      777      677     1556
    1455      655      656     1536
    1548      768      769     1629
    1546     1555      677      676
    1466     1385      568      567
     868     1701     1700      858
     869     1630     1621      769
    1711     1630      870      869
    1635      786      776     1554
    1646      787      797     1565
     787     1564      797     1565
    1565     1564      687      787
     786     1644     1563      785
    1377     1296      459      458
     859     1701     1702      869
    1457      558     1376      568
     786      686     1564     1555
    1618      867     1619      767
     986      996      987     1726
    1725      995      896      895
    1719      978     1718      878
     886     1726     1725      986
     886     1717     1726      986
     777     1636     1637      787
     786     1563      796     1564
    1707      966     1708      976
     696      796     1563     1564
    1554      786     1563      785
    1563      686     1564      786
    1635     1644      786      785
    1554     1635      786      785
     886      896     1725     1726
    1636      787      887     1637
    1635     1636      876      776
    1710      968     1709      868
     886     1635     1644      786
     886     1635      786     1636
    1635      776      786     1636
     786      776     1555     1636
     787     1555     1636      786
    1708      877      876     1717
    1717      886     1716      986
    1645      787     1646      887
    1717      877      887     1718
    1645      887      897     1726
     886      786     1644     1645
     886     1636      786     1645
    1645      787      797     1646
     987      977      986     1717
    1566      799     1647      789
    1682      848      838     1601
    1716      886     1725      986
    1725      886     1644      896
     896      886     1644     1645
    1718     1727      987      988
    1716     1715      875      975
     985     1715     1716      975
     985     1715      885     1716
     885     1715      875     1716
     885     1635     1716      875
     865     1707     1626      875
     886     1717      876     1636
    1717      877      876     1636
    1725      885     1716      985
     866     1699     1698      856
     919     1665      929     1666
    1457     1466      567      667
     966      956      965     1698
     877     1708     1709      977
     875      876     1716     1707
     956      955      965     1698
     858     1619      758     1610
    1635      876     1626      776
    1513      739     1594      740
     876      886     1716     1717
     896     1726      897      996
     986     1717     1726      987
    1636      787     1645      887
     886     1636     1645      887
     886     1645     1726      887
    1609      746      747     1600
     859      959     1692     1693
     689      789     1557     1558
    1727      898      998     1728
     809     1656     1575      808
    1566     1565      688      788
    1645     1646      797      897
    1728      989      988     1719
     998      997      898     1727
     997      897      898     1727
     997     1726      897     1727
     998      997     1727      988
     988     1727      998     1728
     670      680     1549      770
     998     1728      989      988
     889     1720      890     1729
    1720      879     1639      880
    1386     1385      468      568
    1720     1711      979      879
    1647      899      898     1728
     800      799      700     1567
     788      787     1565     1556
     799      699      700     1567
     789      889     1638     1639
    1718      888      887     1727
     898     1646      798     1647
     789     1647     1648      799
     790     1558      780     1639
    1377      568      468     1376
     758      757     1529     1610
    1647      799      898      899
     999     1728     1729      989
     889      879     1638     1639
     858     1620      758     1619
     789      889     1639     1648
     788     1646      888     1647
     559      659     1449     1450
    1567      790     1648      789
    1710      978     1719      878
    1566      798     1647      799
    1647      798      898      799
    1566      699      798      799
     760      860     1621     1612
    1566      699      799     1567
     798     1646     1565      788
     798      788     1565     1566
    1000      999      900     1729
     900      999      899     1729
     689     1567     1566      789
     689     1566     1557      789
     689     1567      789     1558
     568     1377     1386      569
    1637      787      788     1556
    1377      559      558     1368
     888     1727      988     1728
     876     1716      976     1717
    1567      789     1648      799
    1630      880      870      780
    1720      989      980      990
     859     1701     1692      959
     788     1557      789     1638
     890      900     1648     1729
     800     1648      790      890
    1729     1720      890      990
    1701      858      859     1692
     800      799     1567     1648
     800      899      799     1648
    1647     1646      798      788
     788     1638      789     1647
    1646      787      788     1637
    1476      578     1467      678
     889     1720     1639      890
    1719      879      878     1638
    1702      969      970     1711
     880      879     1639     1630
     568      558     1376     1377
     737      738     1520     1601
    1710      968      868     1701
     468     1296     1377      458
     777      877     1628     1637
     989      979      988     1719
     978     1710     1709      878
     769      669     1539     1548
    1728      989      889     1729
     899      889     1729     1728
     869     1630      870     1621
     880     1711      879     1630
    1728      989     1719      889
     888      889     1719     1638
    1720      979     1719      879
     888      988     1718     1719
    1438      546     1357      536
     989     1720     1719      889
     700     1567      690      790
     700     1567      790      800
     800     1567      790     1648
     789     1647      889     1648
     899     1647     1648      889
     899     1647      889     1728
    1728     1719      988      888
     789     1647     1638      889
     999      989     1729      990
    1729      989     1720      990
    1711      880      870     1630
     890      990      900     1729
     990     1000      900     1729
     999      990     1729     1000
    1467     1548      668      669
     859     1693     1692      849
    1718      878     1637      888
     887     1637      888     1718
     887     1637     1646      888
     788     1646     1637      888
     989      979     1719     1720
    1701      969     1702      869
    1720     1711      879      880
     869     1620     1629      769
    1618     1699      866      856
     770      860     1621      760
     865     1707      875     1706
    1539      669     1458      668
     850     1612      849     1693
     889     1720     1719      879
    1689     1680      946      945
     866     1626     1707      876
    1708      866     1707      876
     856     1617      855     1698
    1630      869      879     1629
    1711      880      970      870
     808     1655     1574      807
     979      978      988     1719
     580     1477     1468      680
     978      969      968     1710
    1376      468     1377      458
     738      638     1520     1521
    1618      866      867     1627
    1699     1698      956      966
     849     1602     1611      749
     948     1683      938     1682
    1684      849      949     1693
     769     1629      768     1620
     778     1629     1548      779
     857     1609     1618      757
     878     1710     1629      879
    1672      826     1591      827
     549     1360      539     1359
    1620      869     1621      769
    1466      577     1475      578
     650      649     1450     1441
     569     1378      469     1387
     779     1638      879     1639
    1387      569     1378      570
    1620      869      859     1621
    1700     1709      868      867
     940     1684      950      850
     858      859     1692     1611
     670      680     1468     1549
     668     1547      768     1548
    1548     1547      768      778
     776     1627     1546      777
    1630      770     1549      780
     737     1592     1511      738
     678     1556      778     1557
     768     1548     1539      668
     945     1689      955      946
    1466     1475      678      578
    1620     1701      868      858
     770      680     1549      780
     967      968     1700     1709
    1710      969      979      978
    1710      979     1719      978
     879      979     1719     1710
    1711     1710      979      879
     678     1548      668     1467
     670     1549      669     1540
    1628     1547      768      767
     958     1701      959     1692
     789     1557      779     1638
     768      778     1628     1629
    1575      719      709     1494
     759     1620     1539      758
     448      348     1286     1287
    1620      868     1619      858
    1619      858      857     1610
     870     1702      970     1711
     869     1711      879     1710
    1630     1711      879      869
    1627     1708      876      866
     859     1702     1693      860
    1702      860     1621      870
    1611      759     1530      758
    1546      677     1547      667
    1603     1612      849      850
    1539      768     1538      758
     658     1538     1539      668
    1671     1680      836      835
     869      969     1702     1711
     859      860     1612     1621
    1459      659      559     1450
    1378      460     1369      459
    1468     1549      669      670
     849     1602      749     1603
    1701      869      859     1620
     770     1549      670     1540
     660     1540      659     1531
    1702      860      859     1621
     869     1702      859     1621
    1539      669      659     1458
     869     1702     1621      870
     856     1617      866     1618
    1630      870     1621      770
    1540      759     1621      769
     859     1612      849     1611
     870     1702      860      960
    1593      828      838     1592
    1522      650      649     1531
    1530     1531      659      759
     975     1716      985      976
    1693      959     1692      949
    1702      969      960      970
     870     1702      960      970
     866      865     1617     1698
     978     1709     1718      878
     959     1693      950      949
    1707      965      975     1706
     875     1707      975     1706
     867     1708     1627      866
    1674     1673      938      838
     849      949     1692     1683
     306     1249     1168      316
     969     1701     1710      869
     969      968     1710     1701
     729      728     1593     1512
     840     1675      839     1594
     959      969      960     1702
    1701      969      959     1702
     859     1701      959     1702
     968     1701      969      959
     977     1708      976     1717
    1699     1700      867      967
     968      977      978     1709
     978      977     1718     1709
    1386      468      469     1377
     877     1717      977     1718
     976     1716      985      986
    1689      946     1690      956
     868      968     1709     1700
    1627      877     1628      777
     968     1701      959      958
     977      877     1708     1717
     958      858     1701     1692
     847     1682      837     1601
     846      746     1609     1600
     748     1602     1521      749
    1575      819      719     1584
    1684      940      949      939
    1708      967     1709      977
     856      956     1698     1689
    1699      956      856     1690
    1717      976      977      986
    1717     1716      976      986
    1709      967      968      977
    1698     1689      956      955
     856     1617     1698      866
     866     1617      766     1618
    1671     1672      836      936
    1609     1690      857      856
    1609      857     1610      757
    1707      876     1626      875
    1203      356      355     1284
     875     1707     1716      975
    1672      837     1681      937
    1690      956      856     1689
    1708      966      967      976
    1699     1708      866      966
    1699      956     1698      856
     788     1637     1556      778
    1699     1700      857      867
    1699     1708      966      967
     306     1167     1248      316
    1455      556     1446      555
    1709      877     1628      867
    1636      876      776     1627
    1367      448     1368      548
    1699     1690      857      957
    1619     1620      758      768
     865     1698     1707      965
     857     1690     1691      957
    1699     1690      957      956
    1700      858     1701      958
    1627      877      867     1628
     968     1700     1701      958
    1636      877     1627      777
     869      868     1629     1620
    1689     1608      855      856
     856     1608      855     1617
     749     1611      849     1612
    1113      245      246     1122
     449     1287     1288      349
     936      836     1681     1672
     857     1699      856     1690
    1618     1699      856      857
    1618      867      767     1627
    1626     1627      766      776
    1707      976      975      966
     857      847     1691     1690
     766      776     1546     1545
    1457      568     1376      567
     858     1620     1611      758
      36     1032       45       35
    1636     1627      776      777
    1355      535      435     1356
     677     1556     1547      678
     867     1708     1709      877
    1629      868      878     1628
    1629      868      768     1620
    1629     1628      768      868
     868     1710      878     1709
    1628      877      878     1637
    1467     1468      669      569
     735     1518      736     1509
    1619      867     1628      767
     867      967     1709     1708
    1699      967      867     1708
    1530     1529      758      658
    1618     1699      857      867
    1709      877      878     1628
     868     1709      878     1628
    1626      865     1617      866
    1626     1617      766      866
     967     1700      867     1709
    1618     1699      867      866
     968     1700      958      967
     967     1700      958      957
     957     1700      958     1691
    1700      858      958     1691
     857     1691      858     1700
     857     1691     1700      957
    1699      957      857     1700
    1699      957     1700      967
    1450      560      660      650
     778      768     1548     1629
    1464      666      665     1455
    1536      655      656     1527
     566      567     1384     1465
     670      580     1468      680
     668     1547     1548      678
     666     1545      676     1464
     869     1710     1629      868
    1629     1710      878      868
    1455      656      666     1536
     665     1455      666     1536
     857      847     1610     1691
    1682     1683      838      848
    1531     1540      659      759
     819     1665      919     1666
     957     1691      948      947
    1546      677      667     1465
    1619      857     1618      757
    1618      767     1537      766
    1269      438      338     1268
     857     1610      858     1691
    1195      347      337     1196
     668      658     1457     1458
     767      768     1619     1538
     766     1545     1546      666
    1519      746      646     1518
    1384      466     1375      566
    1203     1284      355      345
     666     1537     1546      766
     839      838     1602     1593
    1383     1374      566      565
    1376      467     1375      567
    1499      615      625     1500
    1456      567     1375      566
     567      467     1375     1384
    1385      467      567     1384
     767     1627     1628      777
     847     1609      747     1600
     776     1627      766     1546
    1383      566     1464      565
     677     1556      777     1547
     668      768     1547     1538
    1547      768      767     1538
    1628      777     1547      767
     449      439     1278     1279
     456      556     1365     1366
     576     1384      577     1465
     345     1194     1275      335
     649     1449      648     1530
     559      549     1368     1369
     335     1194     1193      345
     665      655     1455     1536
    1603      840     1594      740
    1286      447      347     1277
     677      577     1474     1475
    1375      556      566     1374
    1456      666      566     1455
     576     1383      566     1464
    1375      466     1374      566
     587     1475      577     1394
     547     1439     1438      537
    1366     1375      556      557
     856      756     1617     1618
    1574     1655      817      807
     665     1545     1536      666
    1545      766     1536      666
     665     1545      666     1464
     958     1692      959      949
     576      577     1393     1474
     457     1375      557     1376
    1536      766     1537      666
    1618      767      757     1537
     777     1555     1546      776
     777     1555      677     1546
     777      677     1547     1546
     668     1466     1457      667
    1536      756      656     1537
     766      756     1536     1537
     766     1617     1536      756
     755      756     1536     1617
     755     1608      756     1617
     856     1608     1617      756
    1690     1691      957      947
     755     1608     1527      756
     755      756     1527     1536
    1536     1527      656      756
     756     1608     1527      746
     837      838     1592     1601
    1680     1689      946      846
    1600      747     1519      746
    1680      836     1681      936
     656     1527     1528      756
    1537      656     1528      756
    1537      656      657     1528
     767     1537     1546      667
    1537     1528      657      757
     725      825     1581     1590
    1680     1599      836      835
     656     1456      556     1455
     658      558     1449     1448
    1124      247      248     1205
    1023     1032       36       35
     639     1440      638     1521
    1455      555      655     1454
     565     1455      665     1454
    1455      655      665     1454
     567     1384     1375      566
    1365      456      446     1284
     557     1375     1456      567
     767     1546     1547      667
     587      577     1393     1394
     847     1609     1610      747
    1537      657      656     1456
     557      547     1447     1366
    1539     1530      758      658
    1464     1455      665      565
    1293     1284      455      355
    1528     1527      646      746
     656     1456     1455      666
    1375      556     1456      566
     566      556     1456     1455
     566      666     1456     1465
    1465     1464      566      666
    1465     1464      666      676
     676      666     1465     1546
    1538      667      668     1457
    1377     1296      469      459
     650     1441     1450      550
     666     1546      667     1465
     676     1465      677     1546
    1465      676      677     1474
     576      676     1465     1474
     576     1464     1465      676
     576     1464      566     1465
     576      566     1384     1465
     587     1475     1474      577
     677     1465     1474      577
     576     1384     1393      577
    1384      577      477     1393
    1384     1385      477      577
    1547      667      668     1538
     767      667     1547     1538
    1458      669      569     1467
     567      557     1457     1456
    1457      557      657     1456
     677     1547     1466      678
    1466     1547      668      678
     677     1475      678     1466
     677      577     1475     1466
     767     1537      667     1538
     666      667     1537     1456
    1628      778      878     1629
    1457     1376      557      567
    1458      658     1457      558
     568     1458     1457      558
     659     1449     1530      658
     789     1558     1639      779
    1439      638      637     1430
     777     1556     1637      778
    1538      667     1457      657
    1378      459     1377      469
    1522      649     1521      749
     649      549     1440     1449
     749      750     1531     1612
     658     1529      758     1538
     550     1441     1450      549
     570      569     1378     1459
     658     1538      758     1539
     559     1449      558     1368
     769      669     1540     1539
    1439      638      648     1520
     668      768     1538     1539
     830     1594     1585      829
    1431     1440      638      639
    1431      539      538     1440
    1593      739     1512      738
    1557      778     1638      788
     819      820     1576     1585
     647     1529     1520      648
    1330      507     1331      517
     788      778     1556     1557
     778     1637     1638      788
    1378     1369      559      459
     768     1547     1628      778
    1366     1447      546      547
     460      560      470     1378
    1630      770      769     1549
    1630     1621      769      770
     350     1198      340     1279
    1293      356     1284      355
     560     1369     1450      559
     760     1621      759     1612
    1629      778      878     1638
     568     1385      468     1376
     778     1637      878     1638
    1628     1637      878      778
     777      778     1637     1628
    1358      548      538     1359
    1590      825     1581      826
    1330      506      406      407
     629      639     1432     1431
    1521     1440      638      648
     819      818     1665     1584
     745     1518     1599      735
    1610      748     1529      758
     777      778     1628     1547
     777     1556      778     1547
     678     1556     1547      778
    1557      778      779     1638
     679     1557      678     1548
     769     1548     1539      768
    1629      779      879     1630
    1621      769      759     1620
     459     1369      559     1368
    1558     1557      679      779
     779     1557      679     1548
     778      779     1548     1557
     789     1557     1558      779
     668     1458      568     1467
    1467     1466      678      578
     668     1466      568     1457
     679     1467     1468      669
    1476      678     1467      679
    1386      569      469     1387
     658      659     1449     1458
    1376      458     1367      457
     558     1458     1377      568
     679     1548      678     1467
    1476     1467      579      679
    1476      578      579     1467
     579      578     1386     1467
    1467      578     1386      568
     568     1467      578     1466
     568      668     1467     1466
    1378     1377      569      469
     568      569     1386     1467
    1386      579     1467      569
    1673     1682      938      838
     770     1621     1540      760
    1601      747     1610      748
     570     1387     1468      580
    1468     1387      579      580
     580      579     1468     1477
    1468      579      679     1477
     679     1467      579     1468
     680     1558     1549      780
    1549     1558      779      780
    1630     1549      779      780
    1549     1558      679      779
     779     1548      679     1549
     680     1558      679     1549
    1468      679     1549      680
    1540     1621      759      760
     559     1458      558     1449
    1611     1620      759      758
     759      859     1611     1612
    1620      859     1611      759
    1610     1611      748      758
     660     1459     1540      670
     750      760      660     1531
     570      580     1468      670
     570      670     1468     1459
    1468      670      669     1459
     669      659     1459     1540
     669     1540     1459      670
     660      670     1540      760
     760     1612      750      850
    1449      548      648     1448
     748     1530     1529      758
     550     1369     1450      560
    1378     1377      459      559
     569     1377     1378      559
    1378      569      559     1459
     559      569     1458     1459
    1459      659     1458      559
    1458      659     1449      559
     569     1377      559     1458
    1432     1513      630      640
    1378     1459      559      560
     570     1459     1378      560
     560      570     1459      660
    1450      560     1459      660
    1573     1582      816      817
    1441      640      639     1432
    1378     1369      560      559
    1378      460      560     1369
     350      440     1279      340
     650     1522      640      740
     747      737     1519     1520
     448     1286      447     1367
    1457      557     1448      657
    1248     1257      416      316
    1449      649      659     1530
     749      649     1521     1530
     750     1603     1522      740
    1449     1450      659      649
    1684      850      849     1693
     640     1522     1513      740
     458      358     1296     1287
    1360     1441      539      540
     540      640     1441     1432
    1411      617      517     1420
     629     1513     1432      639
     650     1522      649     1441
     629     1513      630     1432
    1439     1520      647      637
    1287     1278      348      349
    1277      438     1278      448
     618     1413     1422      619
     639     1513     1432      640
    1495     1576      720      719
    1441      640      540      550
    1422      519     1413      518
    1446      645     1445      545
     735     1509     1590      725
     749     1531     1530      759
    1512      729      629     1513
     538      638     1439     1430
    1449      648     1530      658
     648     1529     1530      658
     539     1432     1431      529
     639     1440     1521      649
    1432      639     1441      539
     749      750     1522     1531
    1501     1420      626      627
     417     1339      427     1258
    1446      545      555     1365
    1438      636      637     1519
    1096     1177      216      217
     629     1504      630     1513
    1603     1594      739      740
     316     1176      315     1257
    1449     1440      648      548
    1527      745      645     1518
    1428      525     1419      625
     637      737     1519     1510
    1665      928      929     1674
     919      928      929     1665
     537     1429      637     1438
     637     1519     1520      647
     539     1351      529     1350
    1449     1368      548      558
    1520     1511      737      637
    1430      527     1421      627
     619     1494      609     1495
    1438      636     1429      637
     619     1413      519     1414
    1438      636      646     1437
    1440      539      538     1359
     946     1689      955      956
    1419      615      515     1410
     649     1440      648     1449
     515      505     1329     1410
    1357      447     1358      437
     549     1359      548     1368
     647      646     1447     1438
    1431      628      629     1512
    1521      638     1520      648
     556     1446      555     1365
     649     1441     1440      549
     736      726     1510     1591
     537     1429     1430      637
     639     1441     1440      649
    1439      638     1520      637
    1449      548     1448      558
    1349     1358      537      538
     458     1286      358     1287
    1600      737      736     1519
     639     1512      629     1513
    1431     1512      629      639
    1431      638     1512      639
    1367     1368      558      548
     526     1429      536     1428
     116       16     1005     1014
    1430     1431      528      538
    1412      607     1411      507
    1602     1521      739      738
     830     1594      829     1675
     538      638     1430     1431
     638     1431      628     1430
     749     1521      739     1602
     636     1518      646     1437
    1429      627      626     1420
    1258      317      316     1177
     749      649     1530     1531
    1583     1592      828      728
     947      948      938     1682
    1683     1602      849      839
    1439      637      537     1430
    1521      649      648     1530
    1522      649      639     1521
    1611     1612      749      759
    1349      537     1430      538
     649     1441      549     1450
    1512     1521      639      638
     818      918     1656     1665
    1441      549      539     1440
     550     1360      549     1369
    1368     1287      448      458
     548     1440      538     1359
     550     1360     1441      549
     448     1277     1286      348
    1528      746      646     1519
     838      738     1592     1601
    1413      518      618     1422
    1449     1440      548      549
    1440      549      539     1359
     927     1673      937      928
    1446      655      555     1445
     340      339     1198     1189
     559      549     1369     1450
     649      549     1449     1450
     559     1449      549     1450
     550      549     1450     1369
     946     1689     1690      846
     658     1448     1529      657
    1457     1448      658      657
    1339      427     1348      527
     658     1448     1449      648
     658      648     1529     1448
    1447      657      557     1456
    1447      557      556     1456
     656     1447      556     1456
     656      657     1447     1456
     657      656     1447     1528
     448     1278      348     1287
    1448      547     1447      557
    1455     1446      655      555
     828     1673     1592      827
    1447      647     1438      547
    1168     1249      307      317
     445     1284     1275      345
     246     1123      247     1114
      47     1034       48     1043
     435      445     1356     1275
     935     1671     1680      936
    1355     1356      435      445
    1511     1430      637      638
    1355      545     1356      445
     547     1358      447     1367
     517      527     1340     1339
     935     1680     1671      835
    1357      536     1356      436
     536     1347     1356      436
    1503      718     1494      719
    1268     1349      438      437
     809      819     1575     1656
    1428      636     1429      536
     716     1581     1500      715
     637      636     1429     1510
     626     1501     1510      726
    1437     1438      636      536
     635     1428     1509      625
     825      835     1671     1590
     626     1500     1501      726
     635     1437      636     1428
    1428      525      625     1427
    1358      548     1439      538
    1358      547     1357      537
     308      307      407     1250
    1495      620     1414      619
     528     1349     1430      538
     618     1421     1422      518
    1338     1337      415      515
    1270      339     1269      439
     628     1430      627     1511
    1519      636     1510      736
     636     1509     1510      736
     516      526     1420     1339
     545     1365     1356      445
    1446     1527      656      655
    1455      655     1446      656
    1455     1446      556      656
    1447     1438      646      546
    1447      646     1446      546
     646     1437     1446      546
    1509     1500      626      726
    1429     1438      537      536
    1575      718     1574      818
    1438      536     1357      537
     547     1438     1357      537
    1671      836     1680      936
     735      635     1518     1509
    1448      648      647     1439
     747      737     1520     1601
    1511     1430      627      637
    1285      456     1284      446
     556     1447      546     1366
    1366      546     1357      547
     546     1438     1357      547
     546     1447     1438      547
     756      746     1527     1528
    1269     1260      328      329
    1671      826      836     1672
    1652      905      805     1653
    1518      636     1519      736
    1358      548      547     1439
    1448     1439      547      548
    1439     1440      548      648
     847     1610      848     1601
     737     1510      736     1519
     647     1439     1438      547
    1448      647      547     1439
     647      637     1438     1439
     637     1511      737     1510
     638     1440     1439      648
     835     1670     1671      935
     848      858     1692     1611
    1671     1670      925      935
     846     1599     1600      836
     628     1430     1511      638
    1680     1599      846      836
    1583     1664      827      817
     846     1608      845     1689
     846     1599      845     1608
    1680      836      846     1681
    1680     1599      845      846
     637      636     1510     1519
    1420     1421      527      627
    1529     1528      747      757
     707      806      807     1573
     729      728     1503     1584
    1493      707      717     1492
     717      707     1573     1492
     627      637     1430     1429
    1439     1440      538      548
    1583      717     1574      817
    1500      616      626     1501
     737      727     1510     1511
    1572      816      716     1581
     836     1599     1600      736
     728     1511      628     1502
    1692     1611      849      848
     538     1439      537     1430
    1358     1439      537      538
    1590      726     1591      826
     736     1510      737     1591
    1439     1520      648      647
     839      849     1683     1684
    1447     1448      647      547
     657     1448      647     1447
     657      647     1528     1447
    1528      646     1447      647
    1528      646      647     1519
    1520      737     1519      637
     657     1529     1528      647
     657     1529      647     1448
    1448     1529      647      648
    1519      637     1438      647
     638     1440      538     1439
    1520     1511      637      638
     810      909     1657      809
     828     1673      838     1592
     647     1529      747     1520
     647      747     1528     1519
     846     1599     1608      746
    1689      846      856     1690
    1338      515     1419      525
    1601      847      747     1600
    1600      737      747     1601
    1600      737     1519      747
    1601      847     1610      747
     836     1591     1672      826
    1529      747     1610      757
     640      730     1513      630
    1671      926     1672      936
     608      607     1493     1412
     736     1590      726     1591
    1581      716     1582      816
     836     1590      826     1671
     825     1671      826     1590
     749     1612     1531      759
    1519      746     1518      736
    1583     1582      717      817
    1602      739     1593      738
    1527      746      745     1518
     746     1527      646     1518
    1591     1600      837      737
    1608     1599      745      746
     859     1702      959     1693
     847      846     1609     1600
    1609      856     1618      756
     836     1600      837     1591
    1600     1599      746      736
    1590     1599      736      735
     735     1509      736     1590
    1591      836     1600      736
     835     1599     1590      735
    1589      735      835     1590
     746     1599     1518      736
    1600      746     1519      736
     828     1674      829     1593
    1581     1500      726      716
     706     1572     1573      716
     736     1509     1510      726
     736     1509      726     1590
    1590      725     1509      726
     706     1492      606     1491
    1429     1420      626      526
     716     1500      726     1501
     310     1252      409      410
    1608      746      745     1527
     757     1609     1618      756
     847      857     1610     1609
    1609      756      757     1528
     846      856     1609     1608
     746      846     1609     1608
    1609      856      756     1608
     746     1609      756     1608
    1680      846      845     1689
    1689     1608      856      846
     839     1593     1602      739
    1680      946      936     1681
     857      856     1618     1609
    1609     1690      856      846
     847     1690     1609      846
     935     1680      945      936
     947     1682      937     1681
    1682     1681      837      937
    1673      837      838     1592
     836     1600      846     1681
    1680      946     1681      846
     946     1690     1681      846
     846     1600      847     1681
    1681     1600      847      837
    1573      807     1654      806
     836     1600     1681      837
    1603     1684      839      840
    1672      836     1681      837
     926      935     1671      925
    1673      837     1682      838
     837     1672     1591      827
     840     1684      940      850
    1682      838      837     1601
    1671      826     1672      926
     836     1591      837     1672
     825      815     1662     1661
     946      947      937     1681
     956      946     1690      947
    1690      847      947     1681
     737      738     1511     1520
    1169      217      317     1178
     956      947     1690      957
    1690     1681      947      946
     936     1672      937      927
    1691      847     1682      947
     847     1681      837     1682
     947      847     1682     1681
    1673      837      937     1682
    1522      739     1603      749
     948     1692      949     1683
    1610      858      848     1611
     608      707      708     1493
     847      848     1682     1601
    1690      847     1691      947
    1603      749      849     1612
     739     1602     1603      749
    1692      849     1683      848
     820      920     1666     1657
    1593      828     1592      728
     847      848     1691     1682
     847     1610     1691      848
    1610      858     1691      848
    1691      858     1692      848
     649     1450     1531      650
     957     1691      958      948
     958     1691     1692      948
    1692      848      948     1691
    1691      848      948     1682
     948      848     1683     1682
    1692      848     1683      948
     859      849     1692     1611
     839      739     1602     1603
     320     1261      319     1252
     958     1692      949      948
     859     1693      849     1612
    1603     1612      850      750
    1531      760      759     1612
     950     1693      960      860
    1684      949      950     1693
     748     1611     1602      749
    1684      850     1693      950
     950      850     1693      860
     850     1612     1693      860
     760     1612      850      860
     828      928     1673     1664
     938     1683      939     1674
     760     1540      660     1531
     760     1540     1531      759
    1450      660      659     1531
     649     1450      659     1531
    1530      649      659     1531
     737     1592      738     1601
    1520      748      738     1521
     750      760     1531     1612
    1520      748     1601      738
    1602      738      748     1521
     750      650     1522     1531
    1610     1611      848      748
    1603      750     1522      749
     648      748     1521     1530
     648     1529      748     1530
     648     1529     1520      748
     747      748     1520     1529
     747     1601     1520      748
     838     1593      738     1602
     947      938      937     1682
     648      748     1520     1521
     838     1601      848     1602
    1602     1601      848      748
     848      748     1611     1602
     848     1602     1611      849
    1683     1602      848      849
    1683      838      848     1602
     748      749     1521     1530
     748     1611      749     1530
    1512      638      738     1521
    1512      638     1511      738
     839     1602      849     1603
    1683      838     1602      839
    1585      719      720     1576
    1684      950      949      940
     938     1682     1683      838
     819     1666     1657      820
    1663     1672      826      926
     710      620      610     1495
    1582     1663      816      817
     838     1593     1592      738
     739     1521     1512      738
    1522      739     1513      740
    1522     1603      739      740
     739      639     1522     1513
    1512      639      739     1513
     739      729     1512     1513
    1593      729     1512      739
    1673      937      938     1682
    1512      639     1521      739
    1521      639     1522      739
     749     1521     1522      739
     840      850      750     1603
     839     1594     1593      739
    1594      729     1593      739
    1513      739      729     1594
    1684      940      939     1675
    1603      839      739     1594
     740      840      750     1603
    1674     1683      939      839
     806      816     1573     1572
    1675     1666      930      929
     818     1656      819     1665
     820      910      920     1657
    1665     1666      819      829
    1674      839     1593      838
    1674     1683      839      838
    1675     1684      940      840
     908      907      917     1655
     938     1683     1674      838
     918      928      919     1665
    1493      718      717     1574
     830      829     1585     1666
     929      938      939     1674
     927      926     1663      917
     806     1653     1654      816
     928      937      938     1673
    1675      939     1684      839
     939     1683     1684      839
     939      948      949     1683
    1684      949     1683      939
     938      948      939     1683
     928      938      929     1674
    1502      618      628     1503
     710      810      720     1576
    1657      919      819     1656
    1675      839     1594      829
     930      940      840     1675
    1584     1665      819      829
    1422     1421      628      528
     717     1582     1573      817
     740     1594      730      830
    1585     1594      729      829
     720     1576      820     1585
    1675      930      939      929
    1675      940      939      930
    1575     1656      819      818
    1583      828     1584      728
    1666      920      929      919
     810      820      720     1576
    1656      918      919     1665
    1584      819     1585      829
     819     1666     1585      829
     740     1594      830      840
     830      930      840     1675
     705     1491      606      605
     840     1594      830     1675
    1666      930      830     1675
    1411      607     1492      606
     830      920      930     1666
    1657      819      919     1666
    1576      819      809     1657
     730     1594      729     1585
    1583      828     1592      827
     709      809     1575      808
     810     1657     1576      809
    1494     1493      608      708
    1495     1504      620      619
    1575      808     1656      818
     520     1414     1423      519
     830      829     1666     1675
    1666     1665      929      829
     929     1675     1666      829
     618     1421      628     1422
    1584      829      729     1593
    1582      817      827     1663
     825     1662     1671      925
     929     1675      829     1674
     829     1594      729     1593
     829      839     1594     1593
    1674      839      829     1593
     829     1665      929     1674
    1675      839      829     1674
     817     1664      827     1663
     519     1413      509     1414
    1653      906     1654      916
     906      907     1654      916
    1665      928      828     1664
     718     1583     1574      818
    1575      819     1576      719
     827     1664     1673      927
    1664      928     1673      927
    1177      227      327     1178
    1575     1576      709      719
     920     1657      919     1666
     530     1423      529     1342
     909     1656     1657      809
    1673      827      837     1592
    1593     1584      828      728
     810      910      820     1657
     819     1656      919     1665
     810     1657      820     1576
     819     1657     1576      820
     918      917     1664     1655
     809     1656      908      909
     819     1666      820     1585
     809      819     1656     1657
     830      820     1666     1585
     820      830      730     1585
     720      820      730     1585
     830      920     1666      820
     909      919     1657     1656
     919      918     1656      909
     815      816     1653     1572
     910      919     1657      909
     926     1671      826     1662
     909      918     1656      908
     926     1662     1663      916
     737     1591     1510      727
    1656      918     1655      908
     918      908      917     1655
    1495     1576      719      709
    1662     1661      925      825
     808     1655     1656      818
    1655      918     1656      818
     926     1671     1662      925
     927     1672     1663      926
     809     1656      808      908
     617     1411     1492      616
    1652      905     1653      915
    1652     1653      815      915
     817     1663      816     1654
     918      917      927     1664
     918     1664      818     1655
     915     1661      925     1662
    1662      815      915     1661
     827      727     1583     1582
     925      915     1662      916
     815     1653     1662      915
    1419     1410      516      616
     816     1653     1654      916
    1575     1574      708      808
     518     1332      508     1331
     526     1338     1419      525
     916     1654     1663      917
     827     1664      927     1663
     806      905     1653      805
     617      607     1492     1411
    1662      915     1653      916
    1653      906      806     1654
     815     1581     1572      715
     706     1492      607      606
    1652     1653      805      815
     906      905     1653      806
    1655      907     1654      807
     906      907      807     1654
     636     1509      626     1510
     815     1653      805     1572
    1575      719      718     1584
     816     1654     1663      916
     717     1582     1583      727
     708      707     1574     1493
     906      807      806     1654
    1664     1673      828      827
     806     1653      816     1572
     416     1248      406     1329
    1329      505      406      506
    1572     1653      805      806
    1571      815     1572      715
    1654      907      917      916
    1583     1592      728      727
     817     1655     1654      807
    1655      907      917     1654
    1348     1347      526      536
    1340      427      428     1259
     707      607      706     1492
     616     1420     1419      626
     517     1421      527     1420
    1573      817      816     1654
     807     1573     1574      707
    1270      430     1351      429
    1662      816     1663      916
    1571      815      805     1572
    1571     1572      805      705
    1502     1511      628      627
     715      615     1491     1490
     719      819     1585     1584
    1411      517      516     1420
     706     1572      705      805
     706      806     1573     1572
     708      807     1574      707
     816     1663      826     1662
    1581      816      826     1662
    1584      828      829     1593
    1665     1674      829      828
    1491      615      605     1490
     815     1581      816     1572
     728     1511     1592      738
    1491      615     1410      605
    1512     1511      728      738
     827     1582     1663      826
    1582      816     1663      826
    1581      816     1582      826
    1581     1582      726      826
    1591      726     1582      826
    1591     1582      827      826
    1512      628      728     1511
     728     1511     1502      727
     717     1583     1502      727
     517      617     1421     1420
     719     1585      729     1584
     719     1494     1495      709
    1347     1338      526      525
    1574     1655      818      817
     808     1655      818     1574
    1665     1664      828      818
    1664     1583      828      818
     828     1583     1584      818
    1665      828     1584      818
    1584     1665      829      828
     928      828     1674     1665
     928     1673     1674      828
    1674     1673      838      828
    1674      828      838     1593
     817     1654      917     1663
    1655     1654      917      817
    1664      917      817     1655
     818     1664      817     1655
     709      808     1575      708
    1413      518      508     1412
     610      609     1414      510
    1574      717     1573      817
    1493     1492      717      617
     715      716     1491     1500
    1338     1337      515      525
     627     1430      527     1429
    1582      716     1501      717
     506      605     1410      505
    1502      618     1503      718
     827      727     1592     1583
     715     1491      705     1490
     705     1491      605     1490
     617     1502     1421      627
     706      716     1573     1492
     425     1337     1338      525
    1349      437     1348      537
    1330     1411      506      507
    1493      607     1492      617
     725     1499      625     1500
     627     1510      727     1511
     717      716     1573     1582
     716      706     1491     1492
     617     1501     1502      627
     726      727     1510     1591
     526     1420     1419      516
     417      517     1339     1330
    1348      436      426     1347
     626     1428     1419      625
     707     1573     1574      717
     517     1421     1340      527
     717     1492     1501      617
    1267      337     1186      336
     737     1592      727     1511
     737     1592     1591      727
     827     1591     1592      727
     508      607      608     1412
     516     1410     1329      506
    1493      717     1502      617
     717     1492      716     1501
    1582      717     1501      727
    1582     1501      726      727
    1501      627     1510      727
    1499      615     1500      715
     725     1499     1500      715
     725      715     1500     1581
    1501      617     1420      627
     726     1501     1510      727
     725     1500      726     1581
    1509     1500      726      725
    1509      625     1500      725
    1420      617     1421      627
     519     1332     1413      518
     616      615     1410     1491
    1420      526     1419      626
     716     1492      616     1501
    1501      617      616     1420
    1582      716      726     1501
    1421     1502      628      627
    1430     1421      628      627
    1350      529      429     1351
    1572      716     1491      715
    1491      715      705     1572
     706     1491      705     1572
    1501     1492      616      617
    1429      626      627     1510
     617      616     1420     1411
     718     1584     1583      818
    1347      525      526     1428
     705     1491      706      606
     616      716     1491     1492
    1500      716     1491      616
    1491     1410      606      605
    1347      526      536     1428
    1095      215      115     1086
    1329      515     1328      505
     405     1329     1328      505
     405     1329      505      406
     405      415     1328     1329
     415      515     1328     1329
     618     1421     1412      617
     507      517     1330     1411
    1501     1420      616      626
    1330     1339      516      517
     616     1411     1492      606
    1175      325     1176      225
    1413     1412      608      618
    1338     1339      516      416
     405      415     1329     1248
    1509      626     1500      625
    1411      616     1420      516
    1422     1421      528      518
     526     1419      626     1428
     526      516     1419     1338
     426     1266     1347      436
    1428      626      636     1509
     636      626     1429     1510
    1500      626     1419      625
    1500      616     1419      626
    1509     1428      626      625
    1494      718     1493      708
     618     1502     1421      617
    1428     1429      636      626
     526      626     1429     1428
     518      418     1332     1331
    1338      526     1339      426
     425     1337      415     1338
    1340     1341      528      518
    1332      408      508     1331
     527      537     1429     1430
     618     1412      608     1493
     509     1413      608      609
    1414     1413      509      609
     125     1095      115     1014
     328     1178      327     1187
     617     1412     1411      517
    1412      607     1493      617
    1332      409      508      408
     710     1576      720     1495
     627      527     1420     1429
     526     1420      527     1429
    1411      607      606      507
     616     1411     1410      516
     516     1411     1410      506
    1277      447      448     1286
     426     1266      425     1347
    1350     1349      528      538
    1338      515     1329      516
     516      515     1329     1410
    1419      515      516     1410
    1267     1266      426      436
    1266      426      326     1267
     709      708     1575     1494
     318     1169      317     1178
     517     1412     1411      507
    1287      358     1296      359
     718     1583      717     1574
    1493      618     1412      617
     630      530     1423     1432
    1495     1494      609      709
     518     1331      508     1412
     718     1584     1503      728
     518     1412     1413      618
     710     1576     1495      709
    1032      145      135     1113
    1413      618      608     1494
     718     1574     1493      708
     718     1584      728     1583
    1502     1583      717      718
    1251      409      309     1252
     609     1413      608     1494
    1261      419      429     1260
     529     1431     1350      528
     528     1431     1350      538
     527     1421      528     1430
     527      528     1349     1430
    1503      628     1422      618
    1502      718      728     1583
     306     1248     1167      305
    1513      730     1504      630
    1575     1584      718      818
    1575      718     1494      708
    1575     1574      718      708
    1495      610      609     1414
     729     1503      719     1584
    1503      729      629     1512
     628      728     1503     1512
     628     1503      629     1512
     720      630     1504      730
     618     1502      628     1421
    1251      419      409     1252
    1585     1504      720      719
     520      620     1414      610
    1493     1502      618      617
    1422     1431      528      628
    1575      719     1494      718
     630      620     1423      530
     530      529     1423     1432
     618      619     1503     1494
    1502     1493      618      718
     718     1493      618     1494
    1493     1502      717      718
     728      729     1503     1512
    1502     1503      628      728
    1350      428     1269      429
     427     1348     1267      426
     518     1331     1412      517
    1421      518     1412      517
    1421     1412      518      618
     529     1431      528     1422
     630     1423      629     1432
    1422      619      519     1423
    1259     1178      327      328
    1342      529      530     1351
    1350      428      438     1269
    1268      427      437     1267
     530      540     1432      630
     520      610     1414      510
    1503      628      629     1422
     629     1431     1422      628
     629     1431      529     1422
     320     1252     1171      310
    1504      629      619     1503
     729     1503     1504      719
    1033      137       37     1034
     320     1252      319     1171
    1171     1090      210      209
     427     1348      437     1267
     618     1422     1503      619
    1206      259      249     1125
     530      529     1432     1351
     719     1503      619     1494
    1585      729     1504      719
     719     1504      619     1503
     609     1494      708      709
     530      620     1423      520
     619      629     1422     1503
     719     1504     1495      619
     510      609     1414      509
    1260     1251      419      418
     618     1413      619     1494
    1414      619     1423      519
    1495      620      610     1414
    1504      730      729     1585
     720      730     1504     1585
     729     1503      629     1504
     630     1504      629     1423
     630      620     1504     1423
     608     1494      708      609
     619     1413      609     1494
     529     1423     1422      519
    1261      420      419     1252
     719     1494      619     1495
     239     1197     1198      249
     710      720      620     1495
     720     1504      620     1495
     610     1495      609      709
     710     1495      610      709
    1177     1176      326      226
     410      420     1333      510
     219     1099     1090      119
    1332      509      508      409
     329     1261     1260      319
     408      507      508     1331
    1090     1099      120      119
    1422      619     1413      519
     206      306     1167      305
    1089      109      208      108
     318     1251     1250      308
      47     1043       48       57
     210      120      110     1090
    1261      419     1260      319
    1170      209      208     1089
     320     1252      310      410
    1341     1260      419      418
     418     1251      318     1260
     519      509     1413     1332
    1413      509      508     1332
     107      106      206     1087
    1033     1024       36       37
     520     1414     1333      510
     308      309     1170     1251
     409     1333      419     1332
     429     1351     1342      430
    1279      449     1288      349
     349      449     1278     1279
    1333      410      409     1252
     409      410     1333      509
    1342      419      429     1261
     419     1333      409     1252
     236     1194     1195      246
    1176      325      315     1257
     318      319     1179     1260
     429     1261     1260      329
    1251     1332      408      409
    1422      519     1341      529
     429      430     1342     1261
    1171     1252      309      310
    1179     1180      329      319
     209      109      208     1089
     309     1252      409      310
    1099      120      220     1090
     308     1169      318     1170
     105     1086     1085      205
    1008      108        9      109
     519     1332      518     1341
     418     1332      408     1251
    1251      409      408      309
     510     1414     1333      509
    1089      209      109     1090
     209     1090      110      109
    1089     1090      109      119
    1089      219     1090      119
    1089      219      209     1090
     529     1342      519     1341
    1251      319     1252      309
     319     1171     1252      309
     420     1333      419     1252
     309      319     1170     1251
     129     1108      229     1099
    1268      328      327     1187
    1341     1332      518      418
     409      509     1333     1332
    1196      248      238     1115
    1341      419     1332      418
     340      330     1270     1189
     330      420     1261      320
    1342      520      519     1333
     329     1270     1261      330
    1342      419     1341      429
     429      529     1342     1351
     319     1251      318     1170
     330      320     1180      230
    1422      518      528     1341
     340      330      430     1270
    1349      437     1358      438
    1342      520     1333      420
    1333     1414      519      509
     520     1414      519     1333
     340      339     1279     1198
     429      430     1261     1270
    1250      417     1249      407
     320      220     1171     1180
     229     1107     1108      129
     319     1179     1170      318
    1333      509      519     1332
     319      419     1251     1252
    1367     1286      447      457
     558     1367      548     1448
    1260      319     1179      329
     319     1260     1251      419
     410      510     1333      509
     530     1342     1351      430
    1270      430     1261      330
    1036      139      149     1035
    1188      328     1179      329
    1366     1285      447      446
      37     1034     1025       38
    1206      348     1197      349
    1126     1125      149      249
     339      329     1269     1188
    1342      420      419     1261
     420      410     1333     1252
     410      420      320     1252
    1359      438     1278      439
     429      419     1341     1260
    1023     1024       36      136
     419     1332      519     1341
    1342      419      519     1341
    1278     1269      438      338
    1180      329      319     1261
    1251     1332      409      419
     140      130     1027       40
    1041      145       45     1032
    1368      459     1287      458
    1338      426      425     1347
    1180      330     1261      320
    1180     1261      319      320
    1180      330      329     1261
     460      459     1288     1369
    1287      349     1206      359
    1342     1333      419      420
     429      529     1341     1342
    1350      529     1341      429
     548     1359      448     1368
    1042      157     1123      147
    1169      208     1088      218
     459      359     1288     1287
     456     1294      457     1285
    1205      258     1206      248
     259     1215     1206      359
     440      530     1351      430
     540      530     1351      440
     338     1188      328     1187
      39      139     1036     1035
      20     1018       29       19
     130       30     1027       40
    1117     1036      140      139
    1197      349     1198      249
     348     1278     1197      349
     258     1215      358     1206
     258     1215     1206      259
     249      349     1206     1197
    1168     1177      316      317
    1287     1296      459      359
    1115      137      138     1106
    1023     1024       26       36
    1297     1288      460      459
    1297      359      360     1288
    1204      347     1205      357
     548     1359     1358      448
    1358     1357      437      537
    1205      258      248     1124
    1198      349     1207      249
    1348     1429      537      536
    1358      437     1349      537
    1297      359     1288      459
    1206     1197      348      248
    1024     1105      127      137
     449     1278     1287      349
    1359     1278      448      449
     458     1286     1367      457
     549      449     1359     1368
     460     1288      450     1369
     350      440      450     1279
     350     1198     1279      349
     350     1279     1288      349
     450     1279     1360      449
     550     1369      450     1360
     150     1045     1126      160
     459     1288     1369      449
     459      449     1369     1368
     460      360      450     1288
     450      360      350     1288
     440      450     1360      540
     450      550     1360      540
    1367      447     1366      457
    1267     1276      337      336
    1365      456     1284      455
    1365     1284      445      455
      28     1026     1017       29
     337     1186      237     1187
    1024      137     1025       37
     547      447     1366     1367
     146     1113     1122      145
     438     1358     1349      538
    1350      438     1349      538
     337     1276      347     1195
    1284      346      446     1275
    1279      439     1278      339
     236      235     1185     1194
     338     1188     1269      328
    1359      538     1358      438
     346     1276      446     1275
    1206      259     1207      249
     449     1278      448     1287
    1368      449      448     1287
    1368      459      449     1287
     459     1287     1288      449
     236     1114      237     1105
    1367     1358      447      448
    1198      339     1197      239
    1126      150      250     1117
    1117      140     1108      139
     228     1097     1178      227
     249      349     1207     1206
    1197     1278      338      339
     349     1278     1197      339
     349      339     1197     1198
     340     1270     1279      339
    1203     1284      345      346
    1260     1179      318      328
     348      338     1197     1278
    1177     1186      327      227
    1125      248      148     1116
     238     1116     1197      239
      39     1036       49     1035
    1197      339     1188      239
     439     1351      539     1350
     439      429     1350     1269
     220      120      210     1090
     339      329     1188     1189
     436     1357      437     1276
     235     1185      225     1104
     438     1358     1359      448
     557      547     1366     1367
     457      456     1285     1366
     356     1285     1284      346
     446     1284     1285      346
     349     1279     1278      339
    1360      440      439     1279
    1359      439      539     1350
     449     1359     1278      439
    1269      438      439     1278
     439      339     1269     1278
    1339     1340      427      527
     445      455     1284     1283
    1359      438      439     1350
     449      439     1279     1360
    1279      440      439     1270
     439      440     1351     1270
    1270      329     1269      339
    1270      329      429     1269
    1360     1351      539      439
    1360      439      539     1359
     449     1359      439     1360
    1360      440     1351      439
    1270      429      439     1269
     447     1277     1358      437
     115      215     1085     1086
     338      328     1269     1268
     516     1339     1420      517
    1277     1358      448      447
     445     1284      345     1283
    1267      336      326     1266
     436      336     1267     1266
    1284      455      355     1283
    1366      546      446     1357
     130     1018      120     1099
     306     1249      307     1168
     227     1186      327     1187
    1196     1277      337      338
     548     1358      547     1367
     438     1358     1277      437
    1268      438     1277      437
    1268      438      338     1277
     438     1358      448     1277
    1448     1367      547      557
     405     1248     1329      406
    1350     1341      428      429
    1269      428     1260      429
     326     1267     1186      336
    1178     1177      317      327
    1269      328     1188      329
     428     1349      438     1268
     338      328     1268     1187
    1269      428      438     1268
     327     1268     1267      427
    1258     1339      427      426
     346     1284      345     1275
     306      316     1248     1249
    1268      328     1259      327
     356     1285      346     1204
     306     1248      405      406
    1285      347      346     1204
     436     1276     1267      336
      30     1018     1027       29
    1197      338      348     1196
    1196     1277      348      347
     348      338     1277     1196
    1286      348     1277      347
    1286     1205      348      347
     348     1206     1205      358
     458      448     1368     1367
     437     1357      447     1276
     146     1032     1033      136
     447     1366      446     1357
    1284      355      345     1283
     458     1286      448     1367
    1376     1367      557      457
     348     1287     1206      358
    1168      316     1167      306
     347      447     1286     1285
     546     1356     1365      446
     445     1365     1356      446
    1259     1268      327      427
     119     1098     1099      129
    1186      226      326     1185
     546     1356      446     1357
     558      557     1367     1448
     558     1367      557     1376
     558      458     1367     1376
     458     1368      558     1367
     548     1358     1367      448
     347     1285     1286      357
     447      457     1286     1285
    1285      457     1286      357
     457     1285      447     1366
     447      446     1285     1276
     447     1285      347     1276
     347      357     1204     1285
     335      336     1275     1266
    1285      357     1204      356
    1293      456     1284      356
     436     1275      336     1266
     337     1276     1195      336
    1285     1294      457      357
    1285     1294      357      356
     456     1294     1285      356
     356      456     1284     1285
    1194      245     1193      345
    1203      345      245     1194
     347      346     1204     1195
    1194     1193      245      235
     337      336     1195     1186
     335     1193     1194      235
    1123      256     1122      246
     138     1025     1026      128
     148     1043     1124      158
    1338      426     1339      416
    1032      145     1031      135
    1023      135     1032       35
    1195     1276      347      346
     415     1248      405     1247
     527     1429      537     1348
     147     1123     1114      247
     526     1429     1348      536
    1268      437      337     1267
    1348      536      537     1357
    1259      318     1178      328
     117      118     1007     1016
    1041      146      156     1122
     108     1007      107     1088
     335     1194     1275      336
     335     1185     1194      336
     236     1185      336     1194
     236     1185     1186      336
     526     1348      426     1347
     526     1429      527     1348
     526      426     1338     1347
     305     1248     1247      405
     517     1339     1420      527
     436      536     1348     1357
    1185     1186      336      326
    1185      326      336     1266
     437      436     1267     1348
    1338      526      516     1339
    1266     1257      325      326
    1266      326      325     1185
     436     1348      437     1357
     436     1347     1348      536
     416      426     1339     1258
    1178      217      317     1177
    1169     1168      307      317
     316     1249     1168      317
     436     1276      437     1267
    1338      415     1257      416
     416     1258     1339      417
    1268     1349      427      428
     206     1086      216     1087
     428     1349      427     1340
     317      417     1249     1250
     527      526     1348     1339
    1339      526     1348      426
     308      208     1169     1170
    1330      506      407      507
     407      507      408     1331
     416      516     1338     1329
    1338      415      416     1329
    1266     1257      326      426
    1257     1266      425      426
     415      315     1248     1247
    1330      416     1339      417
     407     1330      417     1249
     305     1248      405      306
    1014     1095      115      116
     406      416     1330     1249
    1329     1330      406      416
    1329     1330      416      516
     416     1339      516     1330
    1329      506     1330      516
    1329      506      406     1330
     327      326     1258     1267
     407     1250     1331      408
     226     1186     1177      227
     225     1176      215     1095
     307      308      208     1169
     307      306      406     1249
    1186      327      326     1177
     130     1018     1099      129
    1116      248      148     1115
    1259      318      328     1260
     418      318     1259     1260
     106      116     1086     1087
    1259      427      417     1340
    1087      216     1168      217
     428      427     1268     1259
     417     1340      427     1339
    1269      328     1260      428
    1007        8      107        7
    1339     1348      427      426
    1259      328     1268      428
     106     1086      105      205
    1340     1349      427      527
    1331      517     1340      417
    1331     1340      418      417
     307     1168      207      306
     518      418     1331     1340
    1341      428     1260      418
     418     1259      428     1260
    1259      328      428     1260
    1269      328      428     1268
    1268     1349      437      427
    1259     1178      317      327
    1341     1340      428      418
     418     1259     1340      428
    1340      528     1341      428
    1341      528     1350      428
     428      528     1350     1349
    1350     1349      438      428
    1340      528      428     1349
    1017      119      118     1008
     418     1251      408     1250
     230      130      220     1099
     307      406      407     1249
     308     1169     1250      318
     308      407      408     1250
     307     1249      407     1250
    1015      117     1016      127
    1250     1251      408      308
    1095     1086      115      116
    1268     1267      337      327
    1267     1186      337      327
    1259      318      317     1178
     326      325     1176     1257
    1167      315     1248      316
     427     1258      426     1267
    1096     1087      116      117
    1178      218      318     1169
     417     1259     1258      427
    1250      418     1331      408
     146     1032      136     1113
    1250     1169      317      318
    1250      318      317     1259
     417     1250      317     1259
     418     1250      417     1259
     418      318     1250     1259
     418     1251     1250      318
     417      418     1331     1250
     407      417     1331     1250
     307     1250     1169      317
     307     1249     1250      317
     307      308     1169     1250
     116     1006     1005       16
     316      315     1248     1257
    1005      105        6      106
     116     1015     1014      126
    1005       16       15     1014
     326     1177      316     1176
     106     1086      205      206
     326     1176      316     1257
     316     1177      216     1176
     316     1168     1167      216
     237      247     1196     1115
    1258     1259      327      427
    1185      326      325     1176
    1096      226      227     1105
     228      218     1178     1097
     207     1087      206     1168
     315     1167     1176      316
     315     1167      215     1176
    1175      315      215     1176
    1175      325      315     1176
    1176     1167      215      216
     208      207     1169     1088
     327      317     1258     1177
     216     1177     1168      217
    1016       27       17     1015
     416     1258     1257      426
     316     1258     1257      416
    1249      316      416     1258
    1249      416      417     1258
    1249     1258      417      317
     417     1259      317     1258
    1249      316     1258      317
    1104     1185      226      236
    1104      226     1185      225
     226     1176     1185      225
     226     1095     1176      225
    1104     1095      226      225
    1186     1177      326      226
    1095      215     1086      216
     116      216     1086     1087
     116     1095     1086      216
     206      216     1167     1168
    1178     1169      217      218
     207     1087     1168      217
     207     1168      206      306
    1169      207      307     1168
    1169      207     1168      217
    1115      137     1034      138
     238     1197     1188      239
    1015      117       17     1016
    1087     1096      216      217
     216     1087      116     1096
    1095      216      116     1096
     226     1095     1096      216
     226     1096     1177      216
     316     1177     1168      216
     116     1006     1015      117
     128     1098      118     1017
     125     1014     1013       25
      38     1025       28     1026
    1006       17     1015      117
    1097     1088      217      117
     217      227     1177     1178
    1042     1043       47       57
     226      227     1177     1096
     245     1112      145     1113
     227      127     1097     1096
    1015     1096      116      117
     127     1096     1015      117
      38     1026       28       29
      36       37     1024       27
    1005     1004        5      105
    1125      148     1124      158
     218     1169      217     1088
     118     1007      108     1088
      27       26       17     1015
    1180      220     1171      219
     127     1097      128     1106
    1180     1099      220      219
    1043      157      158     1052
      57      157     1051     1042
     117     1006     1007      107
     218     1170      318     1169
     128       28     1026     1017
    1090      120      110     1009
    1113      245      235     1194
     127      117     1097     1096
    1178     1097      217      227
     127     1024       27     1015
    1007      108      107        8
    1006        7        6       16
    1005        6       15       16
    1006       17       16     1015
      35     1023       26       36
      57      157     1043     1052
     246      256     1122     1203
     116     1006       16     1015
     236     1195     1186      237
     116       16     1014     1015
      17        8       18     1007
     106     1005      105     1086
     117     1007     1088      107
     135      125     1022     1023
     128     1097     1016      118
      58       48     1044     1043
     116      115     1014     1005
     119      118     1098     1017
      18     1016     1007      118
     128     1098     1097      118
     117       17     1007     1006
     115     1004     1005      105
      15     1005        5        6
    1014      115       15     1005
    1006     1087      107      117
     116     1087     1006      117
     116     1087      106     1006
    1006     1087      106      107
    1006      106        7      107
    1006      106        6        7
    1006      106     1005        6
     116      106     1005     1006
      48       39       49     1035
      57     1043       58     1052
     337     1186     1195      237
     135      125     1023     1104
    1096      126      226     1105
     245     1112     1113      235
    1097      127      227     1106
     125      115     1013     1014
     115       15     1013     1014
    1006        7       16       17
     226     1105     1186      227
    1195      247     1196      237
    1187      227     1186      237
    1125     1044      148      158
      46     1033       36       37
      26     1015       16       17
    1015       26       16     1014
      26       25       16     1014
    1104      136     1105      126
     126     1014       26     1015
    1195      247      237     1114
    1014     1023      125      126
    1096      126      127     1015
    1041      146     1122      145
    1035      138     1116      148
     237      247     1115     1114
    1104     1105      226      126
     136     1032      135     1113
    1023     1014       26      126
     246      346     1204     1203
      56     1042     1051      156
    1041     1042       56      156
     237      227     1186     1105
     337     1195     1196      237
     146      246     1122     1113
    1104      126     1023      136
     136     1104      236     1113
     236     1195      237     1114
    1096      126     1105      127
     247     1204      347     1205
     246      245     1203     1122
    1023      126       26     1024
     135     1104     1023      136
    1104      236     1105      136
    1104      236      226     1105
     226      236     1186     1105
     146     1032       46     1033
     146     1033     1114      136
     247      257     1205     1124
    1042      157     1051      156
    1042      157      156     1123
     147     1123      247     1124
      19       20     1009       10
      45     1032     1031       35
     146     1042      156     1123
    1204      257     1205      247
    1033      137     1114      136
    1041      145     1032      146
     136      236     1105     1114
    1114      136      236     1113
     246     1114      236     1113
     246      146     1114     1113
     146      136     1114     1113
    1123     1114      246      146
     147     1114      137     1115
     236      246     1195     1114
     238     1106      237     1115
    1034       47      147     1043
    1115      148      147     1124
    1041      146     1032       46
    1041     1032       45       46
      46     1032       45       36
    1041       55       46       45
    1041       55       56       46
      46     1032       36     1033
    1033     1032       36      136
      56       57     1051     1042
    1041      146     1042      156
    1041      146       46     1042
    1196      247      347     1205
    1042       57       47       56
    1042       47       46       56
    1033     1042       47       46
     239     1116     1107      238
    1024     1025      127       27
     237      227     1105     1106
    1042      157      147     1043
     147      157     1123     1124
     146     1042      147     1033
     146     1123      147     1042
     147       47     1042     1043
      20     1018      120       30
    1033     1042      147       47
     146      147     1114     1033
    1033     1114      137      147
     146     1123     1114      147
      46     1033       37       47
     126     1024     1015       26
    1123      257     1204      247
    1123      247     1204      246
     247     1195     1204      246
     246      247     1195     1114
     337      237     1196     1187
    1195     1196      247      347
    1195      247     1204      347
    1035      148     1044       48
    1124      247      147     1115
     147     1114     1115      247
      38     1034       48       47
     149      148     1044     1035
     229     1107     1188      239
     238      138     1116     1107
     127     1025     1016       27
    1024       26       27     1015
    1189     1108      229      239
     129      119     1098     1017
      37     1034       38       47
     247     1196     1115      248
    1124      247     1115      248
     159     1045      149     1044
    1125      248     1124      148
      39     1026      139     1035
     159      149     1125     1044
    1126     1117      250      249
    1035     1026      139      138
     138     1034     1035       38
    1090      120     1009      119
    1045       49      149     1044
     138     1034       38     1025
      19     1008        9     1009
     238      138     1107     1106
     128     1107     1026      138
     129     1018     1099      119
      30     1018       29       20
    1033      137     1024       37
      37      137     1025     1034
     127      137     1106     1025
     139      138     1026     1107
    1024      137      127     1025
    1089      108      208     1088
    1009     1008        9      109
     117     1088     1007      118
     239      139     1107     1116
    1116      248      249     1125
    1187     1196      338      238
      59       49     1044       58
     149     1116     1125      148
    1197      249      239     1116
     149      249     1125     1116
    1196     1197      338      238
     238     1197      338     1188
    1187      238      338     1188
      49     1035      149     1044
    1188      238      239     1107
     127      128     1025     1106
     149      150     1036     1045
     127     1097     1016      128
     238     1115      138     1106
    1107      129      139     1108
     149      139     1036     1117
      48     1043       58       57
     129       29     1027     1018
    1187     1106      237      238
      40     1036     1027      140
     127      128     1016     1025
    1090      110      210      209
     228     1098      128     1107
    1098     1107      229      129
     119     1089      118     1008
     129     1098      128     1017
     139      138     1116     1035
    1098      129      128     1107
     249      250     1198     1117
    1107     1026      139      129
    1026     1027       39      139
    1026       29       39     1027
      49     1036      149     1035
     238      248     1116     1115
     238     1116      138     1115
      39     1035       48       38
     238      248     1197     1116
    1197      249     1116      248
     260      160      250     1126
    1117     1126      150      149
    1045       49     1036      149
    1035     1034       48       38
      39     1026     1035       38
     249     1126     1117      149
      48      148     1044     1043
     249      259     1207     1126
     118     1089      108     1008
    1171      209      210      309
     138     1034     1115      148
    1034      148      147     1115
    1126      259     1207      260
      49       48     1044       58
      48     1035       49     1044
    1126      159     1045      149
     160      159     1045     1126
     228     1188      229     1107
     260     1126      250     1207
     149     1117     1036      150
    1198     1189      239      240
    1126      249      250     1207
     328     1179     1178      228
     250      249     1198     1207
     250     1198      350     1207
     230      229     1099     1180
    1108      140      230      130
    1117      250      240      150
     240     1189     1108      230
     139      140     1108     1027
      60     1045      150      160
      60     1045       50      150
     149     1126      150     1045
     240     1189      239     1108
     129     1026      139     1027
    1117      240      239     1108
     119     1089     1008      109
      40     1027       39       30
    1099      229      219     1180
      40     1036       39     1027
     240      250     1117     1198
     340      250      240     1198
    1117     1116      249      149
    1117     1116      149      139
     239     1116     1117      139
     239     1116      249     1117
     249     1117     1198      239
     139     1027       39     1036
      17        7        8     1007
     219     1098      229     1099
     150       50      140     1036
      40       39     1036       49
      50       40     1036       49
     240      140     1108     1117
     140       50       40     1036
     230     1099      220     1180
     129     1026      128     1107
    1187      238      228     1106
    1017       29     1026      129
    1187     1106      228      227
    1099     1018      120      119
    1017      119       19     1018
    1009        9       19       10
    1099     1108      230      130
     120     1018      130       30
    1017       29      129     1018
     228      238     1188     1107
    1171     1090      209      219
     129     1027     1108      130
    1108     1027      140      130
    1179     1170      318      218
    1097      218     1088      118
     229     1098      228     1107
      17     1016       18       27
      17     1016     1007       18
    1008      118     1007      108
      18        8        9     1008
      18     1016     1017       28
      18     1016       28       27
    1016     1025       28       27
      27     1025       28       37
      28     1025       38       37
    1025      128     1016       28
     229      219     1179     1098
    1179     1098      228      229
    1097      218      217     1088
    1098      119      219     1089
     119     1098      219     1099
     310      210     1171      220
    1098      219      218     1089
    1098     1089      218      118
     109     1009       10        9
     119     1017      129     1018
    1170      208     1169      218
    1098      218     1097      118
     328      228     1178     1187
    1188      228      328     1187
    1187      238     1188      228
     119     1008     1009      109
     228     1098     1097      128
    1018      119       19     1009
    1090      119     1009      109
     230      220      320     1180
    1189      229     1188      239
     219     1171      319     1170
    1179      219      319     1170
    1180      219      319     1179
    1189      229     1108      230
    1189     1180      229      230
    1180      219     1179      229
     329     1180     1179      229
     329      229     1179     1188
     228     1188     1179      229
     329      229     1188     1189
     329     1180      229     1189
     220      130      120     1099
     320      310     1171      220
     219     1171     1170      209
     309     1171      209     1170
     308      309      209     1170
     308      209      208     1170
     208      108      207     1088
    1171      210      310      309
     110     1009       20       10
    1008     1089      108      109
    1008        8        9      108
    1008     1007        8      108
     218      208     1088     1089
     218     1089     1088      118
     218      219     1170     1089
    1179      219     1170      218
    1170      208      218     1089
     109     1009      110       10
    1017       19       29     1018
     119     1089     1098      118
      18     1016      118     1017
     128      118     1016     1017
     228     1179      218     1098
    1179      219      218     1098
     228     1179     1178      218
    1179      218      318     1178
    1017     1008      118       18
      18      118     1007     1008
      18     1007        8     1008
      19       28     1017       29
      18       28     1017       19
    1017     1008       18       19
    1008        9       18       19
    1017      119     1008       19
      19     1018     1009       20
    1009     1018      120       20
     110     1009      120       20
